mtllib materials.mtl
o Defeatured_2F_85_PAD_OPEN_finger2step_Cod_Gray

usemtl Cod_Gray
v -0.06845248490571976 0.09493124485015869 -0.013299999758601189
v -0.06910506635904312 0.09492319077253342 -0.013299999758601189
v -0.0697374939918518 0.09508431702852249 -0.013299999758601189
v -0.0703066736459732 0.09540363401174545 -0.013299999758601189
v -0.07077381014823914 0.09585938602685928 -0.013299999758601189
v -0.07110707461833954 0.09642051160335541 -0.013299999758601189
v -0.0712837502360344 0.09704877436161041 -0.013299999758601189
v -0.07129180431365967 0.09770135581493378 -0.013299999758601189
v -0.0711306780576706 0.09833378344774246 -0.013299999758601189
v -0.07081136107444763 0.09890296310186386 -0.013299999758601189
v -0.0703556090593338 0.09937009960412979 -0.013299999758601189
v -0.06979448348283768 0.0997033640742302 -0.013299999758601189
v -0.06916622072458267 0.09988003969192505 -0.013299999758601189
v -0.06851363927125931 0.09988809376955032 -0.013299999758601189
v -0.06788121163845062 0.09972696751356125 -0.013299999758601189
v -0.06731203198432922 0.09940765053033829 -0.013299999758601189
v -0.0668448954820633 0.09895189851522446 -0.013299999758601189
v -0.06651163101196289 0.09839077293872833 -0.013299999758601189
v -0.06633495539426804 0.09776251018047333 -0.013299999758601189
v -0.06632690131664276 0.09710992872714996 -0.013299999758601189
v -0.06648802757263184 0.09647750109434128 -0.013299999758601189
v -0.0668073445558548 0.09590832144021988 -0.013299999758601189
v -0.06726309657096863 0.09544118493795395 -0.013299999758601189
v -0.06782422214746475 0.09510792046785355 -0.013299999758601189
v -0.06880935281515121 0.09740564227104187 -0.013299999758601189
v -0.06920904666185379 0.10017696768045425 -0.01360000018030405
v -0.06847815215587616 0.10018598288297653 -0.01360000018030405
v -0.06776983290910721 0.10000552982091904 -0.01360000018030405
v -0.06713235378265381 0.0996478870511055 -0.01360000018030405
v -0.06660915911197662 0.09913744777441025 -0.01360000018030405
v -0.06623590737581253 0.09850898385047913 -0.01360000018030405
v -0.06603802740573883 0.09780533611774445 -0.01360000018030405
v -0.06602901220321655 0.09707444161176682 -0.01360000018030405
v -0.06620946526527405 0.09636612236499786 -0.01360000018030405
v -0.06656710803508759 0.09572864323854446 -0.01360000018030405
v -0.06707754731178284 0.09520544856786728 -0.01360000018030405
v -0.06770601123571396 0.09483219683170319 -0.01360000018030405
v -0.06840965896844864 0.09463431686162949 -0.01360000018030405
v -0.06914055347442627 0.09462530165910721 -0.01360000018030405
v -0.06984887272119522 0.0948057547211647 -0.01360000018030405
v -0.07048635184764862 0.09516339004039764 -0.01360000018030405
v -0.0710095465183258 0.09567383676767349 -0.01360000018030405
v -0.0713827982544899 0.09630229324102402 -0.01360000018030405
v -0.0715806782245636 0.0970059484243393 -0.01360000018030405
v -0.07158969342708588 0.09773684293031693 -0.01360000018030405
v -0.07140924036502838 0.09844516217708588 -0.01360000018030405
v -0.07105160504579544 0.09908264130353928 -0.01360000018030405
v -0.07054115831851959 0.09960583597421646 -0.01360000018030405
v -0.06991270184516907 0.09997908771038055 -0.01360000018030405
v -0.056637950241565704 0.056203775107860565 -0.01360000018030405
v -0.06320815533399582 0.05312955006957054 -0.01360000018030405
v -0.06206934154033661 0.0666942298412323 -0.01360000018030405
v -0.06289844959974289 0.06832446902990341 -0.01360000018030405
v -0.056444600224494934 0.056962691247463226 -0.01360000018030405
v -0.06335505098104477 0.07009552419185638 -0.01360000018030405
v -0.06388150155544281 0.052729636430740356 -0.01360000018030405
v -0.05551451817154884 0.05820626765489578 -0.01360000018030405
v -0.060907039791345596 0.06528207659721375 -0.01360000018030405
v -0.04979678988456726 0.056889716535806656 -0.01360000018030405
v -0.04965931549668312 0.055898267775774 -0.01360000018030405
v -0.050680071115493774 0.05549406632781029 -0.01360000018030405
v -0.05070604383945465 0.05315077677369118 -0.01360000018030405
v -0.05146835744380951 0.05250212550163269 -0.01360000018030405
v -0.051803503185510635 0.05349157005548477 -0.01360000018030405
v -0.05641627311706543 0.05466676503419876 -0.01360000018030405
v -0.056016359478235245 0.05399341136217117 -0.01360000018030405
v -0.059268731623888016 0.05155444145202637 -0.01360000018030405
v -0.05545579269528389 0.053446512669324875 -0.01360000018030405
v -0.05477277934551239 0.05306332930922508 -0.01360000018030405
v -0.05905672162771225 0.05080052837729454 -0.01360000018030405
v -0.066070057451725 0.1003204807639122 -0.01360000018030405
v -0.0752427875995636 0.09647778421640396 -0.01360000018030405
v -0.054841164499521255 0.058606185019016266 -0.01360000018030405
v -0.07525566965341568 0.09752191603183746 -0.01360000018030405
v -0.050689730793237686 0.056277163326740265 -0.01360000018030405
v -0.050873417407274246 0.054735150188207626 -0.01360000018030405
v -0.04977228865027428 0.054903727024793625 -0.01360000018030405
v -0.05012863501906395 0.05396837368607521 -0.01360000018030405
v -0.05125660076737404 0.05405213683843613 -0.01360000018030405
v -0.052476853132247925 0.05309165641665459 -0.01360000018030405
v -0.0596686489880085 0.052227795124053955 -0.01360000018030405
v -0.060229215770959854 0.05277469754219055 -0.01360000018030405
v -0.060912229120731354 0.053157877177000046 -0.01360000018030405
v -0.056628286838531494 0.05542067810893059 -0.01360000018030405
v -0.059623587876558304 0.0485755018889904 -0.01360000018030405
v -0.05924040824174881 0.0492585152387619 -0.01360000018030405
v -0.05401386693120003 0.05286998301744461 -0.01360000018030405
v -0.06084384024143219 0.04761502146720886 -0.01360000018030405
v -0.0601704902946949 0.048014938831329346 -0.01360000018030405
v -0.059835344552993774 0.047025490552186966 -0.01360000018030405
v -0.06760603189468384 0.10122035443782806 -0.01360000018030405
v -0.06678735464811325 0.10085694491863251 -0.01360000018030405
v -0.06507663428783417 0.0988432839512825 -0.01360000018030405
v -0.06485031545162201 0.09797663241624832 -0.01360000018030405
v -0.05606142058968544 0.057645704597234726 -0.01360000018030405
v -0.05254523828625679 0.05863451212644577 -0.01360000018030405
v -0.05330415442585945 0.05882785841822624 -0.01360000018030405
v -0.0594666451215744 0.0641549751162529 -0.01360000018030405
v -0.05323076620697975 0.05287964269518852 -0.01360000018030405
v -0.05904705822467804 0.05001743137836456 -0.01360000018030405
v -0.05665900930762291 0.05584891885519028 -0.01360000018030405
v -0.060611650347709656 0.046630680561065674 -0.01360000018030405
v -0.06145500764250755 0.046413250267505646 -0.01360000018030405
v -0.061597757041454315 0.0474030077457428 -0.01360000018030405
v -0.06238085404038429 0.047393348067998886 -0.01360000018030405
v -0.06848505884408951 0.1013924777507782 -0.01360000018030405
v -0.06549012660980225 0.09963784366846085 -0.01360000018030405
v -0.06455278396606445 0.09591364115476608 -0.01360000018030405
v -0.06845942884683609 0.04944442957639694 -0.01360000018030405
v -0.0644284039735794 0.052169069647789 -0.01360000018030405
v -0.05408725142478943 0.05881819874048233 -0.01360000018030405
v -0.07499787211418152 0.09853380173444748 -0.01360000018030405
v -0.05155159533023834 0.05924874171614647 -0.01360000018030405
v -0.050773508846759796 0.058619096875190735 -0.01360000018030405
v -0.051301661878824234 0.05770442634820938 -0.01360000018030405
v -0.05090174451470375 0.05703107640147209 -0.01360000018030405
v -0.06392940878868103 0.04605638235807419 -0.01360000018030405
v -0.06382278352975845 0.04796987771987915 -0.01360000018030405
v -0.06313976645469666 0.04758669435977936 -0.01360000018030405
v -0.06689610332250595 0.046812206506729126 -0.01360000018030405
v -0.06764353066682816 0.047541409730911255 -0.01360000018030405
v -0.0647832602262497 0.049190130084753036 -0.01360000018030405
v -0.0681767463684082 0.04843921214342117 -0.01360000018030405
v -0.06499527394771576 0.04994404315948486 -0.01360000018030405
v -0.06451195478439331 0.09530983120203018 -0.01360000018030405
v -0.05186222493648529 0.05825132876634598 -0.01360000018030405
v -0.05017610639333725 0.05781599134206772 -0.01360000018030405
v -0.061671141535043716 0.053351227194070816 -0.01360000018030405
v -0.062454238533973694 0.053341563791036606 -0.01360000018030405
v -0.06497353315353394 0.04604350030422211 -0.01360000018030405
v -0.06598541885614395 0.04630129784345627 -0.01360000018030405
v -0.06438334286212921 0.04851678013801575 -0.01360000018030405
v -0.07185474038124084 0.10100781172513962 -0.01360000018030405
v -0.06938034296035767 0.10136467963457108 -0.01360000018030405
v -0.06456268578767776 0.09470676630735397 -0.01360000018030405
v -0.06570081412792206 0.087033711373806 -0.01360000018030405
v -0.06561507284641266 0.08576570451259613 -0.01360000018030405
v -0.06559427082538605 0.08830013871192932 -0.01360000018030405
v -0.0648115873336792 0.0514860562980175 -0.01360000018030405
v -0.07375776022672653 0.10019190609455109 -0.01360000018030405
v -0.07285995781421661 0.10072512924671173 -0.01360000018030405
v -0.06500493735074997 0.05072714388370514 -0.01360000018030405
v -0.07448696345090866 0.09944448620080948 -0.01360000018030405
v -0.06517458707094193 0.0858292356133461 -0.013549855910241604
v -0.06510501354932785 0.08583926409482956 -0.013525260612368584
v -0.06475619226694107 0.08588957786560059 -0.013401937671005726
v -0.06515488773584366 0.08822938799858093 -0.013549855910241604
v -0.06463119387626648 0.08590760082006454 -0.013322587125003338
v -0.06438086181879044 0.08594370633363724 -0.013163662515580654
v -0.06473754346370697 0.08816219121217728 -0.013401937671005726
v -0.06422413885593414 0.0859663113951683 -0.01300532091408968
v -0.06406742334365845 0.08598891645669937 -0.012846979312598705
v -0.06436315178871155 0.08810190111398697 -0.013163662515580654
v -0.06391012668609619 0.08601159602403641 -0.012594053521752357
v -0.06383158266544342 0.08602292835712433 -0.012467767111957073
v -0.06405049562454224 0.08805155754089355 -0.012846979312598705
v -0.06370952725410461 0.08604053407907486 -0.01211533136665821
v -0.06368518620729446 0.08604404330253601 -0.012045041657984257
v -0.06381525099277496 0.0880136787891388 -0.012467767111957073
v -0.06363555043935776 0.08605119585990906 -0.011599999852478504
v -0.06370087713003159 0.08701729774475098 -0.011599999852478504
v -0.06366921216249466 0.0879901647567749 -0.012045041657984257
v -0.0636197030544281 0.0879821926355362 -0.011599999852478504
v -0.06375101953744888 0.08701770752668381 -0.012045041657984257
v -0.06389893591403961 0.0870189219713211 -0.012467767111957073
v -0.06413719803094864 0.0870208814740181 -0.012846979312598705
v -0.06445387005805969 0.08702347427606583 -0.013163662515580654
v -0.06483307480812073 0.08702658861875534 -0.013401937671005726
v -0.0652557834982872 0.08703006058931351 -0.013549855910241604
v -0.06137552857398987 0.07038101553916931 -0.011599999852478504
v -0.061425160616636276 0.07037386298179626 -0.012045041657984257
v -0.061449505388736725 0.07037034630775452 -0.01211533136665821
v -0.06157156452536583 0.07035274803638458 -0.012467767111957073
v -0.06180739775300026 0.07031872868537903 -0.012846979312598705
v -0.061650101095438004 0.07034141570329666 -0.012594053521752357
v -0.062120839953422546 0.07027352601289749 -0.013163662515580654
v -0.06196412071585655 0.07029613107442856 -0.01300532091408968
v -0.06249616667628288 0.07021939754486084 -0.013401937671005726
v -0.06237117573618889 0.0702374204993248 -0.013322587125003338
v -0.06284499168395996 0.07016908377408981 -0.013525260612368584
v -0.06291456520557404 0.07015904784202576 -0.013549855910241604
v -0.06258811801671982 0.09438882768154144 -0.011599999852478504
v -0.06263762712478638 0.09439679980278015 -0.012045041657984257
v -0.06278366595506668 0.09442031383514404 -0.012467767111957073
v -0.06301891058683395 0.0944581925868988 -0.012846979312598705
v -0.06333156675100327 0.09450853615999222 -0.013163662515580654
v -0.06370595097541809 0.09456881880760193 -0.013401937671005726
v -0.06412330269813538 0.09463602304458618 -0.013549855910241604
v -0.06370087713003159 0.08701729774475098 -0.009200000204145908
v -0.06363555043935776 0.08605119585990906 -0.009200000204145908
v -0.0636197030544281 0.0879821926355362 -0.009200000204145908
v -0.05923217535018921 0.06453324109315872 -0.013549855910241604
v -0.05900945886969566 0.06489253789186478 -0.013401937671005726
v -0.05880966782569885 0.0652148500084877 -0.013163662515580654
v -0.05864282324910164 0.06548401713371277 -0.012846979312598705
v -0.05851728841662407 0.06568653881549835 -0.012467767111957073
v -0.058439355343580246 0.06581226736307144 -0.012045041657984257
v -0.05841293931007385 0.06585488468408585 -0.011599999852478504
v -0.059510380029678345 0.06671363115310669 -0.011599999852478504
v -0.060395944863557816 0.06778955459594727 -0.011599999852478504
v -0.061027642339468 0.06903164833784103 -0.011599999852478504
v -0.061074547469615936 0.06901391595602036 -0.012045041657984257
v -0.06121291220188141 0.06896161288022995 -0.012467767111957073
v -0.06143579259514809 0.06887736171483994 -0.012846979312598705
v -0.06173202022910118 0.06876538693904877 -0.013163662515580654
v -0.06208673492074013 0.06863130629062653 -0.013401937671005726
v -0.06248215213418007 0.06848183274269104 -0.013549855910241604
v -0.060437899082899094 0.067762091755867 -0.012045041657984257
v -0.060561660677194595 0.06768108159303665 -0.012467767111957073
v -0.06076102703809738 0.06755059212446213 -0.012846979312598705
v -0.06102599576115608 0.06737715005874634 -0.013163662515580654
v -0.06134328246116638 0.06716947257518768 -0.013401937671005726
v -0.06169697642326355 0.06693796068429947 -0.013549855910241604
v -0.05954539775848389 0.06667774170637131 -0.012045041657984257
v -0.05964869260787964 0.06657186150550842 -0.012467767111957073
v -0.05981509014964104 0.06640131026506424 -0.012846979312598705
v -0.06003623828291893 0.06617464125156403 -0.013163662515580654
v -0.060301054269075394 0.0659032091498375 -0.013401937671005726
v -0.06059625372290611 0.06560063362121582 -0.013549855910241604
v -0.06262289732694626 0.09619197994470596 -0.012045041657984257
v -0.06257326155900955 0.0961991399526596 -0.011599999852478504
v -0.06251202523708344 0.09529341757297516 -0.011599999852478504
v -0.06264723837375641 0.09618847072124481 -0.01211533136665821
v -0.06276930123567581 0.09617086499929428 -0.012467767111957073
v -0.06284783780574799 0.09615954011678696 -0.012594053521752357
v -0.06300513446331024 0.09613685309886932 -0.012846979312598705
v -0.06316185742616653 0.09611424803733826 -0.01300532091408968
v -0.06331857293844223 0.09609164297580719 -0.013163662515580654
v -0.06356891244649887 0.0960555374622345 -0.013322587125003338
v -0.06369390338659286 0.09603751450777054 -0.013401937671005726
v -0.06404273211956024 0.09598720818758011 -0.013525260612368584
v -0.06411229819059372 0.09597717225551605 -0.013549855910241604
v -0.06406692415475845 0.09530618041753769 -0.013549855910241604
v -0.06364421546459198 0.09530270844697952 -0.013401937671005726
v -0.06326501816511154 0.09529959410429001 -0.013163662515580654
v -0.06294834613800049 0.09529700130224228 -0.012846979312598705
v -0.06271007657051086 0.09529504179954529 -0.012467767111957073
v -0.06256216764450073 0.09529382735490799 -0.012045041657984257
v -0.050497885793447495 0.060948655009269714 -0.011599999852478504
v -0.050524305552244186 0.06090603396296501 -0.012045041657984257
v -0.05060223489999771 0.06078030914068222 -0.012467767111957073
v -0.05072776973247528 0.06057778745889664 -0.012846979312598705
v -0.05089461803436279 0.06030862033367157 -0.013163662515580654
v -0.051094405353069305 0.059986308217048645 -0.013401937671005726
v -0.05131712183356285 0.05962700769305229 -0.013549855910241604
v -0.06293825060129166 0.09825240075588226 -0.012117638252675533
v -0.0628708004951477 0.09826212376356125 -0.011599999852478504
v -0.06313600391149521 0.09822387993335724 -0.012600000016391277
v -0.06345058232545853 0.09817850589752197 -0.013014213182032108
v -0.06386055797338486 0.09811937808990479 -0.01333205122500658
v -0.06433797627687454 0.09805051982402802 -0.013531851582229137
v -0.06258811801671982 0.09438882768154144 -0.009100000374019146
v -0.06251202523708344 0.09529341757297516 -0.009100000374019146
v -0.06257326155900955 0.0961991399526596 -0.009100000374019146
v -0.06307440996170044 0.09136874228715897 -0.009200000204145908
v -0.06294221431016922 0.0921897441148758 -0.009100000374019146
v -0.0628708004951477 0.09826212376356125 -0.009100000374019146
v -0.06965611129999161 0.10327674448490143 -0.012117638252675533
v -0.0696658343076706 0.10334419459104538 -0.011599999852478504
v -0.06832291185855865 0.10338588804006577 -0.011599999852478504
v -0.06810367107391357 0.10334295779466629 -0.011599999852478504
v -0.0665954202413559 0.10294617712497711 -0.011599999852478504
v -0.06700437515974045 0.10312771052122116 -0.011599999852478504
v -0.06523837894201279 0.10218024998903275 -0.011599999852478504
v -0.06577634811401367 0.10258260369300842 -0.011599999852478504
v -0.0647004097700119 0.10177789628505707 -0.011599999852478504
v -0.06412021070718765 0.10109494626522064 -0.011599999852478504
v -0.06331340968608856 0.0997602790594101 -0.011599999852478504
v -0.06383051723241806 0.10075394809246063 -0.011599999852478504
v -0.06321027874946594 0.09956210851669312 -0.011599999852478504
v -0.06962759047746658 0.10307899117469788 -0.012600000016391277
v -0.06958221644163132 0.10276441276073456 -0.013014213182032108
v -0.06952308863401413 0.10235443711280823 -0.01333205122500658
v -0.06945423781871796 0.10187701880931854 -0.013531851582229137
v -0.06702487915754318 0.1030627191066742 -0.012117638252675533
v -0.06581079959869385 0.1025238037109375 -0.012117638252675533
v -0.06474708020687103 0.10172823816537857 -0.012117638252675533
v -0.06327386945486069 0.09953761100769043 -0.012117638252675533
v -0.0650605857372284 0.09992671757936478 -0.013531851582229137
v -0.06571556627750397 0.10069768875837326 -0.013531851582229137
v -0.06466031819581985 0.10019589960575104 -0.01333205122500658
v -0.06538523733615875 0.10104918479919434 -0.01333205122500658
v -0.06431660056114197 0.1004270538687706 -0.013014213182032108
v -0.06510157138109207 0.10135103017091751 -0.013014213182032108
v -0.06405285745859146 0.10060442239046097 -0.012600000016391277
v -0.06488391011953354 0.10158263891935349 -0.012600000016391277
v -0.06388706713914871 0.10071592032909393 -0.012117638252675533
v -0.06459358334541321 0.09902932494878769 -0.013531851582229137
v -0.06414345651865005 0.09920269250869751 -0.01333205122500658
v -0.06375692039728165 0.09935157001018524 -0.013014213182032108
v -0.0634603202342987 0.09946580231189728 -0.012600000016391277
v -0.06591179966926575 0.10235140472650528 -0.012600000016391277
v -0.06607246398925781 0.1020771712064743 -0.013014213182032108
v -0.06628185510635376 0.10171977430582047 -0.01333205122500658
v -0.06652568280696869 0.1013035774230957 -0.013531851582229137
v -0.06708498299121857 0.10287217050790787 -0.012600000016391277
v -0.06718059629201889 0.10256905853748322 -0.013014213182032108
v -0.06730520725250244 0.10217402875423431 -0.01333205122500658
v -0.06745031476020813 0.10171401500701904 -0.013531851582229137
v -0.06832843273878098 0.10331796854734421 -0.012117638252675533
v -0.06834463775157928 0.10311882197856903 -0.012600000016391277
v -0.06837040185928345 0.10280203074216843 -0.013014213182032108
v -0.06840398162603378 0.10238917917013168 -0.01333205122500658
v -0.06844308972358704 0.10190840810537338 -0.013531851582229137
v -0.06329482048749924 0.0997699499130249 -0.009100000374019146
v -0.0640946552157402 0.10111665725708008 -0.009100000374019146
v -0.06521578878164291 0.10221046209335327 -0.009100000374019146
v -0.06658181548118591 0.10297682136297226 -0.009100000374019146
v -0.06809964030981064 0.1033635213971138 -0.009100000374019146
v -0.0696658343076706 0.10334419459104538 -0.009100000374019146
v -0.07214023917913437 0.10298732668161392 -0.011599999852478504
v -0.07213050872087479 0.10291987657546997 -0.012117638252675533
v -0.07210198789834976 0.10272212326526642 -0.012600000016391277
v -0.0720566138625145 0.1024075374007225 -0.013014213182032108
v -0.07199748605489731 0.10199756920337677 -0.01333205122500658
v -0.07192863523960114 0.10152014344930649 -0.013531851582229137
v -0.07214023917913437 0.10298732668161392 -0.009100000374019146
v -0.07715485244989395 0.09620201587677002 -0.012117638252675533
v -0.0772223025560379 0.09619228541851044 -0.011599999852478504
v -0.07724162936210632 0.09775848686695099 -0.011599999852478504
v -0.07685492932796478 0.09927631169557571 -0.011599999852478504
v -0.0760885700583458 0.10064233839511871 -0.011599999852478504
v -0.0749947652220726 0.10176347196102142 -0.011599999852478504
v -0.07364806532859802 0.1025632992386818 -0.011599999852478504
v -0.0769570991396904 0.09623053669929504 -0.012600000016391277
v -0.07664252072572708 0.09627591073513031 -0.013014213182032108
v -0.07623254507780075 0.0963350385427475 -0.01333205122500658
v -0.07575512677431107 0.09640388935804367 -0.013531851582229137
v -0.0730639323592186 0.1012008786201477 -0.013531851582229137
v -0.07325401157140732 0.10164421796798706 -0.01333205122500658
v -0.07341723144054413 0.10202491283416748 -0.013014213182032108
v -0.07354247570037842 0.10231703519821167 -0.012600000016391277
v -0.07362120598554611 0.10250066965818405 -0.012117638252675533
v -0.07407791912555695 0.10059865564107895 -0.013531851582229137
v -0.07437626272439957 0.10097768902778625 -0.01333205122500658
v -0.07463245838880539 0.10130316764116287 -0.013014213182032108
v -0.07482904195785522 0.10155291855335236 -0.012600000016391277
v -0.0749526172876358 0.10170991718769073 -0.012117638252675533
v -0.07490149140357971 0.09975451231002808 -0.013531851582229137
v -0.07528776675462723 0.1000434085726738 -0.01333205122500658
v -0.07561946660280228 0.10029149800539017 -0.013014213182032108
v -0.07587399333715439 0.10048186033964157 -0.012600000016391277
v -0.07603399455547333 0.10060152411460876 -0.012117638252675533
v -0.07547851651906967 0.09872597455978394 -0.013531851582229137
v -0.07592640072107315 0.0989050567150116 -0.01333205122500658
v -0.07631101459264755 0.0990588366985321 -0.013014213182032108
v -0.0766061320900917 0.09917683899402618 -0.012600000016391277
v -0.07679165154695511 0.09925100952386856 -0.012117638252675533
v -0.07576967030763626 0.09758314490318298 -0.013531851582229137
v -0.0762486532330513 0.09764020144939423 -0.01333205122500658
v -0.07665995508432388 0.0976891964673996 -0.013014213182032108
v -0.07697556167840958 0.09772679209709167 -0.012600000016391277
v -0.07717395573854446 0.09775042533874512 -0.012117638252675533
v -0.07179860025644302 0.09011050313711166 -0.009200000204145908
v -0.07191190868616104 0.09089609980583191 -0.009100000374019146
v -0.0705101266503334 0.08117666095495224 -0.009200000204145908
v -0.06308693438768387 0.08224726468324661 -0.009200000204145908
v -0.06296870857477188 0.08142752945423126 -0.009090962819755077
v -0.06285853683948517 0.08066365122795105 -0.008771281689405441
v -0.07039190083742142 0.08035692572593689 -0.009090962819755077
v -0.06276392936706543 0.08000770211219788 -0.00826274137943983
v -0.0702817291021347 0.07959304749965668 -0.008771281689405441
v -0.0626913383603096 0.07950436323881149 -0.007600000128149986
v -0.07018712908029556 0.0789370909333229 -0.00826274137943983
v -0.06264570355415344 0.07918795943260193 -0.0068282210268080235
v -0.07011453062295914 0.07843375951051712 -0.007600000128149986
v -0.06263013929128647 0.07908003777265549 -0.006000000052154064
v -0.07006889581680298 0.07811735570430756 -0.0068282210268080235
v -0.070053331553936 0.07800943404436111 -0.006000000052154064
v -0.06263013929128647 0.07908003777265549 0.006000000052154064
v -0.070053331553936 0.07800943404436111 0.006000000052154064
v -0.06264570355415344 0.07918795943260193 0.0068282210268080235
v -0.0626913383603096 0.07950436323881149 0.007600000128149986
v -0.07006889581680298 0.07811735570430756 0.0068282210268080235
v -0.06276392936706543 0.08000770211219788 0.00826274137943983
v -0.07011453062295914 0.07843375951051712 0.007600000128149986
v -0.06285853683948517 0.08066365122795105 0.008771281689405441
v -0.07018712908029556 0.0789370909333229 0.00826274137943983
v -0.06296870857477188 0.08142752945423126 0.009090962819755077
v -0.0702817291021347 0.07959304749965668 0.008771281689405441
v -0.06308693438768387 0.08224726468324661 0.009200000204145908
v -0.07039190083742142 0.08035692572593689 0.009090962819755077
v -0.0705101266503334 0.08117666095495224 0.009200000204145908
v -0.049330759793519974 0.060004185885190964 -0.011599999852478504
v -0.048434652388095856 0.05879952758550644 -0.011599999852478504
v -0.04786567762494087 0.057410113513469696 -0.011599999852478504
v -0.04765946790575981 0.055922940373420715 -0.011599999852478504
v -0.047828927636146545 0.05443113297224045 -0.011599999852478504
v -0.048363447189331055 0.05302810296416283 -0.011599999852478504
v -0.04922955855727196 0.05180170387029648 -0.011599999852478504
v -0.050373028963804245 0.0508287288248539 -0.011599999852478504
v -0.050413962453603745 0.05089126154780388 -0.01211533136665821
v -0.050400491803884506 0.050870683044195175 -0.012045041657984257
v -0.05052495747804642 0.051060840487480164 -0.012594053521752357
v -0.05048150196671486 0.05099444463849068 -0.012467767111957073
v -0.05069871246814728 0.051326293498277664 -0.01300532091408968
v -0.05061199516057968 0.05119381099939346 -0.012846979312598705
v -0.05092395097017288 0.05167040228843689 -0.013322587125003338
v -0.050785429775714874 0.051458779722452164 -0.013163662515580654
v -0.051186129450798035 0.05207094922661781 -0.013525260612368584
v -0.05099311098456383 0.05177606642246246 -0.013401937671005726
v -0.05122462287545204 0.05212976038455963 -0.013549855910241604
v -0.0503774955868721 0.05285057798027992 -0.013549855910241604
v -0.049735844135284424 0.053759146481752396 -0.013549855910241604
v -0.04933984950184822 0.054798565804958344 -0.013549855910241604
v -0.049214307218790054 0.055903758853673935 -0.013549855910241604
v -0.04936707764863968 0.057005513459444046 -0.013549855910241604
v -0.049788594245910645 0.05803484842181206 -0.013549855910241604
v -0.05045246705412865 0.05892730876803398 -0.013549855910241604
v -0.05006542056798935 0.05256543681025505 -0.013401937671005726
v -0.049362748861312866 0.05356040596961975 -0.013401937671005726
v -0.04892909526824951 0.054698675870895386 -0.013401937671005726
v -0.048791613429784775 0.05590897426009178 -0.013401937671005726
v -0.0489589124917984 0.05711550638079643 -0.013401937671005726
v -0.049420516937971115 0.058242734521627426 -0.013401937671005726
v -0.05014752224087715 0.05922006443142891 -0.013401937671005726
v -0.049785468727350235 0.05230964347720146 -0.013163662515580654
v -0.04902805760502815 0.05338212475180626 -0.013163662515580654
v -0.048560623079538345 0.05460907146334648 -0.013163662515580654
v -0.04841243103146553 0.05591364949941635 -0.013163662515580654
v -0.048592761158943176 0.05721417814493179 -0.013163662515580654
v -0.04909032583236694 0.05842921882867813 -0.013163662515580654
v -0.049873966723680496 0.05948268622159958 -0.013163662515580654
v -0.04955168068408966 0.05209602788090706 -0.012846979312598705
v -0.04874855652451515 0.05323323979973793 -0.012846979312598705
v -0.048252906650304794 0.05453423783183098 -0.012846979312598705
v -0.04809577018022537 0.05591755732893944 -0.012846979312598705
v -0.048286985605955124 0.05729657784104347 -0.012846979312598705
v -0.04881458356976509 0.05858495086431503 -0.012846979312598705
v -0.049645520746707916 0.05970200523734093 -0.012846979312598705
v -0.04937577620148659 0.05193530395627022 -0.012467767111957073
v -0.04853825643658638 0.05312122032046318 -0.012467767111957073
v -0.048021379858255386 0.054477933794260025 -0.012467767111957073
v -0.047857511788606644 0.055920496582984924 -0.012467767111957073
v -0.04805691912770271 0.057358577847480774 -0.012467767111957073
v -0.04860711097717285 0.05870212987065315 -0.012467767111957073
v -0.049473635852336884 0.059867020696401596 -0.012467767111957073
v -0.04926657676696777 0.051835525780916214 -0.012045041657984257
v -0.04840770363807678 0.053051676601171494 -0.012045041657984257
v -0.04787765070796013 0.054442983120679855 -0.012045041657984257
v -0.04770960658788681 0.05592232197523117 -0.012045041657984257
v -0.04791409522294998 0.057397063821554184 -0.012045041657984257
v -0.04847831279039383 0.05877486988902092 -0.012045041657984257
v -0.04936693236231804 0.0599694587290287 -0.012045041657984257
v -0.05874001607298851 0.04535209387540817 -0.011599999852478504
v -0.05876747891306877 0.04539404809474945 -0.012045041657984257
v -0.05878094956278801 0.04541463032364845 -0.01211533136665821
v -0.058848489075899124 0.04551781341433525 -0.012467767111957073
v -0.05897898226976395 0.04571717604994774 -0.012846979312598705
v -0.05889194458723068 0.04558420553803444 -0.012594053521752357
v -0.05906569957733154 0.04584966227412224 -0.01300532091408968
v -0.05915242061018944 0.04598214477300644 -0.013163662515580654
v -0.05929093807935715 0.046193767338991165 -0.013322587125003338
v -0.05936009809374809 0.04629943147301674 -0.013401937671005726
v -0.0595531165599823 0.04659431427717209 -0.013525260612368584
v -0.05959160998463631 0.04665312543511391 -0.013549855910241604
v -0.050373028963804245 0.0508287288248539 -0.00559999980032444
v -0.04922955855727196 0.05180170387029648 -0.00559999980032444
v -0.048363447189331055 0.05302810296416283 -0.00559999980032444
v -0.047828927636146545 0.05443113297224045 -0.00559999980032444
v -0.04765946790575981 0.055922940373420715 -0.00559999980032444
v -0.04786567762494087 0.057410113513469696 -0.00559999980032444
v -0.048434652388095856 0.05879952758550644 -0.00559999980032444
v -0.049330759793519974 0.060004185885190964 -0.00559999980032444
v -0.050497885793447495 0.060948655009269714 -0.00559999980032444
v -0.05990447849035263 0.044759877026081085 -0.011599999852478504
v -0.06116951256990433 0.04443373158574104 -0.011599999852478504
v -0.06118018180131912 0.0445077046751976 -0.01211533136665821
v -0.06117667257785797 0.04448336362838745 -0.012045041657984257
v -0.06120911240577698 0.04470830410718918 -0.012594053521752357
v -0.06119778752326965 0.044629767537117004 -0.012467767111957073
v -0.06125440075993538 0.04502232000231743 -0.01300532091408968
v -0.06123179942369461 0.044865600764751434 -0.012846979312598705
v -0.06131311133503914 0.045429375022649765 -0.013322587125003338
v -0.061277005821466446 0.04517903923988342 -0.013163662515580654
v -0.061381444334983826 0.045903194695711136 -0.013525260612368584
v -0.061331138014793396 0.04555436968803406 -0.013401937671005726
v -0.06139148026704788 0.04597276449203491 -0.013549855910241604
v -0.06005876138806343 0.04516802728176117 -0.012846979312598705
v -0.0601707361638546 0.045464254915714264 -0.013163662515580654
v -0.060454290360212326 0.04621438682079315 -0.013549855910241604
v -0.06030482053756714 0.04581896960735321 -0.013401937671005726
v -0.059974510222673416 0.04494514316320419 -0.012467767111957073
v -0.05992220714688301 0.04480678215622902 -0.012045041657984257
v -0.0636439099907875 0.044076863676309586 -0.011599999852478504
v -0.06365364044904709 0.04414431378245354 -0.012117638252675533
v -0.06368216127157211 0.04434206709265709 -0.012600000016391277
v -0.06372752785682678 0.044656649231910706 -0.013014213182032108
v -0.06378665566444397 0.04506662115454674 -0.01333205122500658
v -0.06385551393032074 0.04554404318332672 -0.013531851582229137
v -0.06116951256990433 0.04443373158574104 -0.005499999970197678
v -0.05990447849035263 0.044759877026081085 -0.005499999970197678
v -0.05874001607298851 0.04535209387540817 -0.005499999970197678
v -0.05554180219769478 0.047445494681596756 -0.00559999980032444
v -0.05554180219769478 0.047445494681596756 -0.005499999970197678
v -0.058175671845674515 0.06570781022310257 -0.00559999980032444
v -0.05841293931007385 0.06585488468408585 -0.005630973260849714
v -0.058277782052755356 0.06577110290527344 -0.0055502899922430515
v -0.058175671845674515 0.06570781022310257 -0.005489334464073181
v -0.06137552857398987 0.07038101553916931 -0.0062500000931322575
v -0.061027642339468 0.06903164833784103 -0.0062500000931322575
v -0.060395944863557816 0.06778955459594727 -0.0062500000931322575
v -0.06020091101527214 0.06750830262899399 -0.0062500000931322575
v -0.059661976993083954 0.06686659157276154 -0.006169769447296858
v -0.05950288474559784 0.0667218565940857 -0.00611169682815671
v -0.05901361629366875 0.06627674400806427 -0.0059331003576517105
v -0.05169455334544182 0.057395175099372864 -0.00559999980032444
v -0.05216168984770775 0.057850927114486694 -0.00559999980032444
v -0.05118461325764656 0.05620579048991203 -0.00559999980032444
v -0.051176559180021286 0.05555320903658867 -0.00559999980032444
v -0.051361288875341415 0.05683404952287674 -0.00559999980032444
v -0.05515632778406143 0.05384691432118416 -0.00559999980032444
v -0.05562346801161766 0.05430266261100769 -0.00559999980032444
v -0.05336329713463783 0.05833137035369873 -0.00559999980032444
v -0.05566101893782616 0.05734623968601227 -0.00559999980032444
v -0.055205266922712326 0.0578133761882782 -0.00559999980032444
v -0.056141458451747894 0.056144632399082184 -0.00559999980032444
v -0.05598033592104912 0.05677706375718117 -0.00559999980032444
v -0.05613340809941292 0.05549205094575882 -0.00559999980032444
v -0.055956728756427765 0.05486379191279411 -0.00559999980032444
v -0.05267388001084328 0.05355120077729225 -0.00559999980032444
v -0.05165700241923332 0.054351601749658585 -0.00559999980032444
v -0.05133768543601036 0.054920777678489685 -0.00559999980032444
v -0.05273086950182915 0.058170247822999954 -0.00559999980032444
v -0.0540158785879612 0.058323320001363754 -0.00559999980032444
v -0.0546441413462162 0.0581466406583786 -0.00559999980032444
v -0.05458715185523033 0.0535275936126709 -0.00559999980032444
v -0.05211275443434715 0.053884461522102356 -0.00559999980032444
v -0.053954724222421646 0.05336647108197212 -0.00559999980032444
v -0.05330214276909828 0.0533745214343071 -0.00559999980032444
v -0.0636439099907875 0.044076863676309586 -0.005499999970197678
v -0.06521010398864746 0.044057540595531464 -0.011599999852478504
v -0.06672793626785278 0.044444236904382706 -0.011599999852478504
v -0.06809396296739578 0.04521059989929199 -0.011599999852478504
v -0.0692150890827179 0.046304404735565186 -0.011599999852478504
v -0.07001492381095886 0.04765110835433006 -0.011599999852478504
v -0.07043895125389099 0.049158934503793716 -0.011599999852478504
v -0.07037150114774704 0.049168661236763 -0.012117638252675533
v -0.07017374783754349 0.049197182059288025 -0.012600000016391277
v -0.06985916197299957 0.04924255236983299 -0.013014213182032108
v -0.06944919377565384 0.04930168017745018 -0.01333205122500658
v -0.06897176802158356 0.04937053844332695 -0.013531851582229137
v -0.06865250319242477 0.04823523387312889 -0.013531851582229137
v -0.06909583508968353 0.04804515838623047 -0.01333205122500658
v -0.06947653740644455 0.04788193851709366 -0.013014213182032108
v -0.06976865231990814 0.04775669425725937 -0.012600000016391277
v -0.06995228677988052 0.047677960246801376 -0.012117638252675533
v -0.06805028021335602 0.04722124710679054 -0.013531851582229137
v -0.06842930614948273 0.04692290723323822 -0.01333205122500658
v -0.06875479221343994 0.046666715294122696 -0.013014213182032108
v -0.06900454312562943 0.04647013172507286 -0.012600000016391277
v -0.0691615417599678 0.046346552670001984 -0.012117638252675533
v -0.06720613688230515 0.046397678554058075 -0.013531851582229137
v -0.06749503314495087 0.04601140320301056 -0.01333205122500658
v -0.06774311512708664 0.04567969962954521 -0.013014213182032108
v -0.06793347746133804 0.0454251728951931 -0.012600000016391277
v -0.06805314868688583 0.04526517167687416 -0.012117638252675533
v -0.066177599132061 0.045820653438568115 -0.013531851582229137
v -0.06635668128728867 0.04537276551127434 -0.01333205122500658
v -0.06651046127080917 0.044988155364990234 -0.013014213182032108
v -0.06662845611572266 0.04469303414225578 -0.012600000016391277
v -0.06670263409614563 0.04450751468539238 -0.012117638252675533
v -0.06503476202487946 0.04552949592471123 -0.013531851582229137
v -0.0650918185710907 0.045050520449876785 -0.01333205122500658
v -0.06514081358909607 0.044639214873313904 -0.013014213182032108
v -0.06517840921878815 0.04432360827922821 -0.012600000016391277
v -0.06520204246044159 0.044125210493803024 -0.012117638252675533
v -0.0772223025560379 0.09619228541851044 0.011599999852478504
v -0.07043895125389099 0.049158934503793716 0.011599999852478504
v -0.062454238533973694 0.053341563791036606 -0.01140000019222498
v -0.06320815533399582 0.05312955006957054 -0.01140000019222498
v -0.06388150155544281 0.052729636430740356 -0.01140000019222498
v -0.0644284039735794 0.052169069647789 -0.01140000019222498
v -0.0648115873336792 0.0514860562980175 -0.01140000019222498
v -0.06500493735074997 0.05072714388370514 -0.01140000019222498
v -0.06499527394771576 0.04994404315948486 -0.01140000019222498
v -0.0647832602262497 0.049190130084753036 -0.01140000019222498
v -0.06438334286212921 0.04851678013801575 -0.01140000019222498
v -0.06382278352975845 0.04796987771987915 -0.01140000019222498
v -0.06313976645469666 0.04758669435977936 -0.01140000019222498
v -0.062025997787714005 0.04737228527665138 -0.01140000019222498
v -0.06238085404038429 0.047393348067998886 -0.01140000019222498
v -0.061597757041454315 0.0474030077457428 -0.01140000019222498
v -0.06084384024143219 0.04761502146720886 -0.01140000019222498
v -0.0601704902946949 0.048014938831329346 -0.01140000019222498
v -0.059623587876558304 0.0485755018889904 -0.01140000019222498
v -0.05924040824174881 0.0492585152387619 -0.01140000019222498
v -0.05904705822467804 0.05001743137836456 -0.01140000019222498
v -0.05905672162771225 0.05080052837729454 -0.01140000019222498
v -0.059268731623888016 0.05155444145202637 -0.01140000019222498
v -0.0596686489880085 0.052227795124053955 -0.01140000019222498
v -0.060229215770959854 0.05277469754219055 -0.01140000019222498
v -0.060912229120731354 0.053157877177000046 -0.01140000019222498
v -0.061671141535043716 0.053351227194070816 -0.01140000019222498
v -0.05330214276909828 0.0533745214343071 -0.01140000019222498
v -0.053954724222421646 0.05336647108197212 -0.01140000019222498
v -0.05458715185523033 0.0535275936126709 -0.01140000019222498
v -0.05515632778406143 0.05384691432118416 -0.01140000019222498
v -0.05562346801161766 0.05430266261100769 -0.01140000019222498
v -0.055956728756427765 0.05486379191279411 -0.01140000019222498
v -0.05613340809941292 0.05549205094575882 -0.01140000019222498
v -0.056141458451747894 0.056144632399082184 -0.01140000019222498
v -0.05598033592104912 0.05677706375718117 -0.01140000019222498
v -0.05566101893782616 0.05734623968601227 -0.01140000019222498
v -0.055205266922712326 0.0578133761882782 -0.01140000019222498
v -0.0546441413462162 0.0581466406583786 -0.01140000019222498
v -0.0540158785879612 0.058323320001363754 -0.01140000019222498
v -0.05336329713463783 0.05833137035369873 -0.01140000019222498
v -0.05273086950182915 0.058170247822999954 -0.01140000019222498
v -0.05216168984770775 0.057850927114486694 -0.01140000019222498
v -0.05169455334544182 0.057395175099372864 -0.01140000019222498
v -0.051361288875341415 0.05683404952287674 -0.01140000019222498
v -0.05118461325764656 0.05620579048991203 -0.01140000019222498
v -0.051176559180021286 0.05555320903658867 -0.01140000019222498
v -0.05133768543601036 0.054920777678489685 -0.01140000019222498
v -0.05165700241923332 0.054351601749658585 -0.01140000019222498
v -0.05211275443434715 0.053884461522102356 -0.01140000019222498
v -0.05267388001084328 0.05355120077729225 -0.01140000019222498
v -0.05365901067852974 0.05284892022609711 -0.01140000019222498
v -0.05401386693120003 0.05286998301744461 -0.01140000019222498
v -0.05477277934551239 0.05306332930922508 -0.01140000019222498
v -0.05545579269528389 0.053446512669324875 -0.01140000019222498
v -0.056016359478235245 0.05399341136217117 -0.01140000019222498
v -0.05641627311706543 0.05466676503419876 -0.01140000019222498
v -0.056628286838531494 0.05542067810893059 -0.01140000019222498
v -0.056637950241565704 0.056203775107860565 -0.01140000019222498
v -0.056444600224494934 0.056962691247463226 -0.01140000019222498
v -0.05606142058968544 0.057645704597234726 -0.01140000019222498
v -0.05551451817154884 0.05820626765489578 -0.01140000019222498
v -0.054841164499521255 0.058606185019016266 -0.01140000019222498
v -0.05408725142478943 0.05881819874048233 -0.01140000019222498
v -0.05330415442585945 0.05882785841822624 -0.01140000019222498
v -0.05254523828625679 0.05863451212644577 -0.01140000019222498
v -0.05186222493648529 0.05825132876634598 -0.01140000019222498
v -0.051301661878824234 0.05770442634820938 -0.01140000019222498
v -0.05090174451470375 0.05703107640147209 -0.01140000019222498
v -0.050689730793237686 0.056277163326740265 -0.01140000019222498
v -0.050680071115493774 0.05549406632781029 -0.01140000019222498
v -0.050873417407274246 0.054735150188207626 -0.01140000019222498
v -0.05125660076737404 0.05405213683843613 -0.01140000019222498
v -0.051803503185510635 0.05349157005548477 -0.01140000019222498
v -0.052476853132247925 0.05309165641665459 -0.01140000019222498
v -0.05323076620697975 0.05287964269518852 -0.01140000019222498
v -0.06264716386795044 0.04805406555533409 -0.01140000019222498
v -0.062025997787714005 0.047972287982702255 -0.01140000019222498
v -0.05994753539562225 0.051572285592556 -0.01140000019222498
v -0.059707775712013245 0.050993453711271286 -0.01140000019222498
v -0.06082599610090256 0.0482938252389431 -0.01140000019222498
v -0.06140483170747757 0.04805406555533409 -0.01140000019222498
v -0.06372305750846863 0.048675231635570526 -0.01140000019222498
v -0.06410446017980576 0.049172285944223404 -0.01140000019222498
v -0.06372305750846863 0.052069343626499176 -0.01140000019222498
v -0.06322599947452545 0.052450746297836304 -0.01140000019222498
v -0.06032894179224968 0.052069343626499176 -0.01140000019222498
v -0.05962599813938141 0.05037228763103485 -0.01140000019222498
v -0.059707775712013245 0.049751121550798416 -0.01140000019222498
v -0.06322599947452545 0.0482938252389431 -0.01140000019222498
v -0.0644259974360466 0.05037228763103485 -0.01140000019222498
v -0.06434421986341476 0.050993453711271286 -0.01140000019222498
v -0.06264716386795044 0.05269050970673561 -0.01140000019222498
v -0.06140483170747757 0.05269050970673561 -0.01140000019222498
v -0.06082599610090256 0.052450746297836304 -0.01140000019222498
v -0.05994753539562225 0.049172285944223404 -0.01140000019222498
v -0.06032894179224968 0.048675231635570526 -0.01140000019222498
v -0.06434421986341476 0.049751121550798416 -0.01140000019222498
v -0.06410446017980576 0.051572285592556 -0.01140000019222498
v -0.062025997787714005 0.05277228727936745 -0.01140000019222498
v -0.05972599610686302 0.05037228763103485 -0.011500000022351742
v -0.059804368764162064 0.05096757039427757 -0.011500000022351742
v -0.060034140944480896 0.05152228847146034 -0.011500000022351742
v -0.060399651527404785 0.05199863389134407 -0.011500000022351742
v -0.06087599694728851 0.05236414447426796 -0.011500000022351742
v -0.06143071502447128 0.05259391665458679 -0.011500000022351742
v -0.062025997787714005 0.052672285586595535 -0.011500000022351742
v -0.06262128055095673 0.05259391665458679 -0.011500000022351742
v -0.0631759986281395 0.05236414447426796 -0.011500000022351742
v -0.06365234404802322 0.05199863389134407 -0.011500000022351742
v -0.06401785463094711 0.05152228847146034 -0.011500000022351742
v -0.06424763053655624 0.05096757039427757 -0.011500000022351742
v -0.06432599574327469 0.05037228763103485 -0.011500000022351742
v -0.06424763053655624 0.04977700486779213 -0.011500000022351742
v -0.06401785463094711 0.04922228679060936 -0.011500000022351742
v -0.06365234404802322 0.04874594137072563 -0.011500000022351742
v -0.0631759986281395 0.048380427062511444 -0.011500000022351742
v -0.06262128055095673 0.04815065860748291 -0.011500000022351742
v -0.062025997787714005 0.04807228595018387 -0.011500000022351742
v -0.06143071502447128 0.04815065860748291 -0.011500000022351742
v -0.06087599694728851 0.048380427062511444 -0.011500000022351742
v -0.060399651527404785 0.04874594137072563 -0.011500000022351742
v -0.060034140944480896 0.04922228679060936 -0.011500000022351742
v -0.059804368764162064 0.04977700486779213 -0.011500000022351742
v -0.06230071559548378 0.05310853198170662 -0.011500000022351742
v -0.06299954652786255 0.05294419452548027 -0.011500000022351742
v -0.06089578941464424 0.05287930369377136 -0.011500000022351742
v -0.06158316135406494 0.05308639630675316 -0.011500000022351742
v -0.06363203376531601 0.05260458588600159 -0.011500000022351742
v -0.06415507197380066 0.052112847566604614 -0.011500000022351742
v -0.06453301012516022 0.051502496004104614 -0.011500000022351742
v -0.06425829231739044 0.048766251653432846 -0.011500000022351742
v -0.06376656144857407 0.048243217170238495 -0.011500000022351742
v -0.06315620988607407 0.04786527156829834 -0.011500000022351742
v -0.06246883422136307 0.047658175230026245 -0.011500000022351742
v -0.06028543412685394 0.05250135809183121 -0.011500000022351742
v -0.06474010646343231 0.050815124064683914 -0.011500000022351742
v -0.06175127997994423 0.04763604328036308 -0.011500000022351742
v -0.06105244904756546 0.04780038073658943 -0.011500000022351742
v -0.0604199655354023 0.048139989376068115 -0.011500000022351742
v -0.06476224213838577 0.050097569823265076 -0.011500000022351742
v -0.06459790468215942 0.04939873889088631 -0.011500000022351742
v -0.05989692732691765 0.04863172397017479 -0.011500000022351742
v -0.05951898172497749 0.04924207553267479 -0.011500000022351742
v -0.0593118853867054 0.04992945119738579 -0.011500000022351742
v -0.059289753437042236 0.050647005438804626 -0.011500000022351742
v -0.059454090893268585 0.051345836371183395 -0.011500000022351742
v -0.05979369953274727 0.05197831988334656 -0.011500000022351742
v -0.059275995939970016 0.05037228763103485 -0.011500000022351742
v -0.05936970189213753 0.04966053366661072 -0.013199999928474426
v -0.05953951179981232 0.04925058037042618 -0.013199999928474426
v -0.059275995939970016 0.05037228763103485 -0.013199999928474426
v -0.0593339167535305 0.04993234947323799 -0.013199999928474426
v -0.05936970189213753 0.051084037870168686 -0.013199999928474426
v -0.05931178480386734 0.050644103437662125 -0.013199999928474426
v -0.0596444271504879 0.051747288554906845 -0.013199999928474426
v -0.05947461724281311 0.05133733153343201 -0.013199999928474426
v -0.06008145213127136 0.052316829562187195 -0.013199999928474426
v -0.05981132760643959 0.05196479335427284 -0.013199999928474426
v -0.06065099686384201 0.052753858268260956 -0.013199999928474426
v -0.06029896065592766 0.052483730018138885 -0.013199999928474426
v -0.06131424382328987 0.05302858352661133 -0.013199999928474426
v -0.06090429052710533 0.05285877361893654 -0.013199999928474426
v -0.062025997787714005 0.05312228575348854 -0.013199999928474426
v -0.06158606335520744 0.05306436866521835 -0.013199999928474426
v -0.06273774802684784 0.05302858352661133 -0.013199999928474426
v -0.06229781359434128 0.053086500614881516 -0.013199999928474426
v -0.063400998711586 0.052753858268260956 -0.013199999928474426
v -0.06299104541540146 0.05292366445064545 -0.013199999928474426
v -0.06397054344415665 0.052316829562187195 -0.013199999928474426
v -0.063618503510952 0.052586957812309265 -0.013199999928474426
v -0.06440756469964981 0.051747288554906845 -0.013199999928474426
v -0.06413744390010834 0.0520993210375309 -0.013199999928474426
v -0.06468228995800018 0.051084037870168686 -0.013199999928474426
v -0.06451248377561569 0.051493994891643524 -0.013199999928474426
v -0.0647759959101677 0.05037228763103485 -0.013199999928474426
v -0.0647180825471878 0.05081222206354141 -0.013199999928474426
v -0.06468228995800018 0.04966053366661072 -0.013199999928474426
v -0.06474021077156067 0.05010046809911728 -0.013199999928474426
v -0.06440756469964981 0.04899728670716286 -0.013199999928474426
v -0.0645773783326149 0.0494072400033474 -0.013199999928474426
v -0.06397054344415665 0.04842774197459221 -0.013199999928474426
v -0.06424066424369812 0.04877977818250656 -0.013199999928474426
v -0.063400998711586 0.047990716993808746 -0.013199999928474426
v -0.06375303119421005 0.04826084524393082 -0.013199999928474426
v -0.06273774802684784 0.047715991735458374 -0.013199999928474426
v -0.06314770132303238 0.047885797917842865 -0.013199999928474426
v -0.062025997787714005 0.04762228578329086 -0.013199999928474426
v -0.062465932220220566 0.04768020659685135 -0.013199999928474426
v -0.06131424382328987 0.047715991735458374 -0.013199999928474426
v -0.06175418198108673 0.04765807092189789 -0.013199999928474426
v -0.06065099686384201 0.047990716993808746 -0.013199999928474426
v -0.06106095388531685 0.04782090708613396 -0.013199999928474426
v -0.06008145213127136 0.04842774197459221 -0.013199999928474426
v -0.060433488339185715 0.04815761744976044 -0.013199999928474426
v -0.0596444271504879 0.04899728670716286 -0.013199999928474426
v -0.05991455540060997 0.048645250499248505 -0.013199999928474426
v -0.06447599828243256 0.05037228763103485 -0.013500000350177288
v -0.06439251452684402 0.051006391644477844 -0.013500000350177288
v -0.06414776295423508 0.05159728601574898 -0.013500000350177288
v -0.06375841051340103 0.05210469663143158 -0.013500000350177288
v -0.06325099617242813 0.052494049072265625 -0.013500000350177288
v -0.0626601055264473 0.05273880437016487 -0.013500000350177288
v -0.062025997787714005 0.0528222881257534 -0.013500000350177288
v -0.06139189004898071 0.05273880437016487 -0.013500000350177288
v -0.06080099940299988 0.052494049072265625 -0.013500000350177288
v -0.06029358506202698 0.05210469663143158 -0.013500000350177288
v -0.05990423634648323 0.05159728601574898 -0.013500000350177288
v -0.059659481048583984 0.051006391644477844 -0.013500000350177288
v -0.05957599729299545 0.05037228763103485 -0.013500000350177288
v -0.059659481048583984 0.04973817989230156 -0.013500000350177288
v -0.05990423634648323 0.049147285521030426 -0.013500000350177288
v -0.06029358506202698 0.048639874905347824 -0.013500000350177288
v -0.06080099940299988 0.04825052618980408 -0.013500000350177288
v -0.06139189004898071 0.04800576716661453 -0.013500000350177288
v -0.062025997787714005 0.0479222871363163 -0.013500000350177288
v -0.0626601055264473 0.04800576716661453 -0.013500000350177288
v -0.06325099617242813 0.04825052618980408 -0.013500000350177288
v -0.06375841051340103 0.048639874905347824 -0.013500000350177288
v -0.06414776295423508 0.049147285521030426 -0.013500000350177288
v -0.06439251452684402 0.04973817989230156 -0.013500000350177288
v -0.06467241793870926 0.05108139291405678 -0.013277646154165268
v -0.06439871340990067 0.051742177456617355 -0.013277646154165268
v -0.06396331638097763 0.05230960249900818 -0.013277646154165268
v -0.06339588761329651 0.05274500325322151 -0.013277646154165268
v -0.06273510307073593 0.053018707782030106 -0.013277646154165268
v -0.062025997787714005 0.05311206355690956 -0.013277646154165268
v -0.06131689250469208 0.053018707782030106 -0.013277646154165268
v -0.0606561079621315 0.05274500325322151 -0.013277646154165268
v -0.06008868291974068 0.05230960249900818 -0.013277646154165268
v -0.059653282165527344 0.051742177456617355 -0.013277646154165268
v -0.05937957391142845 0.05108139291405678 -0.013277646154165268
v -0.059286218136548996 0.05037228763103485 -0.013277646154165268
v -0.05937957391142845 0.049663178622722626 -0.013277646154165268
v -0.059653282165527344 0.04900239780545235 -0.013277646154165268
v -0.06008868291974068 0.04843497276306152 -0.013277646154165268
v -0.0606561079621315 0.04799956828355789 -0.013277646154165268
v -0.06131689250469208 0.0477258637547493 -0.013277646154165268
v -0.062025997787714005 0.04763250797986984 -0.013277646154165268
v -0.06273510307073593 0.0477258637547493 -0.013277646154165268
v -0.06339588761329651 0.04799956828355789 -0.013277646154165268
v -0.06396331638097763 0.04843497276306152 -0.013277646154165268
v -0.06439871340990067 0.04900239780545235 -0.013277646154165268
v -0.06467241793870926 0.049663178622722626 -0.013277646154165268
v -0.06476577371358871 0.05037228763103485 -0.013277646154165268
v -0.0645536407828331 0.05037228763103485 -0.013489778153598309
v -0.06446751952171326 0.049718085676431656 -0.013489778153598309
v -0.06462600082159042 0.05037228763103485 -0.013459807261824608
v -0.0645374059677124 0.04969935864210129 -0.013459807261824608
v -0.06468813121318817 0.05037228763103485 -0.013412131927907467
v -0.06459742039442062 0.04968327656388283 -0.013412131927907467
v -0.06473580747842789 0.05037228763103485 -0.01334999967366457
v -0.06464347243309021 0.04967093840241432 -0.01334999967366457
v -0.06421500444412231 0.049108464270830154 -0.013489778153598309
v -0.06427766382694244 0.04907228797674179 -0.013459807261824608
v -0.06433147192001343 0.04904121905565262 -0.013412131927907467
v -0.06437276303768158 0.04901738464832306 -0.01334999967366457
v -0.06381331384181976 0.04858497157692909 -0.013489778153598309
v -0.06386447697877884 0.048533808439970016 -0.013459807261824608
v -0.0639084056019783 0.048489876091480255 -0.013412131927907467
v -0.06394211947917938 0.048456162214279175 -0.01334999967366457
v -0.0632898211479187 0.04818328097462654 -0.013489778153598309
v -0.06332600116729736 0.04812062159180641 -0.013459807261824608
v -0.06335706263780594 0.04806681349873543 -0.013412131927907467
v -0.0633809044957161 0.048025526106357574 -0.01334999967366457
v -0.0626801997423172 0.0479307696223259 -0.013489778153598309
v -0.06269893050193787 0.04786087945103645 -0.013459807261824608
v -0.06271500885486603 0.04780086502432823 -0.013412131927907467
v -0.06272734701633453 0.047754812985658646 -0.01334999967366457
v -0.062025997787714005 0.04784464091062546 -0.013489778153598309
v -0.062025997787714005 0.04777228832244873 -0.013459807261824608
v -0.062025997787714005 0.047710154205560684 -0.013412131927907467
v -0.062025997787714005 0.04766247794032097 -0.01334999967366457
v -0.06137179583311081 0.0479307696223259 -0.013489778153598309
v -0.06135306879878044 0.04786087945103645 -0.013459807261824608
v -0.06133698672056198 0.04780086502432823 -0.013412131927907467
v -0.061324648559093475 0.047754812985658646 -0.01334999967366457
v -0.06076217442750931 0.04818328097462654 -0.013489778153598309
v -0.060725998133420944 0.04812062159180641 -0.013459807261824608
v -0.06069493293762207 0.04806681349873543 -0.013412131927907467
v -0.06067109480500221 0.048025526106357574 -0.01334999967366457
v -0.060238681733608246 0.04858497157692909 -0.013489778153598309
v -0.06018751859664917 0.048533808439970016 -0.013459807261824608
v -0.06014358624815941 0.048489876091480255 -0.013412131927907467
v -0.06010987609624863 0.048456162214279175 -0.01334999967366457
v -0.059836991131305695 0.049108464270830154 -0.013489778153598309
v -0.059774331748485565 0.04907228797674179 -0.013459807261824608
v -0.05972052365541458 0.04904121905565262 -0.013412131927907467
v -0.05967923626303673 0.04901738464832306 -0.01334999967366457
v -0.05958447977900505 0.049718085676431656 -0.013489778153598309
v -0.05951458960771561 0.04969935864210129 -0.013459807261824608
v -0.059454575181007385 0.04968327656388283 -0.013412131927907467
v -0.0594085231423378 0.04967093840241432 -0.01334999967366457
v -0.05949835106730461 0.05037228763103485 -0.013489778153598309
v -0.059425998479127884 0.05037228763103485 -0.013459807261824608
v -0.05936386436223984 0.05037228763103485 -0.013412131927907467
v -0.05931619182229042 0.05037228763103485 -0.01334999967366457
v -0.05958447977900505 0.051026489585638046 -0.013489778153598309
v -0.05951458960771561 0.051045216619968414 -0.013459807261824608
v -0.059454575181007385 0.051061298698186874 -0.013412131927907467
v -0.0594085231423378 0.05107363685965538 -0.01334999967366457
v -0.059836991131305695 0.05163611099123955 -0.013489778153598309
v -0.059774331748485565 0.05167228728532791 -0.013459807261824608
v -0.05972052365541458 0.051703352481126785 -0.013412131927907467
v -0.05967923626303673 0.05172719061374664 -0.01334999967366457
v -0.060238681733608246 0.05215960368514061 -0.013489778153598309
v -0.06018751859664917 0.05221076309680939 -0.013459807261824608
v -0.06014358624815941 0.05225469917058945 -0.013412131927907467
v -0.06010987609624863 0.05228840932250023 -0.01334999967366457
v -0.06076217442750931 0.05256129056215286 -0.013489778153598309
v -0.060725998133420944 0.05262395367026329 -0.013459807261824608
v -0.06069493293762207 0.052677761763334274 -0.013412131927907467
v -0.06067109480500221 0.05271904915571213 -0.01334999967366457
v -0.06137179583311081 0.052813805639743805 -0.013489778153598309
v -0.06135306879878044 0.05288369581103325 -0.013459807261824608
v -0.06133698672056198 0.05294371023774147 -0.013412131927907467
v -0.061324648559093475 0.05298975855112076 -0.01334999967366457
v -0.062025997787714005 0.052899934351444244 -0.013489778153598309
v -0.062025997787714005 0.05297228693962097 -0.013459807261824608
v -0.062025997787714005 0.05303441733121872 -0.013412131927907467
v -0.062025997787714005 0.053082093596458435 -0.01334999967366457
v -0.0626801997423172 0.052813805639743805 -0.013489778153598309
v -0.06269893050193787 0.05288369581103325 -0.013459807261824608
v -0.06271500885486603 0.05294371023774147 -0.013412131927907467
v -0.06272734701633453 0.05298975855112076 -0.01334999967366457
v -0.0632898211479187 0.05256129056215286 -0.013489778153598309
v -0.06332600116729736 0.05262395367026329 -0.013459807261824608
v -0.06335706263780594 0.052677761763334274 -0.013412131927907467
v -0.0633809044957161 0.05271904915571213 -0.01334999967366457
v -0.06381331384181976 0.05215960368514061 -0.013489778153598309
v -0.06386447697877884 0.05221076309680939 -0.013459807261824608
v -0.0639084056019783 0.05225469917058945 -0.013412131927907467
v -0.06394211947917938 0.05228840932250023 -0.01334999967366457
v -0.06421500444412231 0.05163611099123955 -0.013489778153598309
v -0.06427766382694244 0.05167228728532791 -0.013459807261824608
v -0.06433147192001343 0.051703352481126785 -0.013412131927907467
v -0.06437276303768158 0.05172719061374664 -0.01334999967366457
v -0.06446751952171326 0.051026489585638046 -0.013489778153598309
v -0.0645374059677124 0.051045216619968414 -0.013459807261824608
v -0.06459742039442062 0.051061298698186874 -0.013412131927907467
v -0.06464347243309021 0.05107363685965538 -0.01334999967366457
v -0.05805977061390877 0.06490417569875717 -0.004438427742570639
v -0.0581141896545887 0.06528151035308838 -0.0050451671704649925
v -0.07098105549812317 0.06342579424381256 -0.0050451671704649925
v -0.05802598595619202 0.06466992944478989 -0.003762067062780261
v -0.07092663645744324 0.06304845958948135 -0.004438427742570639
v -0.058014530688524246 0.06459052115678787 -0.0030499999411404133
v -0.07089285552501678 0.06281421333551407 -0.003762067062780261
v -0.0710533857345581 0.0639273002743721 -0.0055518606677651405
v -0.07113999873399734 0.06452782452106476 -0.0059331003576517105
v -0.07123655080795288 0.06519725918769836 -0.006169769447296858
v -0.07133819162845612 0.06590203195810318 -0.0062500000931322575
v -0.07088140398263931 0.06273480504751205 -0.0030499999411404133
v -0.0719948336482048 0.0704549252986908 -0.0062500000931322575
v -0.061602361500263214 0.07195377349853516 -0.0062500000931322575
v -0.058014530688524246 0.06459052115678787 0.0030499999411404133
v -0.07088140398263931 0.06273480504751205 0.0030499999411404133
v -0.06204358488321304 0.07501307874917984 -0.0038782209157943726
v -0.062059152871370316 0.07512100040912628 -0.0030499999411404133
v -0.0724516212940216 0.07362215220928192 -0.0030499999411404133
v -0.06199795380234718 0.07469667494297028 -0.004650000017136335
v -0.07243605703115463 0.07351423054933548 -0.0038782209157943726
v -0.061925359070301056 0.07419334352016449 -0.005312741734087467
v -0.07239042222499847 0.07319782674312592 -0.004650000017136335
v -0.061830755323171616 0.07353738695383072 -0.005821281112730503
v -0.07231783121824265 0.07269449532032013 -0.005312741734087467
v -0.0617205873131752 0.0727735087275505 -0.0061409627087414265
v -0.0722232237458229 0.07203853875398636 -0.005821281112730503
v -0.07211305946111679 0.07127466797828674 -0.0061409627087414265
v -0.062059152871370316 0.07512100040912628 0.0030499999411404133
v -0.0724516212940216 0.07362215220928192 0.0030499999411404133
v -0.07211305946111679 0.07127466797828674 0.0061409627087414265
v -0.07239042222499847 0.07319782674312592 0.004650000017136335
v -0.07231783121824265 0.07269449532032013 0.005312741734087467
v -0.07098105549812317 0.06342579424381256 0.0050451671704649925
v -0.07092663645744324 0.06304845958948135 0.004438427742570639
v -0.07113999873399734 0.06452782452106476 0.0059331003576517105
v -0.0710533857345581 0.0639273002743721 0.0055518606677651405
v -0.0722232237458229 0.07203853875398636 0.005821281112730503
v -0.0719948336482048 0.0704549252986908 0.0062500000931322575
v -0.07243605703115463 0.07351423054933548 0.0038782209157943726
v -0.07123655080795288 0.06519725918769836 0.006169769447296858
v -0.07133819162845612 0.06590203195810318 0.0062500000931322575
v -0.07089285552501678 0.06281421333551407 0.003762067062780261
v -0.0617205873131752 0.0727735087275505 0.0061409627087414265
v -0.061602361500263214 0.07195377349853516 0.0062500000931322575
v -0.061830755323171616 0.07353738695383072 0.005821281112730503
v -0.061925359070301056 0.07419334352016449 0.005312741734087467
v -0.06199795380234718 0.07469667494297028 0.004650000017136335
v -0.06204358488321304 0.07501307874917984 0.0038782209157943726
v -0.06137552857398987 0.07038101553916931 0.0062500000931322575
v -0.061027642339468 0.06903164833784103 0.0062500000931322575
v -0.060395944863557816 0.06778955459594727 0.0062500000931322575
v -0.06020091101527214 0.06750830262899399 0.0062500000931322575
v -0.05802598595619202 0.06466992944478989 0.003762067062780261
v -0.05805977061390877 0.06490417569875717 0.004438427742570639
v -0.0581141896545887 0.06528151035308838 0.0050451671704649925
v -0.059661976993083954 0.06686659157276154 0.006169769447296858
v -0.05950288474559784 0.0667218565940857 0.00611169682815671
v -0.05901361629366875 0.06627674400806427 0.0059331003576517105
v -0.05841293931007385 0.06585488468408585 0.005630973260849714
v -0.058277782052755356 0.06577110290527344 0.0055502899922430515
v -0.058175671845674515 0.06570781022310257 0.005489334464073181
v -0.059510380029678345 0.06671363115310669 0.011599999852478504
v -0.05841293931007385 0.06585488468408585 0.011599999852478504
v -0.060395944863557816 0.06778955459594727 0.011599999852478504
v -0.061027642339468 0.06903164833784103 0.011599999852478504
v -0.06137552857398987 0.07038101553916931 0.011599999852478504
v -0.06363555043935776 0.08605119585990906 0.011599999852478504
v -0.06363555043935776 0.08605119585990906 0.009200000204145908
v -0.06370087713003159 0.08701729774475098 0.009200000204145908
v -0.07179860025644302 0.09011050313711166 0.009200000204145908
v -0.06307440996170044 0.09136874228715897 0.009200000204145908
v -0.0636197030544281 0.0879821926355362 0.009200000204145908
v -0.06370087713003159 0.08701729774475098 0.011599999852478504
v -0.0636197030544281 0.0879821926355362 0.011599999852478504
v -0.07191190868616104 0.09089609980583191 0.009100000374019146
v -0.06294221431016922 0.0921897441148758 0.009100000374019146
v -0.06368518620729446 0.08604404330253601 0.012045041657984257
v -0.06144298240542412 0.07037129253149033 0.012117638252675533
v -0.06383158266544342 0.08602292835712433 0.012467767111957073
v -0.06158433482050896 0.07035090029239655 0.012462424114346504
v -0.06164073571562767 0.0703427717089653 0.012600000016391277
v -0.06406742334365845 0.08598891645669937 0.012846979312598705
v -0.061820559203624725 0.07031683623790741 0.012836776673793793
v -0.06438086181879044 0.08594370633363724 0.013163662515580654
v -0.06195531785488129 0.07029739767313004 0.013014213182032108
v -0.06213093921542168 0.07027207314968109 0.013150366023182869
v -0.06475619226694107 0.08588957786560059 0.013401937671005726
v -0.06236528977751732 0.07023826986551285 0.01333205122500658
v -0.062501460313797 0.07021863013505936 0.013389036990702152
v -0.06291564553976059 0.07015889883041382 0.013541553169488907
v -0.0628427118062973 0.07016941159963608 0.013531851582229137
v -0.06517458707094193 0.0858292356133461 0.013549855910241604
v -0.06561507284641266 0.08576570451259613 0.01360000018030405
v -0.06335505098104477 0.07009552419185638 0.01360000018030405
v -0.06143337860703468 0.07037267088890076 0.012043949216604233
v -0.06369349360466003 0.08799407631158829 0.01211533136665821
v -0.06366921216249466 0.0879901647567749 0.012045041657984257
v -0.06389359384775162 0.08802630007266998 0.012594053521752357
v -0.06381525099277496 0.0880136787891388 0.012467767111957073
v -0.06420682370662689 0.08807673305273056 0.01300532091408968
v -0.06405049562454224 0.08805155754089355 0.012846979312598705
v -0.06461285799741745 0.08814211189746857 0.013322587125003338
v -0.06436315178871155 0.08810190111398697 0.013163662515580654
v -0.06508549302816391 0.08821821212768555 0.013525260612368584
v -0.06473754346370697 0.08816219121217728 0.013401937671005726
v -0.06570081412792206 0.087033711373806 0.01360000018030405
v -0.06515488773584366 0.08822938799858093 0.013549855910241604
v -0.06559427082538605 0.08830013871192932 0.01360000018030405
v -0.0652557834982872 0.08703006058931351 0.013549855910241604
v -0.06483307480812073 0.08702658861875534 0.013401937671005726
v -0.06445387005805969 0.08702347427606583 0.013163662515580654
v -0.06413719803094864 0.0870208814740181 0.012846979312598705
v -0.06389893591403961 0.0870189219713211 0.012467767111957073
v -0.06375101953744888 0.08701770752668381 0.012045041657984257
v -0.06258811801671982 0.09438882768154144 0.011599999852478504
v -0.06258811801671982 0.09438882768154144 0.009100000374019146
v -0.06265540421009064 0.09439966082572937 0.012117638252675533
v -0.06285266578197479 0.09443142265081406 0.012600000016391277
v -0.06316645443439484 0.0944819524884224 0.013014213182032108
v -0.06357540190219879 0.094547800719738 0.01333205122500658
v -0.06405162811279297 0.09462448209524155 0.013531851582229137
v -0.06456268578767776 0.09470676630735397 0.01360000018030405
v -0.06251202523708344 0.09529341757297516 0.009100000374019146
v -0.06251202523708344 0.09529341757297516 0.011599999852478504
v -0.06257326155900955 0.0961991399526596 0.009100000374019146
v -0.06257326155900955 0.0961991399526596 0.011599999852478504
v -0.05844373255968094 0.06580520421266556 0.012043949216604233
v -0.05844884365797043 0.06579696387052536 0.012117638252675533
v -0.058524083346128464 0.06567557156085968 0.012462424114346504
v -0.05855410918593407 0.06562714278697968 0.012600000016391277
v -0.058649830520153046 0.06547271460294724 0.012836776673793793
v -0.05872156098484993 0.06535699218511581 0.013014213182032108
v -0.05881504341959953 0.06520617753267288 0.013150366023182869
v -0.05893979221582413 0.06500492990016937 0.01333205122500658
v -0.0590122751891613 0.06488799303770065 0.013389036990702152
v -0.0591939277946949 0.06459493935108185 0.013531851582229137
v -0.060907039791345596 0.06528207659721375 0.01360000018030405
v -0.05923274904489517 0.0645323097705841 0.013541553169488907
v -0.0594666451215744 0.0641549751162529 0.01360000018030405
v -0.06206934154033661 0.0666942298412323 0.01360000018030405
v -0.06289844959974289 0.06832446902990341 0.01360000018030405
v -0.062414247542619705 0.06850749999284744 0.013531851582229137
v -0.06054555997252464 0.06565259397029877 0.013531851582229137
v -0.0619630441069603 0.06867805868387222 0.01333205122500658
v -0.06020871177315712 0.06599785387516022 0.01333205122500658
v -0.06157558783888817 0.06882452219724655 0.013014213182032108
v -0.05991945415735245 0.0662943422794342 0.013014213182032108
v -0.06127828359603882 0.06893689930438995 0.012600000016391277
v -0.05969749763607979 0.06652183830738068 0.012600000016391277
v -0.06109138950705528 0.06900754570960999 0.012117638252675533
v -0.06163623556494713 0.06697771698236465 0.013531851582229137
v -0.06123264133930206 0.06724189221858978 0.01333205122500658
v -0.060886070132255554 0.06746874004602432 0.013014213182032108
v -0.06062013655900955 0.06764280796051025 0.012600000016391277
v -0.060452964156866074 0.06775223463773727 0.012117638252675533
v -0.059557970613241196 0.06666485220193863 0.012117638252675533
v -0.06404044479131699 0.09598753601312637 0.013531851582229137
v -0.06455278396606445 0.09591364115476608 0.01360000018030405
v -0.06451195478439331 0.09530983120203018 0.01360000018030405
v -0.0635630264878273 0.09605638682842255 0.01333205122500658
v -0.06315305083990097 0.09611551463603973 0.013014213182032108
v -0.06283847242593765 0.096160888671875 0.012600000016391277
v -0.0626407191157341 0.09618940949440002 0.012117638252675533
v -0.0625801682472229 0.09529397636651993 0.012117638252675533
v -0.06277996301651001 0.09529561549425125 0.012600000016391277
v -0.06309778988361359 0.09529822319746017 0.013014213182032108
v -0.06351199001073837 0.09530162066221237 0.01333205122500658
v -0.06399433314800262 0.09530558437108994 0.013531851582229137
v -0.0628708004951477 0.09826212376356125 0.009100000374019146
v -0.0628708004951477 0.09826212376356125 0.011599999852478504
v -0.050497885793447495 0.060948655009269714 0.011599999852478504
v -0.05053379014134407 0.06089073047041893 0.012117638252675533
v -0.050609033554792404 0.06076934561133385 0.012462424114346504
v -0.05073477700352669 0.060566484928131104 0.012836776673793793
v -0.05063905566930771 0.060720909386873245 0.012600000016391277
v -0.05080650746822357 0.06045076251029968 0.013014213182032108
v -0.050899993628263474 0.06029994785785675 0.013150366023182869
v -0.05102473869919777 0.06009870022535324 0.01333205122500658
v -0.05109722167253494 0.05998176708817482 0.013389036990702152
v -0.051317695528268814 0.059626080095767975 0.013541553169488907
v -0.05127887427806854 0.059688713401556015 0.013531851582229137
v -0.05155159533023834 0.05924874171614647 0.01360000018030405
v -0.05052867904305458 0.060898978263139725 0.012043949216604233
v -0.06293825060129166 0.09825240075588226 0.012117638252675533
v -0.06313600391149521 0.09822387993335724 0.012600000016391277
v -0.06345058232545853 0.09817850589752197 0.013014213182032108
v -0.06386055797338486 0.09811937808990479 0.01333205122500658
v -0.06433797627687454 0.09805051982402802 0.013531851582229137
v -0.06485031545162201 0.09797663241624832 0.01360000018030405
v -0.06329482048749924 0.0997699499130249 0.009100000374019146
v -0.06321027874946594 0.09956210851669312 0.011599999852478504
v -0.06331340968608856 0.0997602790594101 0.011599999852478504
v -0.0640946552157402 0.10111665725708008 0.009100000374019146
v -0.06383051723241806 0.10075394809246063 0.011599999852478504
v -0.06412021070718765 0.10109494626522064 0.011599999852478504
v -0.06521578878164291 0.10221046209335327 0.009100000374019146
v -0.0647004097700119 0.10177789628505707 0.011599999852478504
v -0.06523837894201279 0.10218024998903275 0.011599999852478504
v -0.06577634811401367 0.10258260369300842 0.011599999852478504
v -0.06658181548118591 0.10297682136297226 0.009100000374019146
v -0.0665954202413559 0.10294617712497711 0.011599999852478504
v -0.06700437515974045 0.10312771052122116 0.011599999852478504
v -0.06809964030981064 0.1033635213971138 0.009100000374019146
v -0.06810367107391357 0.10334295779466629 0.011599999852478504
v -0.06832291185855865 0.10338588804006577 0.011599999852478504
v -0.0696658343076706 0.10334419459104538 0.009100000374019146
v -0.0696658343076706 0.10334419459104538 0.011599999852478504
v -0.07214023917913437 0.10298732668161392 0.009100000374019146
v -0.07214023917913437 0.10298732668161392 0.011599999852478504
v -0.06945423781871796 0.10187701880931854 0.013531851582229137
v -0.06938034296035767 0.10136467963457108 0.01360000018030405
v -0.06848505884408951 0.1013924777507782 0.01360000018030405
v -0.06760603189468384 0.10122035443782806 0.01360000018030405
v -0.06678735464811325 0.10085694491863251 0.01360000018030405
v -0.066070057451725 0.1003204807639122 0.01360000018030405
v -0.06549012660980225 0.09963784366846085 0.01360000018030405
v -0.06507663428783417 0.0988432839512825 0.01360000018030405
v -0.06952308863401413 0.10235443711280823 0.01333205122500658
v -0.06958221644163132 0.10276441276073456 0.013014213182032108
v -0.06962759047746658 0.10307899117469788 0.012600000016391277
v -0.06965611129999161 0.10327674448490143 0.012117638252675533
v -0.06459358334541321 0.09902932494878769 0.013531851582229137
v -0.06414345651865005 0.09920269250869751 0.01333205122500658
v -0.06375692039728165 0.09935157001018524 0.013014213182032108
v -0.0634603202342987 0.09946580231189728 0.012600000016391277
v -0.06327386945486069 0.09953761100769043 0.012117638252675533
v -0.06388706713914871 0.10071592032909393 0.012117638252675533
v -0.06474708020687103 0.10172823816537857 0.012117638252675533
v -0.06581079959869385 0.1025238037109375 0.012117638252675533
v -0.06702487915754318 0.1030627191066742 0.012117638252675533
v -0.06832843273878098 0.10331796854734421 0.012117638252675533
v -0.06405285745859146 0.10060442239046097 0.012600000016391277
v -0.06488391011953354 0.10158263891935349 0.012600000016391277
v -0.06591179966926575 0.10235140472650528 0.012600000016391277
v -0.06708498299121857 0.10287217050790787 0.012600000016391277
v -0.06834463775157928 0.10311882197856903 0.012600000016391277
v -0.06431660056114197 0.1004270538687706 0.013014213182032108
v -0.06510157138109207 0.10135103017091751 0.013014213182032108
v -0.06607246398925781 0.1020771712064743 0.013014213182032108
v -0.06718059629201889 0.10256905853748322 0.013014213182032108
v -0.06837040185928345 0.10280203074216843 0.013014213182032108
v -0.06466031819581985 0.10019589960575104 0.01333205122500658
v -0.06538523733615875 0.10104918479919434 0.01333205122500658
v -0.06628185510635376 0.10171977430582047 0.01333205122500658
v -0.06730520725250244 0.10217402875423431 0.01333205122500658
v -0.06840398162603378 0.10238917917013168 0.01333205122500658
v -0.0650605857372284 0.09992671757936478 0.013531851582229137
v -0.06571556627750397 0.10069768875837326 0.013531851582229137
v -0.06652568280696869 0.1013035774230957 0.013531851582229137
v -0.06745031476020813 0.10171401500701904 0.013531851582229137
v -0.06844308972358704 0.10190840810537338 0.013531851582229137
v -0.07213307917118073 0.10293769836425781 0.012045041657984257
v -0.07211196422576904 0.10279129445552826 0.012467767111957073
v -0.07212956994771957 0.10291335731744766 0.01211533136665821
v -0.07207795232534409 0.10255546122789383 0.012846979312598705
v -0.07210063189268112 0.10271275788545609 0.012594053521752357
v -0.07203274220228195 0.10224202275276184 0.013163662515580654
v -0.07205534726381302 0.10239873826503754 0.01300532091408968
v -0.0719786137342453 0.1018666923046112 0.013401937671005726
v -0.07199663668870926 0.1019916832447052 0.013322587125003338
v -0.07191827148199081 0.10144829750061035 0.013549855910241604
v -0.07192829996347427 0.10151786357164383 0.013525260612368584
v -0.07185474038124084 0.10100781172513962 0.01360000018030405
v -0.07568327337503433 0.09641425311565399 0.013549855910241604
v -0.0752427875995636 0.09647778421640396 0.01360000018030405
v -0.07525566965341568 0.09752191603183746 0.01360000018030405
v -0.07499787211418152 0.09853380173444748 0.01360000018030405
v -0.07448696345090866 0.09944448620080948 0.01360000018030405
v -0.07375776022672653 0.10019190609455109 0.01360000018030405
v -0.07285995781421661 0.10072512924671173 0.01360000018030405
v -0.07575283944606781 0.09640422463417053 0.013525260612368584
v -0.07610166817903519 0.0963539108633995 0.013401937671005726
v -0.07622665911912918 0.09633588790893555 0.013322587125003338
v -0.07647699862718582 0.09629978239536285 0.013163662515580654
v -0.07663371413946152 0.09627717733383179 0.01300532091408968
v -0.07679043710231781 0.09625457227230072 0.012846979312598705
v -0.07694773375988007 0.09623189270496368 0.012594053521752357
v -0.07702627032995224 0.09622056037187576 0.012467767111957073
v -0.07714833319187164 0.09620295464992523 0.01211533136665821
v -0.0771726742386818 0.09619944542646408 0.012045041657984257
v -0.07724162936210632 0.09775848686695099 0.011599999852478504
v -0.07685492932796478 0.09927631169557571 0.011599999852478504
v -0.0760885700583458 0.10064233839511871 0.011599999852478504
v -0.0749947652220726 0.10176347196102142 0.011599999852478504
v -0.07364806532859802 0.1025632992386818 0.011599999852478504
v -0.07719183713197708 0.09775255620479584 0.012045041657984257
v -0.07362830638885498 0.10251721739768982 0.012045041657984257
v -0.07357001304626465 0.10238126665353775 0.012467767111957073
v -0.07704495638608932 0.09773505479097366 0.012467767111957073
v -0.07347612082958221 0.10216227173805237 0.012846979312598705
v -0.07680835574865341 0.0977068692445755 0.012846979312598705
v -0.07335133105516434 0.10187120735645294 0.013163662515580654
v -0.07649389654397964 0.09766941517591476 0.013163662515580654
v -0.07320190221071243 0.10152268409729004 0.013401937671005726
v -0.07496374845504761 0.1017240658402443 0.012045041657984257
v -0.07487226277589798 0.10160783678293228 0.012467767111957073
v -0.07472489029169083 0.10142060369253159 0.012846979312598705
v -0.0745290219783783 0.10117176175117493 0.013163662515580654
v -0.07429447770118713 0.10087378323078156 0.013401937671005726
v -0.07604841142892838 0.10061230510473251 0.012045041657984257
v -0.07592996209859848 0.10052371770143509 0.012467767111957073
v -0.07573915272951126 0.10038100928068161 0.012846979312598705
v -0.07548554986715317 0.10019133239984512 0.013163662515580654
v -0.07518187165260315 0.0999642163515091 0.013401937671005726
v -0.0768083706498146 0.0992577001452446 0.012045041657984257
v -0.07667102664709091 0.09920278191566467 0.012467767111957073
v -0.07644978165626526 0.0991143211722374 0.012846979312598705
v -0.07615572959184647 0.09899675101041794 0.013163662515580654
v -0.07580362260341644 0.09885596483945847 0.013401937671005726
v -0.07611734420061111 0.09762455523014069 0.013401937671005726
v -0.073035329580307 0.10113415867090225 0.013549855910241604
v -0.07403302192687988 0.1005416139960289 0.013549855910241604
v -0.07484335452318192 0.09971103072166443 0.013549855910241604
v -0.0754111036658287 0.09869902580976486 0.013549855910241604
v -0.07569758594036102 0.09757455438375473 0.013549855910241604
v -0.07364806532859802 0.1025632992386818 -0.009100000374019146
v -0.07364806532859802 0.1025632992386818 0.009100000374019146
v -0.0749947652220726 0.10176347196102142 0.009100000374019146
v -0.07528014481067657 0.10152412950992584 -0.009100000374019146
v -0.07528014481067657 0.10152412950992584 0.009100000374019146
v -0.0749947652220726 0.10176347196102142 -0.009100000374019146
v -0.07037150114774704 0.049168661236763 0.012117638252675533
v -0.07017374783754349 0.049197182059288025 0.012600000016391277
v -0.06985916197299957 0.04924255236983299 0.013014213182032108
v -0.06944919377565384 0.04930168017745018 0.01333205122500658
v -0.06897176802158356 0.04937053844332695 0.013531851582229137
v -0.06845942884683609 0.04944442957639694 0.01360000018030405
v -0.06385551393032074 0.04554404318332672 0.013531851582229137
v -0.06392940878868103 0.04605638235807419 0.01360000018030405
v -0.06497353315353394 0.04604350030422211 0.01360000018030405
v -0.06598541885614395 0.04630129784345627 0.01360000018030405
v -0.06689610332250595 0.046812206506729126 0.01360000018030405
v -0.06764353066682816 0.047541409730911255 0.01360000018030405
v -0.0681767463684082 0.04843921214342117 0.01360000018030405
v -0.06378665566444397 0.04506662115454674 0.01333205122500658
v -0.06372752785682678 0.044656649231910706 0.013014213182032108
v -0.06368216127157211 0.04434206709265709 0.012600000016391277
v -0.06365364044904709 0.04414431378245354 0.012117638252675533
v -0.0636439099907875 0.044076863676309586 0.011599999852478504
v -0.06521010398864746 0.044057540595531464 0.011599999852478504
v -0.06672793626785278 0.044444236904382706 0.011599999852478504
v -0.06809396296739578 0.04521059989929199 0.011599999852478504
v -0.0692150890827179 0.046304404735565186 0.011599999852478504
v -0.07001492381095886 0.04765110835433006 0.011599999852478504
v -0.06995228677988052 0.047677960246801376 0.012117638252675533
v -0.06976865231990814 0.04775669425725937 0.012600000016391277
v -0.06947653740644455 0.04788193851709366 0.013014213182032108
v -0.06909583508968353 0.04804515838623047 0.01333205122500658
v -0.06865250319242477 0.04823523387312889 0.013531851582229137
v -0.0691615417599678 0.046346552670001984 0.012117638252675533
v -0.06900454312562943 0.04647013172507286 0.012600000016391277
v -0.06875479221343994 0.046666715294122696 0.013014213182032108
v -0.06842930614948273 0.04692290723323822 0.01333205122500658
v -0.06805028021335602 0.04722124710679054 0.013531851582229137
v -0.06805314868688583 0.04526517167687416 0.012117638252675533
v -0.06793347746133804 0.0454251728951931 0.012600000016391277
v -0.06774311512708664 0.04567969962954521 0.013014213182032108
v -0.06749503314495087 0.04601140320301056 0.01333205122500658
v -0.06720613688230515 0.046397678554058075 0.013531851582229137
v -0.06670263409614563 0.04450751468539238 0.012117638252675533
v -0.06662845611572266 0.04469303414225578 0.012600000016391277
v -0.06651046127080917 0.044988155364990234 0.013014213182032108
v -0.06635668128728867 0.04537276551127434 0.01333205122500658
v -0.066177599132061 0.045820653438568115 0.013531851582229137
v -0.06520204246044159 0.044125210493803024 0.012117638252675533
v -0.06517840921878815 0.04432360827922821 0.012600000016391277
v -0.06514081358909607 0.044639214873313904 0.013014213182032108
v -0.0650918185710907 0.045050520449876785 0.01333205122500658
v -0.06503476202487946 0.04552949592471123 0.013531851582229137
v -0.07496676594018936 0.10156932473182678 0.009100000374019146
v -0.07496676594018936 0.10156932473182678 -0.009100000374019146
v -0.058175671845674515 0.06570781022310257 0.00559999980032444
v -0.050497885793447495 0.060948655009269714 0.00559999980032444
v -0.050373028963804245 0.0508287288248539 0.011599999852478504
v -0.050373028963804245 0.0508287288248539 0.00559999980032444
v -0.04922955855727196 0.05180170387029648 0.00559999980032444
v -0.04922955855727196 0.05180170387029648 0.011599999852478504
v -0.048363447189331055 0.05302810296416283 0.00559999980032444
v -0.048363447189331055 0.05302810296416283 0.011599999852478504
v -0.047828927636146545 0.05443113297224045 0.00559999980032444
v -0.047828927636146545 0.05443113297224045 0.011599999852478504
v -0.04765946790575981 0.055922940373420715 0.00559999980032444
v -0.04765946790575981 0.055922940373420715 0.011599999852478504
v -0.04786567762494087 0.057410113513469696 0.00559999980032444
v -0.04786567762494087 0.057410113513469696 0.011599999852478504
v -0.048434652388095856 0.05879952758550644 0.00559999980032444
v -0.048434652388095856 0.05879952758550644 0.011599999852478504
v -0.049330759793519974 0.060004185885190964 0.00559999980032444
v -0.049330759793519974 0.060004185885190964 0.011599999852478504
v -0.05169455334544182 0.057395175099372864 0.00559999980032444
v -0.051361288875341415 0.05683404952287674 0.00559999980032444
v -0.0546441413462162 0.0581466406583786 0.00559999980032444
v -0.055205266922712326 0.0578133761882782 0.00559999980032444
v -0.05273086950182915 0.058170247822999954 0.00559999980032444
v -0.05336329713463783 0.05833137035369873 0.00559999980032444
v -0.05216168984770775 0.057850927114486694 0.00559999980032444
v -0.05118461325764656 0.05620579048991203 0.00559999980032444
v -0.051176559180021286 0.05555320903658867 0.00559999980032444
v -0.05133768543601036 0.054920777678489685 0.00559999980032444
v -0.05165700241923332 0.054351601749658585 0.00559999980032444
v -0.05211275443434715 0.053884461522102356 0.00559999980032444
v -0.05330214276909828 0.0533745214343071 0.00559999980032444
v -0.05267388001084328 0.05355120077729225 0.00559999980032444
v -0.05554180219769478 0.047445494681596756 0.00559999980032444
v -0.055956728756427765 0.05486379191279411 0.00559999980032444
v -0.05562346801161766 0.05430266261100769 0.00559999980032444
v -0.0540158785879612 0.058323320001363754 0.00559999980032444
v -0.05515632778406143 0.05384691432118416 0.00559999980032444
v -0.05458715185523033 0.0535275936126709 0.00559999980032444
v -0.053954724222421646 0.05336647108197212 0.00559999980032444
v -0.05613340809941292 0.05549205094575882 0.00559999980032444
v -0.056141458451747894 0.056144632399082184 0.00559999980032444
v -0.05566101893782616 0.05734623968601227 0.00559999980032444
v -0.05598033592104912 0.05677706375718117 0.00559999980032444
v -0.050773508846759796 0.058619096875190735 0.01360000018030405
v -0.05017610639333725 0.05781599134206772 0.01360000018030405
v -0.04979678988456726 0.056889716535806656 0.01360000018030405
v -0.04965931549668312 0.055898267775774 0.01360000018030405
v -0.04977228865027428 0.054903727024793625 0.01360000018030405
v -0.05012863501906395 0.05396837368607521 0.01360000018030405
v -0.05070604383945465 0.05315077677369118 0.01360000018030405
v -0.05146835744380951 0.05250212550163269 0.01360000018030405
v -0.051184866577386856 0.05206901952624321 0.013531851582229137
v -0.05092069134116173 0.051665425300598145 0.01333205122500658
v -0.05069384351372719 0.051318854093551636 0.013014213182032108
v -0.05051977559924126 0.051052920520305634 0.012600000016391277
v -0.050410352647304535 0.050885748118162155 0.012117638252675533
v -0.05032389983534813 0.05280160903930664 0.013531851582229137
v -0.049967799335718155 0.05247623845934868 0.01333205122500658
v -0.049427371472120285 0.051982443779706955 0.012600000016391277
v -0.049279868602752686 0.0518476702272892 0.012117638252675533
v -0.04842359572649002 0.0530601404607296 0.012117638252675533
v -0.047895144671201706 0.0544472374022007 0.012117638252675533
v -0.04772761091589928 0.05592209845781326 0.012117638252675533
v -0.0479314811527729 0.05739238113164902 0.012117638252675533
v -0.048493992537260056 0.058766014873981476 0.012117638252675533
v -0.04937991872429848 0.05995699018239975 0.012117638252675533
v -0.04952405020594597 0.05981862172484398 0.012600000016391277
v -0.04866796359419823 0.05866776034235954 0.012600000016391277
v -0.04812439903616905 0.05734039470553398 0.012600000016391277
v -0.04792739450931549 0.05591963604092598 0.012600000016391277
v -0.04808928817510605 0.05449444800615311 0.012600000016391277
v -0.048599936068058014 0.053154073655605316 0.012600000016391277
v -0.04966201260685921 0.05219683796167374 0.013014213182032108
v -0.04888045787811279 0.05330350250005722 0.013014213182032108
v -0.04839812219142914 0.0545695535838604 0.013014213182032108
v -0.048245206475257874 0.0559157133102417 0.013014213182032108
v -0.048431288450956345 0.05725769326090813 0.013014213182032108
v -0.048944711685180664 0.058511458337306976 0.013014213182032108
v -0.049753330647945404 0.05959850177168846 0.013014213182032108
v -0.050052132457494736 0.059311643242836 0.01333205122500658
v -0.04930537939071655 0.05830775946378708 0.01333205122500658
v -0.048831235617399216 0.05714991316199303 0.01333205122500658
v -0.048659391701221466 0.05591060221195221 0.01333205122500658
v -0.04880060628056526 0.054667431861162186 0.01333205122500658
v -0.04924603924155235 0.05349823832511902 0.01333205122500658
v -0.04967176914215088 0.05372501537203789 0.013531851582229137
v -0.049269307404756546 0.054781410843133926 0.013531851582229137
v -0.049141716212034225 0.055904652923345566 0.013531851582229137
v -0.04929698258638382 0.057024404406547546 0.013531851582229137
v -0.04972538352012634 0.058070551604032516 0.013531851582229137
v -0.05040009692311287 0.05897758528590202 0.013531851582229137
v -0.05874001607298851 0.04535209387540817 0.011599999852478504
v -0.0587773397564888 0.04540911316871643 0.012117638252675533
v -0.05888676270842552 0.04557628557085991 0.012600000016391277
v -0.05906083062291145 0.04584221914410591 0.013014213182032108
v -0.05928768217563629 0.04618879407644272 0.01333205122500658
v -0.05955185368657112 0.046592384576797485 0.013531851582229137
v -0.059835344552993774 0.047025490552186966 0.01360000018030405
v -0.060611650347709656 0.046630680561065674 0.01360000018030405
v -0.06145500764250755 0.046413250267505646 0.01360000018030405
v -0.06138111650943756 0.04590091481804848 0.013531851582229137
v -0.06131226196885109 0.045423492789268494 0.01333205122500658
v -0.0612531341612339 0.04501352086663246 0.013014213182032108
v -0.061207763850688934 0.044698938727378845 0.012600000016391277
v -0.05990447849035263 0.044759877026081085 0.011599999852478504
v -0.06117924302816391 0.044501181691884995 0.012117638252675533
v -0.06116951256990433 0.04443373158574104 0.011599999852478504
v -0.05992857366800308 0.044823624193668365 0.012117638252675533
v -0.059999220073223114 0.0450105182826519 0.012600000016391277
v -0.06011160463094711 0.04530782252550125 0.013014213182032108
v -0.06025806441903114 0.04569527879357338 0.01333205122500658
v -0.060428619384765625 0.04614647850394249 0.013531851582229137
v -0.05554180219769478 0.047445494681596756 0.005499999970197678
v -0.05874001607298851 0.04535209387540817 0.005499999970197678
v -0.06116951256990433 0.04443373158574104 0.005499999970197678
v -0.05990447849035263 0.044759877026081085 0.005499999970197678
v -0.0636439099907875 0.044076863676309586 0.005499999970197678
v -0.06672793626785278 0.044444236904382706 0.005499999970197678
v -0.06521010398864746 0.044057540595531464 0.005499999970197678
v -0.06521010398864746 0.044057540595531464 -0.005499999970197678
v -0.06672793626785278 0.044444236904382706 -0.005499999970197678
v -0.06706932187080383 0.04459318146109581 0.005499999970197678
v -0.06706932187080383 0.04459318146109581 -0.005499999970197678
v -0.06675593554973602 0.04463838040828705 -0.005499999970197678
v -0.06675593554973602 0.04463838040828705 0.005499999970197678
v -0.053954724222421646 0.05336647108197212 0.01140000019222498
v -0.05330214276909828 0.0533745214343071 0.01140000019222498
v -0.05458715185523033 0.0535275936126709 0.01140000019222498
v -0.05515632778406143 0.05384691432118416 0.01140000019222498
v -0.05562346801161766 0.05430266261100769 0.01140000019222498
v -0.055956728756427765 0.05486379191279411 0.01140000019222498
v -0.05613340809941292 0.05549205094575882 0.01140000019222498
v -0.056141458451747894 0.056144632399082184 0.01140000019222498
v -0.05598033592104912 0.05677706375718117 0.01140000019222498
v -0.05566101893782616 0.05734623968601227 0.01140000019222498
v -0.055205266922712326 0.0578133761882782 0.01140000019222498
v -0.0546441413462162 0.0581466406583786 0.01140000019222498
v -0.0540158785879612 0.058323320001363754 0.01140000019222498
v -0.05336329713463783 0.05833137035369873 0.01140000019222498
v -0.05273086950182915 0.058170247822999954 0.01140000019222498
v -0.05216168984770775 0.057850927114486694 0.01140000019222498
v -0.05169455334544182 0.057395175099372864 0.01140000019222498
v -0.051361288875341415 0.05683404952287674 0.01140000019222498
v -0.05118461325764656 0.05620579048991203 0.01140000019222498
v -0.051176559180021286 0.05555320903658867 0.01140000019222498
v -0.05133768543601036 0.054920777678489685 0.01140000019222498
v -0.05165700241923332 0.054351601749658585 0.01140000019222498
v -0.05211275443434715 0.053884461522102356 0.01140000019222498
v -0.05267388001084328 0.05355120077729225 0.01140000019222498
v -0.05090174451470375 0.05703107640147209 0.01140000019222498
v -0.051301661878824234 0.05770442634820938 0.01140000019222498
v -0.05641627311706543 0.05466676503419876 0.01140000019222498
v -0.056016359478235245 0.05399341136217117 0.01140000019222498
v -0.050689730793237686 0.056277163326740265 0.01140000019222498
v -0.05186222493648529 0.05825132876634598 0.01140000019222498
v -0.054841164499521255 0.058606185019016266 0.01140000019222498
v -0.05551451817154884 0.05820626765489578 0.01140000019222498
v -0.05606142058968544 0.057645704597234726 0.01140000019222498
v -0.056444600224494934 0.056962691247463226 0.01140000019222498
v -0.056628286838531494 0.05542067810893059 0.01140000019222498
v -0.05545579269528389 0.053446512669324875 0.01140000019222498
v -0.05323076620697975 0.05287964269518852 0.01140000019222498
v -0.052476853132247925 0.05309165641665459 0.01140000019222498
v -0.051803503185510635 0.05349157005548477 0.01140000019222498
v -0.05125660076737404 0.05405213683843613 0.01140000019222498
v -0.05254523828625679 0.05863451212644577 0.01140000019222498
v -0.05330415442585945 0.05882785841822624 0.01140000019222498
v -0.05408725142478943 0.05881819874048233 0.01140000019222498
v -0.056637950241565704 0.056203775107860565 0.01140000019222498
v -0.05477277934551239 0.05306332930922508 0.01140000019222498
v -0.05401386693120003 0.05286998301744461 0.01140000019222498
v -0.050873417407274246 0.054735150188207626 0.01140000019222498
v -0.050680071115493774 0.05549406632781029 0.01140000019222498
v -0.05401386693120003 0.05286998301744461 0.01360000018030405
v -0.05323076620697975 0.05287964269518852 0.01360000018030405
v -0.05477277934551239 0.05306332930922508 0.01360000018030405
v -0.05545579269528389 0.053446512669324875 0.01360000018030405
v -0.056016359478235245 0.05399341136217117 0.01360000018030405
v -0.05641627311706543 0.05466676503419876 0.01360000018030405
v -0.056628286838531494 0.05542067810893059 0.01360000018030405
v -0.056637950241565704 0.056203775107860565 0.01360000018030405
v -0.056444600224494934 0.056962691247463226 0.01360000018030405
v -0.05606142058968544 0.057645704597234726 0.01360000018030405
v -0.05551451817154884 0.05820626765489578 0.01360000018030405
v -0.054841164499521255 0.058606185019016266 0.01360000018030405
v -0.05408725142478943 0.05881819874048233 0.01360000018030405
v -0.05330415442585945 0.05882785841822624 0.01360000018030405
v -0.05254523828625679 0.05863451212644577 0.01360000018030405
v -0.05186222493648529 0.05825132876634598 0.01360000018030405
v -0.051301661878824234 0.05770442634820938 0.01360000018030405
v -0.05090174451470375 0.05703107640147209 0.01360000018030405
v -0.050689730793237686 0.056277163326740265 0.01360000018030405
v -0.050680071115493774 0.05549406632781029 0.01360000018030405
v -0.050873417407274246 0.054735150188207626 0.01360000018030405
v -0.05125660076737404 0.05405213683843613 0.01360000018030405
v -0.051803503185510635 0.05349157005548477 0.01360000018030405
v -0.052476853132247925 0.05309165641665459 0.01360000018030405
v -0.06840965896844864 0.09463431686162949 0.01360000018030405
v -0.06320815533399582 0.05312955006957054 0.01360000018030405
v -0.06499527394771576 0.04994404315948486 0.01360000018030405
v -0.06502600014209747 0.05037228763103485 0.01360000018030405
v -0.0647832602262497 0.049190130084753036 0.01360000018030405
v -0.06388150155544281 0.052729636430740356 0.01360000018030405
v -0.06914055347442627 0.09462530165910721 0.01360000018030405
v -0.06984887272119522 0.0948057547211647 0.01360000018030405
v -0.06500493735074997 0.05072714388370514 0.01360000018030405
v -0.0601704902946949 0.048014938831329346 0.01360000018030405
v -0.05924040824174881 0.0492585152387619 0.01360000018030405
v -0.062454238533973694 0.053341563791036606 0.01360000018030405
v -0.061671141535043716 0.053351227194070816 0.01360000018030405
v -0.0648115873336792 0.0514860562980175 0.01360000018030405
v -0.0644284039735794 0.052169069647789 0.01360000018030405
v -0.07048635184764862 0.09516339004039764 0.01360000018030405
v -0.06438334286212921 0.04851678013801575 0.01360000018030405
v -0.061597757041454315 0.0474030077457428 0.01360000018030405
v -0.06084384024143219 0.04761502146720886 0.01360000018030405
v -0.059623587876558304 0.0485755018889904 0.01360000018030405
v -0.05904705822467804 0.05001743137836456 0.01360000018030405
v -0.06770601123571396 0.09483219683170319 0.01360000018030405
v -0.06382278352975845 0.04796987771987915 0.01360000018030405
v -0.06313976645469666 0.04758669435977936 0.01360000018030405
v -0.05905672162771225 0.05080052837729454 0.01360000018030405
v -0.07105160504579544 0.09908264130353928 0.01360000018030405
v -0.07054115831851959 0.09960583597421646 0.01360000018030405
v -0.06656710803508759 0.09572864323854446 0.01360000018030405
v -0.06707754731178284 0.09520544856786728 0.01360000018030405
v -0.06238085404038429 0.047393348067998886 0.01360000018030405
v -0.07140924036502838 0.09844516217708588 0.01360000018030405
v -0.0715806782245636 0.0970059484243393 0.01360000018030405
v -0.07158969342708588 0.09773684293031693 0.01360000018030405
v -0.0710095465183258 0.09567383676767349 0.01360000018030405
v -0.059268731623888016 0.05155444145202637 0.01360000018030405
v -0.0713827982544899 0.09630229324102402 0.01360000018030405
v -0.060229215770959854 0.05277469754219055 0.01360000018030405
v -0.0596686489880085 0.052227795124053955 0.01360000018030405
v -0.060912229120731354 0.053157877177000046 0.01360000018030405
v -0.06920904666185379 0.10017696768045425 0.01360000018030405
v -0.06991270184516907 0.09997908771038055 0.01360000018030405
v -0.06620946526527405 0.09636612236499786 0.01360000018030405
v -0.06603802740573883 0.09780533611774445 0.01360000018030405
v -0.06623590737581253 0.09850898385047913 0.01360000018030405
v -0.06660915911197662 0.09913744777441025 0.01360000018030405
v -0.06713235378265381 0.0996478870511055 0.01360000018030405
v -0.06776983290910721 0.10000552982091904 0.01360000018030405
v -0.06847815215587616 0.10018598288297653 0.01360000018030405
v -0.06602901220321655 0.09707444161176682 0.01360000018030405
v -0.06782422214746475 0.09510792046785355 0.013299999758601189
v -0.06726309657096863 0.09544118493795395 0.013299999758601189
v -0.0668073445558548 0.09590832144021988 0.013299999758601189
v -0.06648802757263184 0.09647750109434128 0.013299999758601189
v -0.06632690131664276 0.09710992872714996 0.013299999758601189
v -0.06633495539426804 0.09776251018047333 0.013299999758601189
v -0.06651163101196289 0.09839077293872833 0.013299999758601189
v -0.0668448954820633 0.09895189851522446 0.013299999758601189
v -0.06731203198432922 0.09940765053033829 0.013299999758601189
v -0.06788121163845062 0.09972696751356125 0.013299999758601189
v -0.06851363927125931 0.09988809376955032 0.013299999758601189
v -0.06916622072458267 0.09988003969192505 0.013299999758601189
v -0.06979448348283768 0.0997033640742302 0.013299999758601189
v -0.0703556090593338 0.09937009960412979 0.013299999758601189
v -0.07081136107444763 0.09890296310186386 0.013299999758601189
v -0.0711306780576706 0.09833378344774246 0.013299999758601189
v -0.07129180431365967 0.09770135581493378 0.013299999758601189
v -0.0712837502360344 0.09704877436161041 0.013299999758601189
v -0.07110707461833954 0.09642051160335541 0.013299999758601189
v -0.07077381014823914 0.09585938602685928 0.013299999758601189
v -0.0703066736459732 0.09540363401174545 0.013299999758601189
v -0.0697374939918518 0.09508431702852249 0.013299999758601189
v -0.06910506635904312 0.09492319077253342 0.013299999758601189
v -0.06845248490571976 0.09493124485015869 0.013299999758601189
v -0.06880935281515121 0.09740564227104187 0.013299999758601189
v -0.06320815533399582 0.05312955006957054 0.01140000019222498
v -0.062454238533973694 0.053341563791036606 0.01140000019222498
v -0.06388150155544281 0.052729636430740356 0.01140000019222498
v -0.0644284039735794 0.052169069647789 0.01140000019222498
v -0.0648115873336792 0.0514860562980175 0.01140000019222498
v -0.06500493735074997 0.05072714388370514 0.01140000019222498
v -0.06499527394771576 0.04994404315948486 0.01140000019222498
v -0.06502600014209747 0.05037228763103485 0.01140000019222498
v -0.0647832602262497 0.049190130084753036 0.01140000019222498
v -0.06438334286212921 0.04851678013801575 0.01140000019222498
v -0.06382278352975845 0.04796987771987915 0.01140000019222498
v -0.06313976645469666 0.04758669435977936 0.01140000019222498
v -0.06238085404038429 0.047393348067998886 0.01140000019222498
v -0.061597757041454315 0.0474030077457428 0.01140000019222498
v -0.06084384024143219 0.04761502146720886 0.01140000019222498
v -0.0601704902946949 0.048014938831329346 0.01140000019222498
v -0.059623587876558304 0.0485755018889904 0.01140000019222498
v -0.05924040824174881 0.0492585152387619 0.01140000019222498
v -0.05904705822467804 0.05001743137836456 0.01140000019222498
v -0.05905672162771225 0.05080052837729454 0.01140000019222498
v -0.059268731623888016 0.05155444145202637 0.01140000019222498
v -0.0596686489880085 0.052227795124053955 0.01140000019222498
v -0.060229215770959854 0.05277469754219055 0.01140000019222498
v -0.060912229120731354 0.053157877177000046 0.01140000019222498
v -0.061671141535043716 0.053351227194070816 0.01140000019222498
v -0.062025997787714005 0.05277228727936745 0.01140000019222498
v -0.06264716386795044 0.05269050970673561 0.01140000019222498
v -0.06140483170747757 0.05269050970673561 0.01140000019222498
v -0.062025997787714005 0.047972287982702255 0.01140000019222498
v -0.06140483170747757 0.04805406555533409 0.01140000019222498
v -0.059707775712013245 0.050993453711271286 0.01140000019222498
v -0.05994753539562225 0.051572285592556 0.01140000019222498
v -0.06322599947452545 0.052450746297836304 0.01140000019222498
v -0.06264716386795044 0.04805406555533409 0.01140000019222498
v -0.06032894179224968 0.052069343626499176 0.01140000019222498
v -0.06082599610090256 0.052450746297836304 0.01140000019222498
v -0.0644259974360466 0.05037228763103485 0.01140000019222498
v -0.06082599610090256 0.0482938252389431 0.01140000019222498
v -0.059707775712013245 0.049751121550798416 0.01140000019222498
v -0.05962599813938141 0.05037228763103485 0.01140000019222498
v -0.06372305750846863 0.052069343626499176 0.01140000019222498
v -0.06410446017980576 0.051572285592556 0.01140000019222498
v -0.06434421986341476 0.050993453711271286 0.01140000019222498
v -0.06434421986341476 0.049751121550798416 0.01140000019222498
v -0.06410446017980576 0.049172285944223404 0.01140000019222498
v -0.06372305750846863 0.048675231635570526 0.01140000019222498
v -0.06032894179224968 0.048675231635570526 0.01140000019222498
v -0.05994753539562225 0.049172285944223404 0.01140000019222498
v -0.06322599947452545 0.0482938252389431 0.01140000019222498
v -0.06432599574327469 0.05037228763103485 0.011500000022351742
v -0.06424763053655624 0.05096757039427757 0.011500000022351742
v -0.06401785463094711 0.05152228847146034 0.011500000022351742
v -0.06365234404802322 0.05199863389134407 0.011500000022351742
v -0.0631759986281395 0.05236414447426796 0.011500000022351742
v -0.06262128055095673 0.05259391665458679 0.011500000022351742
v -0.062025997787714005 0.052672285586595535 0.011500000022351742
v -0.06143071502447128 0.05259391665458679 0.011500000022351742
v -0.06087599694728851 0.05236414447426796 0.011500000022351742
v -0.060399651527404785 0.05199863389134407 0.011500000022351742
v -0.060034140944480896 0.05152228847146034 0.011500000022351742
v -0.059804368764162064 0.05096757039427757 0.011500000022351742
v -0.05972599610686302 0.05037228763103485 0.011500000022351742
v -0.059804368764162064 0.04977700486779213 0.011500000022351742
v -0.060034140944480896 0.04922228679060936 0.011500000022351742
v -0.060399651527404785 0.04874594137072563 0.011500000022351742
v -0.06087599694728851 0.048380427062511444 0.011500000022351742
v -0.06143071502447128 0.04815065860748291 0.011500000022351742
v -0.062025997787714005 0.04807228595018387 0.011500000022351742
v -0.06262128055095673 0.04815065860748291 0.011500000022351742
v -0.0631759986281395 0.048380427062511444 0.011500000022351742
v -0.06365234404802322 0.04874594137072563 0.011500000022351742
v -0.06401785463094711 0.04922228679060936 0.011500000022351742
v -0.06424763053655624 0.04977700486779213 0.011500000022351742
v -0.06230071559548378 0.05310853198170662 0.011500000022351742
v -0.06158316135406494 0.05308639630675316 0.011500000022351742
v -0.06089578941464424 0.05287930369377136 0.011500000022351742
v -0.06028543412685394 0.05250135809183121 0.011500000022351742
v -0.05979369953274727 0.05197831988334656 0.011500000022351742
v -0.059454090893268585 0.051345836371183395 0.011500000022351742
v -0.059289753437042236 0.050647005438804626 0.011500000022351742
v -0.0593118853867054 0.04992945119738579 0.011500000022351742
v -0.0604199655354023 0.048139989376068115 0.011500000022351742
v -0.06105244904756546 0.04780038073658943 0.011500000022351742
v -0.06363203376531601 0.05260458588600159 0.011500000022351742
v -0.06299954652786255 0.05294419452548027 0.011500000022351742
v -0.05951898172497749 0.04924207553267479 0.011500000022351742
v -0.05989692732691765 0.04863172397017479 0.011500000022351742
v -0.06175127997994423 0.04763604328036308 0.011500000022351742
v -0.06476224213838577 0.050097569823265076 0.011500000022351742
v -0.06474010646343231 0.050815124064683914 0.011500000022351742
v -0.06246883422136307 0.047658175230026245 0.011500000022351742
v -0.06453301012516022 0.051502496004104614 0.011500000022351742
v -0.06315620988607407 0.04786527156829834 0.011500000022351742
v -0.06415507197380066 0.052112847566604614 0.011500000022351742
v -0.06376656144857407 0.048243217170238495 0.011500000022351742
v -0.06425829231739044 0.048766251653432846 0.011500000022351742
v -0.06459790468215942 0.04939873889088631 0.011500000022351742
v -0.05951898172497749 0.04924207553267479 0.013199999928474426
v -0.0593118853867054 0.04992945119738579 0.013199999928474426
v -0.059289753437042236 0.050647005438804626 0.013199999928474426
v -0.059454090893268585 0.051345836371183395 0.013199999928474426
v -0.05979369953274727 0.05197831988334656 0.013199999928474426
v -0.06028543412685394 0.05250135809183121 0.013199999928474426
v -0.06089578941464424 0.05287930369377136 0.013199999928474426
v -0.06158316135406494 0.05308639630675316 0.013199999928474426
v -0.06230071559548378 0.05310853198170662 0.013199999928474426
v -0.06299954652786255 0.05294419452548027 0.013199999928474426
v -0.06363203376531601 0.05260458588600159 0.013199999928474426
v -0.06415507197380066 0.052112847566604614 0.013199999928474426
v -0.06453301012516022 0.051502496004104614 0.013199999928474426
v -0.06474010646343231 0.050815124064683914 0.013199999928474426
v -0.06476224213838577 0.050097569823265076 0.013199999928474426
v -0.06459790468215942 0.04939873889088631 0.013199999928474426
v -0.06425829231739044 0.048766251653432846 0.013199999928474426
v -0.06376656144857407 0.048243217170238495 0.013199999928474426
v -0.06315620988607407 0.04786527156829834 0.013199999928474426
v -0.06246883422136307 0.047658175230026245 0.013199999928474426
v -0.06175127997994423 0.04763604328036308 0.013199999928474426
v -0.06105244904756546 0.04780038073658943 0.013199999928474426
v -0.0604199655354023 0.048139989376068115 0.013199999928474426
v -0.05989692732691765 0.04863172397017479 0.013199999928474426
v -0.059792473912239075 0.04936537146568298 0.013500000350177288
v -0.05960797145962715 0.04997776076197624 0.013500000350177288
v -0.05958825349807739 0.0506170354783535 0.013500000350177288
v -0.059734661132097244 0.051239628344774246 0.013500000350177288
v -0.060037221759557724 0.051803115755319595 0.013500000350177288
v -0.060475315898656845 0.052269093692302704 0.013500000350177288
v -0.06101908162236214 0.05260580778121948 0.013500000350177288
v -0.061631470918655396 0.052790313959121704 0.013500000350177288
v -0.062270745635032654 0.05281003192067146 0.013500000350177288
v -0.0628933385014534 0.05266362056136131 0.013500000350177288
v -0.06345682591199875 0.05236105993390083 0.013500000350177288
v -0.06392280757427216 0.05192296952009201 0.013500000350177288
v -0.06425952166318893 0.05137920007109642 0.013500000350177288
v -0.06444402039051056 0.05076681450009346 0.013500000350177288
v -0.06446374207735062 0.0501275397837162 0.013500000350177288
v -0.06431733071804047 0.04950494319200516 0.013500000350177288
v -0.06401477009057999 0.04894145578145981 0.013500000350177288
v -0.06357668340206146 0.0484754778444767 0.013500000350177288
v -0.06303291022777557 0.04813876375555992 0.013500000350177288
v -0.062420524656772614 0.047954261302948 0.013500000350177288
v -0.061781249940395355 0.04793454334139824 0.013500000350177288
v -0.06115865334868431 0.04808095097541809 0.013500000350177288
v -0.06059516593813896 0.04838351160287857 0.013500000350177288
v -0.06012918800115585 0.04882160574197769 0.013500000350177288
v -0.05953133851289749 0.049965258687734604 0.013489778153598309
v -0.05951099470257759 0.0506247915327549 0.013489778153598309
v -0.059662044048309326 0.0512671172618866 0.013489778153598309
v -0.05997419357299805 0.05184846371412277 0.013489778153598309
v -0.060426171869039536 0.052329208701848984 0.013489778153598309
v -0.06098717078566551 0.052676595747470856 0.013489778153598309
v -0.06161896884441376 0.052866943180561066 0.013489778153598309
v -0.06227850168943405 0.052887286990880966 0.013489778153598309
v -0.06292083114385605 0.05273623764514923 0.013489778153598309
v -0.06350217014551163 0.05242409184575081 0.013489778153598309
v -0.06398291885852814 0.05197211354970932 0.013489778153598309
v -0.06433030217885971 0.051411110907793045 0.013489778153598309
v -0.06452065706253052 0.0507793165743351 0.013489778153598309
v -0.06454099714756012 0.050119783729314804 0.013489778153598309
v -0.06438995152711868 0.04947745427489281 0.013489778153598309
v -0.06407780200242996 0.04889611154794693 0.013489778153598309
v -0.06362582743167877 0.04841536283493042 0.013489778153598309
v -0.0630648210644722 0.048067979514598846 0.013489778153598309
v -0.06243302673101425 0.04787762835621834 0.013489778153598309
v -0.06177349388599396 0.04785728454589844 0.013489778153598309
v -0.06113116815686226 0.04800833389163017 0.013489778153598309
v -0.06054982170462608 0.04832048341631889 0.013489778153598309
v -0.06006907671689987 0.048772457987070084 0.013489778153598309
v -0.059721689671278 0.04933346062898636 0.013489778153598309
v -0.059459928423166275 0.049953605979681015 0.013459807261824608
v -0.059439003467559814 0.050632018595933914 0.013459807261824608
v -0.059594377875328064 0.05129273235797882 0.013459807261824608
v -0.059915460646152496 0.051890719681978226 0.013459807261824608
v -0.06038037687540054 0.052385225892066956 0.013459807261824608
v -0.06095743551850319 0.05274255573749542 0.013459807261824608
v -0.06160731613636017 0.05293835327029228 0.013459807261824608
v -0.06228572875261307 0.05295928195118904 0.013459807261824608
v -0.06294644623994827 0.05280390754342079 0.013459807261824608
v -0.06354442983865738 0.05248282477259636 0.013459807261824608
v -0.06403893977403641 0.05201790854334831 0.013459807261824608
v -0.06439626961946487 0.051440849900245667 0.013459807261824608
v -0.06459206342697144 0.05079096928238869 0.013459807261824608
v -0.0646129921078682 0.05011255294084549 0.013459807261824608
v -0.06445761770009995 0.04945184290409088 0.013459807261824608
v -0.06413653492927551 0.048853855580091476 0.013459807261824608
v -0.06367161870002747 0.04835934564471245 0.013459807261824608
v -0.06309455633163452 0.04800201952457428 0.013459807261824608
v -0.06244467943906784 0.04780621826648712 0.013459807261824608
v -0.06176626682281494 0.04778529331088066 0.013459807261824608
v -0.061105553060770035 0.04794066771864891 0.013459807261824608
v -0.06050756573677063 0.04826175048947334 0.013459807261824608
v -0.0600130595266819 0.04872666299343109 0.013459807261824608
v -0.05965572968125343 0.049303725361824036 0.013459807261824608
v -0.05939860641956329 0.049943599849939346 0.013412131927907467
v -0.05937718227505684 0.05063822492957115 0.013412131927907467
v -0.05953626707196236 0.05131473019719124 0.013412131927907467
v -0.05986502394080162 0.051927004009485245 0.013412131927907467
v -0.06034104898571968 0.052433330565690994 0.013412131927907467
v -0.06093189865350723 0.052799198776483536 0.013412131927907467
v -0.0615973100066185 0.052999675273895264 0.013412131927907467
v -0.062291935086250305 0.05302110314369202 0.013412131927907467
v -0.06296844035387039 0.0528620146214962 0.013412131927907467
v -0.0635807141661644 0.05253325775265694 0.013412131927907467
v -0.06408704072237015 0.052057236433029175 0.013412131927907467
v -0.06445290893316269 0.051466383039951324 0.013412131927907467
v -0.06465338915586472 0.05080097168684006 0.013412131927907467
v -0.06467480957508087 0.05010634660720825 0.013412131927907467
v -0.06451572477817535 0.049429845064878464 0.013412131927907467
v -0.06418696790933609 0.04881756752729416 0.013412131927907467
v -0.06371094286441803 0.04831124469637871 0.013412131927907467
v -0.06312009692192078 0.047945376485586166 0.013412131927907467
v -0.06245468556880951 0.04774489626288414 0.013412131927907467
v -0.061760056763887405 0.047723472118377686 0.013412131927907467
v -0.06108355522155762 0.0478825569152832 0.013412131927907467
v -0.06047128140926361 0.04821131378412247 0.013412131927907467
v -0.05996495485305786 0.04868733882904053 0.013412131927907467
v -0.05959908664226532 0.04927818849682808 0.013412131927907467
v -0.05935155600309372 0.049935922026634216 0.01334999967366457
v -0.059329744428396225 0.050642989575862885 0.01334999967366457
v -0.059491679072380066 0.05133160576224327 0.01334999967366457
v -0.0598263256251812 0.05195484682917595 0.01334999967366457
v -0.06031087413430214 0.052470240741968155 0.01334999967366457
v -0.06091230735182762 0.05284266173839569 0.01334999967366457
v -0.06158963590860367 0.053046729415655136 0.01334999967366457
v -0.06229669973254204 0.05306854099035263 0.01334999967366457
v -0.06298531591892242 0.05290660262107849 0.01334999967366457
v -0.0636085569858551 0.05257195979356766 0.01334999967366457
v -0.06412395089864731 0.052087411284446716 0.01334999967366457
v -0.06449636816978455 0.051485978066921234 0.01334999967366457
v -0.06470043957233429 0.05080864951014519 0.01334999967366457
v -0.06472224742174149 0.05010158568620682 0.01334999967366457
v -0.06456031650304794 0.04941296577453613 0.01334999967366457
v -0.06422566622495651 0.048789724707603455 0.01334999967366457
v -0.06374111771583557 0.04827433452010155 0.01334999967366457
v -0.06313969194889069 0.04790191352367401 0.01334999967366457
v -0.06246235966682434 0.047697845846414566 0.01334999967366457
v -0.06175529584288597 0.04767603427171707 0.01334999967366457
v -0.061066679656505585 0.04783796891570091 0.01334999967366457
v -0.06044343486428261 0.048172615468502045 0.01334999967366457
v -0.0599280446767807 0.048657163977622986 0.01334999967366457
v -0.059555623680353165 0.04925859719514847 0.01334999967366457
v -0.05932197719812393 0.04993109777569771 0.013277646154165268
v -0.05929992347955704 0.05064598098397255 0.013277646154165268
v -0.05946364998817444 0.05134221538901329 0.013277646154165268
v -0.05980199575424194 0.05197235196828842 0.013277646154165268
v -0.06029190495610237 0.052493441849946976 0.013277646154165268
v -0.06089998781681061 0.05286998301744461 0.013277646154165268
v -0.06158480793237686 0.053076308220624924 0.013277646154165268
v -0.062299694865942 0.05309835821390152 0.013277646154165268
v -0.06299592554569244 0.05293463170528412 0.013277646154165268
v -0.06362605839967728 0.052596285939216614 0.013277646154165268
v -0.06414715200662613 0.052106380462646484 0.013277646154165268
v -0.06452369689941406 0.05149829387664795 0.013277646154165268
v -0.06473001837730408 0.050813477486371994 0.013277646154165268
v -0.06475207209587097 0.050098590552806854 0.013277646154165268
v -0.06458834558725357 0.04940235614776611 0.013277646154165268
v -0.06424999982118607 0.04877222329378128 0.013277646154165268
v -0.06376008689403534 0.04825112968683243 0.013277646154165268
v -0.0631520077586174 0.04787459224462509 0.013277646154165268
v -0.06246718764305115 0.04766826331615448 0.013277646154165268
v -0.06175230070948601 0.047646213322877884 0.013277646154165268
v -0.06105606630444527 0.047809939831495285 0.013277646154165268
v -0.060425933450460434 0.04814828559756279 0.013277646154165268
v -0.05990483984351158 0.04863819479942322 0.013277646154165268
v -0.059528302401304245 0.049246277660131454 0.013277646154165268
v -0.05743781477212906 0.06059177964925766 0.004256033338606358
v -0.05744354426860809 0.06063148379325867 0.0038999998942017555
v -0.05721514672040939 0.059047866612672806 0.005499999970197678
v -0.05744354426860809 0.06063148379325867 -0.0038999998942017555
v -0.057435762137174606 0.060577522963285446 -0.004314110614359379
v -0.05726597085595131 0.05940025672316551 0.005459884647279978
v -0.0573575496673584 0.060035236179828644 0.005150930490344763
v -0.05739371478557587 0.060285989195108414 0.004897583741694689
v -0.05731424316763878 0.059734974056482315 0.005341550335288048
v -0.05721514672040939 0.059047866612672806 -0.005499999970197678
v -0.057376645505428314 0.06016765162348747 -0.005031371023505926
v -0.05732934549450874 0.059839677065610886 -0.005285640712827444
v -0.05741294473409653 0.060419317334890366 -0.004699999932199717
v -0.05742092430591583 0.06047465652227402 0.004594213794916868
v -0.05727425962686539 0.05945773795247078 -0.005445481278002262
v -0.05826402083039284 0.059314992278814316 -0.005445481278002262
v -0.058204907923936844 0.05890512093901634 -0.005499999970197678
v -0.058319102972745895 0.059696927666664124 -0.005285640712827444
v -0.058366406708955765 0.06002490594983101 -0.005031371023505926
v -0.05840270221233368 0.0602765716612339 -0.004699999932199717
v -0.05842551961541176 0.060434773564338684 -0.004314110614359379
v -0.058433301746845245 0.060488734394311905 -0.0038999998942017555
v -0.05837210267782211 0.0600644089281559 -0.0038999998942017555
v -0.058299511671066284 0.05956107750535011 -0.004562741611152887
v -0.058204907923936844 0.05890512093901634 -0.0050712814554572105
v -0.05809473618865013 0.05814124643802643 -0.005390962585806847
v -0.058433301746845245 0.060488734394311905 -0.002300000051036477
v -0.05841773748397827 0.06038081645965576 -0.0031282210256904364
v -0.057976510375738144 0.05732150748372078 -0.005499999970197678
v -0.06981553137302399 0.05884714052081108 -0.002300000051036477
v -0.06979996711015701 0.05873921886086464 -0.0031282210256904364
v -0.06975433230400085 0.05842281132936478 -0.0038999998942017555
v -0.06968174129724503 0.05791947990655899 -0.004562741611152887
v -0.06958713382482529 0.05726352706551552 -0.0050712814554572105
v -0.06947696954011917 0.056499652564525604 -0.005390962585806847
v -0.06935874372720718 0.05567990988492966 -0.005499999970197678
v -0.05842757597565651 0.0604490302503109 0.004256033338606358
v -0.058433301746845245 0.060488734394311905 0.0038999998942017555
v -0.05841068550944328 0.060331907123327255 0.004594213794916868
v -0.05838347226381302 0.06014323979616165 0.004897583741694689
v -0.05834730714559555 0.05989248678088188 0.005150930490344763
v -0.05830400437116623 0.05959222465753555 0.005341550335288048
v -0.05825572833418846 0.05925750732421875 0.005459884647279978
v -0.058204907923936844 0.05890512093901634 0.005499999970197678
v -0.058433301746845245 0.060488734394311905 0.002300000051036477
v -0.06981553137302399 0.05884714052081108 0.002300000051036477
v -0.05809473618865013 0.05814124643802643 0.005390962585806847
v -0.057976510375738144 0.05732150748372078 0.005499999970197678
v -0.06935874372720718 0.05567990988492966 0.005499999970197678
v -0.058204907923936844 0.05890512093901634 0.0050712814554572105
v -0.06947696954011917 0.056499652564525604 0.005390962585806847
v -0.058299511671066284 0.05956107750535011 0.004562741611152887
v -0.06958713382482529 0.05726352706551552 0.0050712814554572105
v -0.05837210267782211 0.0600644089281559 0.0038999998942017555
v -0.06968174129724503 0.05791947990655899 0.004562741611152887
v -0.05841773748397827 0.06038081645965576 0.0031282210256904364
v -0.06975433230400085 0.05842281132936478 0.0038999998942017555
v -0.06979996711015701 0.05873921886086464 0.0031282210256904364
v -0.07169778645038605 0.08941145986318588 0.007499999832361937
v -0.07170556485652924 0.0894654169678688 0.007914110086858273
v -0.07169778645038605 0.08941145986318588 -0.007499999832361937
v -0.0718119814991951 0.09020326286554337 -0.008885640650987625
v -0.07176467776298523 0.08987528830766678 0.008631370961666107
v -0.07176467776298523 0.08987528830766678 -0.008631370961666107
v -0.07172838598489761 0.08962362259626389 -0.008299999870359898
v -0.07186706364154816 0.09058520197868347 -0.00904548168182373
v -0.07186706364154816 0.09058520197868347 0.00904548168182373
v -0.07192618399858475 0.09099507331848145 0.009100000374019146
v -0.07172838598489761 0.08962362259626389 0.008299999870359898
v -0.0718119814991951 0.09020326286554337 0.008885640650987625
v -0.07170556485652924 0.0894654169678688 -0.007914110086858273
v -0.07192618399858475 0.09099507331848145 -0.009100000374019146
v -0.07440058141946793 0.09063820540904999 -0.009100000374019146
v -0.07434146851301193 0.09022833406925201 -0.00904548168182373
v -0.07428637892007828 0.08984639495611191 -0.008885640650987625
v -0.07423907518386841 0.08951842039823532 -0.008631370961666107
v -0.07420278340578079 0.08926675468683243 -0.008299999870359898
v -0.07417996227741241 0.08910854905843735 -0.007914110086858273
v -0.07417218387126923 0.08905459195375443 -0.007499999832361937
v -0.07417218387126923 0.08905459195375443 0.007499999832361937
v -0.07417996227741241 0.08910854905843735 0.007914110086858273
v -0.07420278340578079 0.08926675468683243 0.008299999870359898
v -0.07423907518386841 0.08951842039823532 0.008631370961666107
v -0.07428637892007828 0.08984639495611191 0.008885640650987625
v -0.07434146851301193 0.09022833406925201 0.00904548168182373
v -0.07440058141946793 0.09063820540904999 0.009100000374019146
v -0.0745956227183342 0.09899595379829407 0.009100000374019146
v -0.07494775205850601 0.09793481975793839 0.009100000374019146
v -0.07509050518274307 0.09892457723617554 0.009100000374019146
v -0.07544263452291489 0.09786344319581985 0.009100000374019146
v -0.07465473562479019 0.09940582513809204 0.00904548168182373
v -0.07470981776714325 0.09978775680065155 0.008885640650987625
v -0.07514961808919907 0.09933444857597351 0.00904548168182373
v -0.07475712150335312 0.10011573880910873 0.008631370961666107
v -0.07520470023155212 0.09971638768911362 0.008885640650987625
v -0.07479342073202133 0.10036740452051163 0.008299999870359898
v -0.075252003967762 0.1000443622469902 0.008631370961666107
v -0.07481623440980911 0.10052561014890671 0.007914110086858273
v -0.07528829574584961 0.1002960279583931 0.008299999870359898
v -0.0748240202665329 0.10057956725358963 0.007499999832361937
v -0.07531111687421799 0.10045423358678818 0.007914110086858273
v -0.07531889528036118 0.1005081906914711 0.007499999832361937
v -0.0748240202665329 0.10057956725358963 -0.007499999832361937
v -0.07470981776714325 0.09978775680065155 -0.008885640650987625
v -0.07465473562479019 0.09940582513809204 -0.00904548168182373
v -0.07479342073202133 0.10036740452051163 -0.008299999870359898
v -0.07475712150335312 0.10011573880910873 -0.008631370961666107
v -0.07481623440980911 0.10052561014890671 -0.007914110086858273
v -0.0745956227183342 0.09899595379829407 -0.009100000374019146
v -0.07531889528036118 0.1005081906914711 -0.007499999832361937
v -0.07531111687421799 0.10045423358678818 -0.007914110086858273
v -0.07528829574584961 0.1002960279583931 -0.008299999870359898
v -0.075252003967762 0.1000443622469902 -0.008631370961666107
v -0.07520470023155212 0.09971638768911362 -0.008885640650987625
v -0.07514961808919907 0.09933444857597351 -0.00904548168182373
v -0.07509050518274307 0.09892457723617554 -0.009100000374019146
v -0.07494775205850601 0.09793481975793839 -0.009100000374019146
v -0.07544263452291489 0.09786344319581985 -0.009100000374019146
v -0.07558503746986389 0.09885081648826599 0.008750930428504944
v -0.07554173469543457 0.09855055063962936 0.008941549807786942
v -0.07564841210842133 0.09929023683071136 0.00819421373307705
v -0.07562120258808136 0.09910156577825546 0.00849758367985487
v -0.07560413330793381 0.09898322820663452 -0.008631370961666107
v -0.07564043253660202 0.09923489391803741 -0.008299999870359898
v -0.07550174742937088 0.09827331453561783 -0.00904548168182373
v -0.07555682957172394 0.09865525364875793 -0.008885640650987625
v -0.07566530257463455 0.09940735995769501 0.007856033742427826
v -0.07567103207111359 0.09944706410169601 -0.007499999832361937
v -0.0756632462143898 0.0993930995464325 -0.007914110086858273
v -0.07567103207111359 0.09944706410169601 0.007499999832361937
v -0.0754934549331665 0.09821583330631256 0.009059884585440159
v -0.07517614960670471 0.09951843321323395 0.007499999832361937
v -0.07517042756080627 0.09947872906923294 0.007856033742427826
v -0.07517614960670471 0.09951843321323395 -0.007499999832361937
v -0.07516837120056152 0.09946447610855103 -0.007914110086858273
v -0.07515352964401245 0.0993616059422493 0.00819421373307705
v -0.07512632012367249 0.09917294234037399 0.00849758367985487
v -0.0750468522310257 0.0986219272017479 0.008941549807786942
v -0.07509015500545502 0.09892218559980392 0.008750930428504944
v -0.07499857991933823 0.09828720986843109 0.009059884585440159
v -0.07510925829410553 0.09905460476875305 -0.008631370961666107
v -0.07506195455789566 0.09872663021087646 -0.008885640650987625
v -0.07514555007219315 0.09930627048015594 -0.008299999870359898
v -0.075006864964962 0.09834469109773636 -0.00904548168182373
v -0.06803897023200989 0.04652911052107811 -0.004314110614359379
v -0.06806179136037827 0.04668731614947319 -0.004699999932199717
v -0.06809808313846588 0.04693898186087608 -0.005031371023505926
v -0.0680311918258667 0.04647514969110489 -0.0038999998942017555
v -0.06814538687467575 0.04726696014404297 -0.005285640712827444
v -0.06820046901702881 0.047648895531892776 -0.005445481278002262
v -0.0682595893740654 0.04805876687169075 0.005499999970197678
v -0.06805381178855896 0.04663197696208954 0.004594213794916868
v -0.06803691387176514 0.046514857560396194 0.004256033338606358
v -0.06820876151323318 0.047706376761198044 0.005459884647279978
v -0.06816048920154572 0.04737166315317154 0.005341550335288048
v -0.0681171864271164 0.04707139730453491 0.005150930490344763
v -0.0680311918258667 0.04647514969110489 0.0038999998942017555
v -0.0682595893740654 0.04805876687169075 -0.005499999970197678
v -0.06808102130889893 0.04682064801454544 0.004897583741694689
v -0.06753630936145782 0.04654652625322342 0.0038999998942017555
v -0.06753630936145782 0.04654652625322342 -0.0038999998942017555
v -0.06770559400320053 0.04772026836872101 -0.005445481278002262
v -0.06776470690965652 0.04813013970851898 -0.005499999970197678
v -0.06765051186084747 0.0473383329808712 -0.005285640712827444
v -0.0676032081246376 0.047010354697704315 -0.005031371023505926
v -0.06756690889596939 0.04675868898630142 -0.004699999932199717
v -0.06754409521818161 0.04660048708319664 -0.004314110614359379
v -0.06754203885793686 0.046586230397224426 0.004256033338606358
v -0.06755892932415009 0.04670335352420807 0.004594213794916868
v -0.06758613884449005 0.04689202085137367 0.004897583741694689
v -0.06762230396270752 0.04714277386665344 0.005150930490344763
v -0.06766560673713684 0.04744303598999977 0.005341550335288048
v -0.06771388649940491 0.047777753323316574 0.005459884647279978
v -0.06776470690965652 0.04813013970851898 0.005499999970197678
v -0.05845295637845993 0.054553598165512085 0.005499999970197678
v -0.05891193076968193 0.054905783385038376 0.005499999970197678
v -0.05749250203371048 0.053486354649066925 0.005499999970197678
v -0.05891193076968193 0.045838791877031326 0.005499999970197678
v -0.05784468352794647 0.04679924622178078 0.005499999970197678
v -0.06019139662384987 0.04518728703260422 0.005499999970197678
v -0.06159588694572449 0.04488912969827652 0.005499999970197678
v -0.05965690687298775 0.05533589422702789 0.005499999970197678
v -0.05654283985495567 0.05080239847302437 0.005499999970197678
v -0.05684099718928337 0.05220688879489899 0.005499999970197678
v -0.06559903919696808 0.04619097337126732 0.005499999970197678
v -0.06655949354171753 0.04725822061300278 0.005499999970197678
v -0.056618355214595795 0.04936859756708145 0.005499999970197678
v -0.0630296841263771 0.04496464505791664 0.005499999970197678
v -0.06439508497714996 0.04540867730975151 0.005499999970197678
v -0.06712707877159119 0.04721175506711006 0.005499999970197678
v -0.06743364036083221 0.05137597396969795 0.005499999970197678
v -0.061022307723760605 0.05577993020415306 0.005499999970197678
v -0.057062387466430664 0.048003196716308594 0.005499999970197678
v -0.06698960810899734 0.05274137854576111 0.005499999970197678
v -0.06386060267686844 0.055557288229465485 0.005499999970197678
v -0.06514006108045578 0.054905783385038376 0.005499999970197678
v -0.06245610862970352 0.055855441838502884 0.005499999970197678
v -0.06620731204748154 0.053945329040288925 0.005499999970197678
v -0.06762196123600006 0.04714038223028183 0.005499999970197678
v -0.06750915199518204 0.049942173063755035 0.005499999970197678
v -0.06721100211143494 0.048537686467170715 0.005499999970197678
v -0.06690646708011627 0.04568209871649742 0.004314110614359379
v -0.06689868122339249 0.0456281378865242 0.0038999998942017555
v -0.06739356368780136 0.04555676504969597 0.0038999998942017555
v -0.06692928075790405 0.0458403043448925 0.004699999932199717
v -0.06740134209394455 0.04561072587966919 0.004314110614359379
v -0.06696557998657227 0.046091970056295395 0.005031371023505926
v -0.06742416322231293 0.04576893150806427 0.004699999932199717
v -0.06701288372278214 0.04641994833946228 0.005285640712827444
v -0.06746045500040054 0.04602059721946716 0.005031371023505926
v -0.06706796586513519 0.04680188372731209 0.005445481278002262
v -0.06750775873661041 0.04634857177734375 0.005285640712827444
v -0.06756284832954407 0.046730510890483856 0.005445481278002262
v -0.06740134209394455 0.04561072587966919 -0.004314110614359379
v -0.06739356368780136 0.04555676504969597 -0.0038999998942017555
v -0.06750775873661041 0.04634857177734375 -0.005285640712827444
v -0.06742416322231293 0.04576893150806427 -0.004699999932199717
v -0.06746045500040054 0.04602059721946716 -0.005031371023505926
v -0.06756284832954407 0.046730510890483856 -0.005445481278002262
v -0.06762196123600006 0.04714038223028183 -0.005499999970197678
v -0.06706796586513519 0.04680188372731209 -0.005445481278002262
v -0.06701288372278214 0.04641994833946228 -0.005285640712827444
v -0.06689868122339249 0.0456281378865242 -0.0038999998942017555
v -0.06696557998657227 0.046091970056295395 -0.005031371023505926
v -0.06692928075790405 0.0458403043448925 -0.004699999932199717
v -0.06690646708011627 0.04568209871649742 -0.004314110614359379
v -0.06712707877159119 0.04721175506711006 -0.005499999970197678
v -0.05784468352794647 0.04679924622178078 -0.005499999970197678
v -0.056618355214595795 0.04936859756708145 -0.005499999970197678
v -0.057062387466430664 0.048003196716308594 -0.005499999970197678
v -0.05684099718928337 0.05220688879489899 -0.005499999970197678
v -0.05965690687298775 0.05533589422702789 -0.005499999970197678
v -0.05845295637845993 0.054553598165512085 -0.005499999970197678
v -0.05749250203371048 0.053486354649066925 -0.005499999970197678
v -0.061022307723760605 0.05577993020415306 -0.005499999970197678
v -0.05654283985495567 0.05080239847302437 -0.005499999970197678
v -0.06386060267686844 0.055557288229465485 -0.005499999970197678
v -0.06245610862970352 0.055855441838502884 -0.005499999970197678
v -0.06019139662384987 0.04518728703260422 -0.005499999970197678
v -0.05891193076968193 0.045838791877031326 -0.005499999970197678
v -0.06514006108045578 0.054905783385038376 -0.005499999970197678
v -0.06750915199518204 0.049942173063755035 -0.005499999970197678
v -0.06721100211143494 0.048537686467170715 -0.005499999970197678
v -0.06559903919696808 0.04619097337126732 -0.005499999970197678
v -0.06439508497714996 0.04540867730975151 -0.005499999970197678
v -0.06698960810899734 0.05274137854576111 -0.005499999970197678
v -0.06620731204748154 0.053945329040288925 -0.005499999970197678
v -0.0630296841263771 0.04496464505791664 -0.005499999970197678
v -0.06743364036083221 0.05137597396969795 -0.005499999970197678
v -0.06159588694572449 0.04488912969827652 -0.005499999970197678
v -0.06655949354171753 0.04725822061300278 -0.005499999970197678
v -0.06514006108045578 0.054905783385038376 -0.004699999932199717
v -0.06620731204748154 0.053945329040288925 -0.004699999932199717
v -0.06698960810899734 0.05274137854576111 -0.004699999932199717
v -0.06743364036083221 0.05137597396969795 -0.004699999932199717
v -0.06750915199518204 0.049942173063755035 -0.004699999932199717
v -0.06721100211143494 0.048537686467170715 -0.004699999932199717
v -0.06655949354171753 0.04725822061300278 -0.004699999932199717
v -0.06559903919696808 0.04619097337126732 -0.004699999932199717
v -0.06439508497714996 0.04540867730975151 -0.004699999932199717
v -0.062025997787714005 0.04487228766083717 -0.004699999932199717
v -0.06159588694572449 0.04488912969827652 -0.004699999932199717
v -0.06019139662384987 0.04518728703260422 -0.004699999932199717
v -0.05891193076968193 0.045838791877031326 -0.004699999932199717
v -0.05784468352794647 0.04679924622178078 -0.004699999932199717
v -0.057062387466430664 0.048003196716308594 -0.004699999932199717
v -0.056618355214595795 0.04936859756708145 -0.004699999932199717
v -0.05654283985495567 0.05080239847302437 -0.004699999932199717
v -0.05684099718928337 0.05220688879489899 -0.004699999932199717
v -0.05749250203371048 0.053486354649066925 -0.004699999932199717
v -0.05845295637845993 0.054553598165512085 -0.004699999932199717
v -0.05965690687298775 0.05533589422702789 -0.004699999932199717
v -0.061022307723760605 0.05577993020415306 -0.004699999932199717
v -0.06245610862970352 0.055855441838502884 -0.004699999932199717
v -0.06386060267686844 0.055557288229465485 -0.004699999932199717
v -0.0630296841263771 0.04496464505791664 -0.004699999932199717
v -0.062025997787714005 0.05037228763103485 -0.004699999932199717
v -0.06514006108045578 0.054905783385038376 0.0044999998062849045
v -0.06620731204748154 0.053945329040288925 0.0044999998062849045
v -0.06698960810899734 0.05274137854576111 0.0044999998062849045
v -0.06743364036083221 0.05137597396969795 0.0044999998062849045
v -0.06750915199518204 0.049942173063755035 0.0044999998062849045
v -0.06721100211143494 0.048537686467170715 0.0044999998062849045
v -0.06655949354171753 0.04725822061300278 0.0044999998062849045
v -0.06559903919696808 0.04619097337126732 0.0044999998062849045
v -0.06439508497714996 0.04540867730975151 0.0044999998062849045
v -0.0630296841263771 0.04496464505791664 0.0044999998062849045
v -0.062025997787714005 0.04487228766083717 0.0044999998062849045
v -0.06159588694572449 0.04488912969827652 0.0044999998062849045
v -0.06019139662384987 0.04518728703260422 0.0044999998062849045
v -0.05891193076968193 0.045838791877031326 0.0044999998062849045
v -0.05784468352794647 0.04679924622178078 0.0044999998062849045
v -0.057062387466430664 0.048003196716308594 0.0044999998062849045
v -0.056618355214595795 0.04936859756708145 0.0044999998062849045
v -0.05654283985495567 0.05080239847302437 0.0044999998062849045
v -0.05684099718928337 0.05220688879489899 0.0044999998062849045
v -0.05749250203371048 0.053486354649066925 0.0044999998062849045
v -0.05845295637845993 0.054553598165512085 0.0044999998062849045
v -0.05965690687298775 0.05533589422702789 0.0044999998062849045
v -0.061022307723760605 0.05577993020415306 0.0044999998062849045
v -0.06245610862970352 0.055855441838502884 0.0044999998062849045
v -0.06386060267686844 0.055557288229465485 0.0044999998062849045
v -0.062025997787714005 0.05037228763103485 0.0044999998062849045
v -0.06317492574453354 0.05025693401694298 0.013500000350177288
v -0.06270035356283188 0.05130960792303085 0.013500000350177288
v -0.06250056624412537 0.049319613724946976 0.013500000350177288
v -0.06155143305659294 0.051424961537122726 0.013500000350177288
v -0.06087707355618477 0.050487637519836426 0.013500000350177288
v -0.06135163828730583 0.04943496361374855 0.013500000350177288
v -0.061214253306388855 0.05095629766583443 0.012000000104308128
v -0.06155143305659294 0.051424961537122726 0.012000000104308128
v -0.06087707355618477 0.050487637519836426 0.012000000104308128
v -0.06212589517235756 0.05136728286743164 0.012000000104308128
v -0.06270035356283188 0.05130960792303085 0.012000000104308128
v -0.06293763965368271 0.050783272832632065 0.012000000104308128
v -0.06317492574453354 0.05025693401694298 0.012000000104308128
v -0.06283774226903915 0.04978827387094498 0.012000000104308128
v -0.06250056624412537 0.049319613724946976 0.012000000104308128
v -0.06192610040307045 0.04937728866934776 0.012000000104308128
v -0.06135163828730583 0.04943496361374855 0.012000000104308128
v -0.0611143559217453 0.04996130242943764 0.012000000104308128
v -0.06186496466398239 0.05135923624038696 0.012000000104308128
v -0.06161501258611679 0.051283929497003555 0.012000000104308128
v -0.06139306724071503 0.0511464960873127 0.012000000104308128
v -0.06125178933143616 0.049739353358745575 0.012000000104308128
v -0.06144198402762413 0.0495605431497097 0.012000000104308128
v -0.06167197972536087 0.04943704977631569 0.012000000104308128
v -0.06218702718615532 0.04938533902168274 0.012000000104308128
v -0.06243698298931122 0.04946064576506615 0.012000000104308128
v -0.06265892833471298 0.049598079174757004 0.012000000104308128
v -0.06296123564243317 0.05001826956868172 0.012000000104308128
v -0.06302099674940109 0.050272390246391296 0.012000000104308128
v -0.06301295012235641 0.050533317029476166 0.012000000104308128
v -0.06280020624399185 0.05100521817803383 0.012000000104308128
v -0.06261000782251358 0.05118403211236 0.012000000104308128
v -0.06238001585006714 0.05130752548575401 0.012000000104308128
v -0.06109075993299484 0.050726305693387985 0.012000000104308128
v -0.061030998826026917 0.050472185015678406 0.012000000104308128
v -0.06103904917836189 0.05021125450730324 0.012000000104308128
v -0.062025997787714005 0.05037228763103485 0.011422649957239628
v -0.06102599576115608 0.05094963684678078 -0.013500000350177288
v -0.062025997787714005 0.0515269860625267 -0.013500000350177288
v -0.06302599608898163 0.05094963684678078 -0.013500000350177288
v -0.06102599576115608 0.04979493468999863 -0.013500000350177288
v -0.062025997787714005 0.0492175854742527 -0.013500000350177288
v -0.06302599608898163 0.04979493468999863 -0.013500000350177288
v -0.062025997787714005 0.0515269860625267 -0.012000000104308128
v -0.06302599608898163 0.05094963684678078 -0.012000000104308128
v -0.062025997787714005 0.0492175854742527 -0.012000000104308128
v -0.06102599576115608 0.04979493468999863 -0.012000000104308128
v -0.06102599576115608 0.05094963684678078 -0.012000000104308128
v -0.06302599608898163 0.04979493468999863 -0.012000000104308128
vt -0.03393976762890816 -0.009837932884693146
vt 0.7853981852531433 0.044557373970746994
vt 1.4508049488067627 0.0
vt 3.83972430229187 1.7951958179473877
vt 3.1415927410125732 -0.05674999952316284
vt 4.974188327789307 -0.0320499986410141
vt 1.3089969158172607 0.02402881719172001
vt -0.009700000286102295 -0.004000000189989805
vt 4.188790321350098 7.57608358530954e-29
vt -0.004915866535156965 0.00896926037967205
vt 1.9425987476852859e-28 0.035557374358177185
vt 0.2617993950843811 -0.00019999999494757503
vt 1.4193538427352905 0.0044999998062849045
vt 1.121997356414795 -0.025459138676524162
vt -0.006213335786014795 -0.0055486224591732025
vt 1.5707963705062866 7.57608358530954e-29
vt 0.0 1.1384122811097797e-18
vt 0.007128220982849598 0.005390962585806847
vt 0.7853981852531433 0.0024999999441206455
vt 0.8975979089736938 0.7853981852531433
vt 0.5235987901687622 0.032557372003793716
vt -0.008197702467441559 -0.050774961709976196
vt 5.0152740478515625 -1.7951958179473877
vt 0.004728644620627165 0.0005349261336959898
vt -1.5707963705062866 2.802596928649634e-45
vt 5.235987663269043 -0.05674999952316284
vt 5.921573162078857 5.782411445417199e-15
vt 1.3089969158172607 0.04305737093091011
vt -0.0002791492152027786 -0.00800000037997961
vt 2.356194496154785 0.03305737301707268
vt 0.2617993950843811 3.355605723842636e-17
vt -0.004986572545021772 -0.04943576455116272
vt -0.01791411079466343 -0.00394548149779439
vt 4.450589656829834 0.0
vt 2.6179938316345215 0.0003000000142492354
vt 5.759586334228516 -0.03375000134110451
vt -0.005285640712827444 -0.0031999999191612005
vt 4.71238899230957 2.8800551891326904
vt 1.0471975803375244 -0.0005000000237487257
vt 1.3089969158172607 2.802596928649634e-45
vt 2.0941848754882812 0.0020000000949949026
vt 0.4487989544868469 -0.5235987901687622
vt 5.759586334228516 0.019099999219179153
vt 1.9525871276855469 -0.7853981852531433
vt 0.2617993950843811 0.5235987901687622
vt 0.0009009813074953854 -0.001102088252082467
vt 0.0005709895631298423 0.003959036432206631
vt 3.0417797565460205 0.0
vt 0.0026545890141278505 -0.0014892681501805782
vt 5.235987663269043 -0.4487989544868469
vt 6.2831854820251465 0.035557374358177185
vt 1.346396803855896 -0.034771449863910675
vt 4.974188327789307 -1.5707963705062866
vt 1.5707963705062866 0.025200000032782555
vt 4.188790321350098 -0.0272000003606081
vt 2.454369306564331 1.121997356414795
vt -0.004714359529316425 0.04081999883055687
vt 6.544984817504883 1.3010426069826053e-18
vt 3.4033920764923096 1.3010426069826053e-18
vt 1.0471975803375244 -0.02500000037252903
vt 0.7853981852531433 0.5235987901687622
vt 0.673198401927948 0.0
vt 2.6179938316345215 1.0733601507606494e-17
vt 0.0016263455618172884 -0.0011236544232815504
vt 3.665191411972046 -0.0320499986410141
vt 1.832595705986023 1.3010426069826053e-18
vt -0.00819421373307705 0.050361551344394684
vt 1.7016960382461548 -0.0005773502634838223
vt 6.183372497558594 5.782411445417199e-15
vt 5.135923862457275 -0.05844999849796295
vt 0.4487989544868469 1.5707963705062866
vt 4.71238899230957 -0.5233886241912842
vt 0.0005151568329893053 -1.9790042642853223e-05
vt 4.05789041519165 -2.6179938316345215
vt -0.02135266177356243 -0.006995076313614845
vt 0.0059316582046449184 -0.009151031263172626
vt 0.009071281179785728 0.0038999998942017555
vt 6.02138614654541 -0.8975979089736938
vt -0.02868536114692688 -0.009589594788849354
vt -0.009707175195217133 -0.009648087434470654
vt 3.9269907474517822 -5.041540102057596e-18
vt 6.02138614654541 0.5235987901687622
vt 4.974188327789307 -0.0272000003606081
vt -0.0024500000290572643 0.0
vt 0.008885640650987625 0.049720000475645065
vt 0.0044999998062849045 -0.002227407181635499
vt 0.5235987901687622 -0.03375000134110451
vt -0.000595283810980618 -0.0005283706123009324
vt -0.0022335227113217115 0.0010069143027067184
vt -0.0009735483326949179 -0.0001780933962436393
vt -0.0006341066327877343 -0.0023665183689445257
vt 2.094395160675049 0.022700000554323196
vt 3.9269907474517822 -0.002199999988079071
vt 5.759586334228516 0.008100000210106373
vt 6.544984817504883 1.0471975803375244
vt 4.05789041519165 2.4683942794799805
vt 6.02138614654541 0.035557374358177185
vt 0.001500000013038516 -0.0011547005269676447
vt -0.03370309993624687 -0.018038427457213402
vt 2.7488934993743896 -0.0005773502634838223
vt 0.0 0.047520000487565994
vt -0.005433858372271061 0.01081122923642397
vt -0.014795487746596336 -0.04453565925359726
vt 3.2848293781280518 -0.002199999988079071
vt 4.450589656829834 0.015832317993044853
vt 6.2831854820251465 -0.002199999988079071
vt -0.002125580795109272 -0.0021786850411444902
vt -0.045236580073833466 0.001245830557309091
vt 3.665191411972046 -2.3852447794681098e-18
vt 2.463088377870201e-15 0.7853981852531433
vt 5.759586334228516 -9.999999747378752e-05
vt 1.1999138593673706 1.346396803855896
vt -0.00027471708017401397 -1.3756129192188382e-05
vt -0.015505199320614338 -0.03857778385281563
vt 1.5707963705062866 1.121997356414795
vt 0.0033261459320783615 -0.0020461557433009148
vt 6.2831854820251465 0.032557372003793716
vt 1.0471975803375244 -0.00800000037997961
vt 4.188790321350098 -0.02500000037252903
vt 6.2831854820251465 -0.019200000911951065
vt 0.8975979089736938 0.0
vt 0.010412528179585934 -0.006154248025268316
vt 1.7016960382461548 -0.2617993950843811
vt 4.450589656829834 1.3010426069826053e-18
vt 4.494222640991211 -1.832595705986023
vt 5.497786998748779 1.3010426069826053e-18
vt 0.004133360926061869 0.002756555564701557
vt 0.2615375518798828 8.294146619514109e-18
vt 4.581489086151123 -0.0005773502634838223
vt -0.006934252567589283 -0.006771779153496027
vt -0.012792995199561119 -0.0434122271835804
vt -0.01047177892178297 0.009390962310135365
vt 1.0471975803375244 0.02402881719172001
vt 8.639379501342773 0.010999999940395355
vt 3.1415927410125732 1.3092588186264038
vt -0.09079253673553467 -0.009717230685055256
vt -0.035178959369659424 0.00517469784244895
vt 4.974188327789307 -0.8975979089736938
vt 2.923426389694214 -1.1364126822411769e-25
vt 3.1415927410125732 -0.0020843343809247017
vt 0.005396307911723852 0.007767654024064541
vt 4.71238899230957 2.0195953845977783
vt 2.7052602767944336 0.2615375518798828
vt 5.921321868896484 -0.05844999849796295
vt 6.02138614654541 -0.03375000134110451
vt 1.9525871276855469 -0.5235987901687622
vt -1.5707963705062866 0.000800000037997961
vt 6.2831854820251465 0.019099999219179153
vt 1.3092588186264038 -1.2584928516286546e-25
vt -0.009312311187386513 -0.025200000032782555
vt 5.759586334228516 -0.00019999999494757503
vt 0.0014308302197605371 -0.0019887746311724186
vt 0.0007664529839530587 0.0032592809293419123
vt 1.4193538427352905 0.022700000554323196
vt -0.0073543451726436615 -0.050992392003536224
vt 2.094395160675049 -0.00019999999494757503
vt 0.8975979089736938 1.5707963705062866
vt 0.6981316804885864 -1.1216031312942505
vt 3.9269907474517822 1.6069783194858586e-25
vt 1.5707963705062866 -9.999999747378752e-05
vt 2.2034780979156494 -1.7090779979987689e-25
vt 2.0195953845977783 0.0020000000949949026
vt 0.2617993950843811 8.570530891709706e-29
vt -0.031567320227622986 0.00920037180185318
vt 5.497786998748779 -0.0320499986410141
vt 0.0040506054647266865 0.003319484181702137
vt 5.697499752044678 0.008100000210106373
vt 0.04090806469321251 -0.0065273260697722435
vt 0.04336123913526535 0.006253747269511223
vt 3.665191411972046 -0.0272000003606081
vt 3.4033920764923096 -1.5707963705062866
vt 0.0 -0.02500000037252903
vt 0.009031371213495731 0.005031371023505926
vt 5.148721218109131 0.0020000000949949026
vt -0.0017818561755120754 -0.0008895588689483702
vt -0.0038432900328189135 -0.004399999976158142
vt 1.0471975803375244 0.047520000487565994
vt 4.4508514404296875 0.00648915208876133
vt 3.1415927410125732 0.025200000032782555
vt 4.974188327789307 1.3010426069826053e-18
vt -0.03962000086903572 -0.019099999219179153
vt 4.71238899230957 -0.02500000037252903
vt 6.2831854820251465 9.999999747378752e-05
vt 4.863831520080566 -1.5707963705062866
vt 0.005076989997178316 0.00833683181554079
vt 4.855625629425049 -0.0272000003606081
vt 0.8975979089736938 -0.010082819499075413
vt 0.008256033062934875 -0.005459884647279978
vt 5.235987663269043 -0.0272000003606081
vt -1.832595705986023 0.0
vt -0.001604985329322517 0.010826165787875652
vt 0.025200000032782555 -0.00648915208876133
vt 2.356194496154785 0.025200000032782555
vt -0.002121762139722705 -0.0012250000145286322
vt -0.008568628691136837 -0.002531370846554637
vt -0.004297398496419191 -0.002095811767503619
vt 4.974188327789307 0.2617993950843811
vt -0.008010119199752808 -0.010951031930744648
vt 0.4487989544868469 0.0
vt -0.08721949905157089 -0.005535918287932873
vt 3.4033920764923096 9.999999747378752e-05
vt -0.014036573469638824 -0.04434231296181679
vt -0.000595283810980618 -0.004971629474312067
vt 3.4033920764923096 -0.0272000003606081
vt 0.2617993950843811 1.1210387714598537e-44
vt 1.047407627105713 -0.02008282020688057
vt 2.24399471282959 0.0020000000949949026
vt 1.832595705986023 0.000800000037997961
vt 1.346396803855896 -0.010082819499075413
vt 2.454369306564331 -0.5235987901687622
vt 0.019200000911951065 -1.6710785681942727e-27
vt -0.017340997233986855 -0.04490351676940918
vt 0.0 -0.011976709589362144
vt 2.7052602767944336 -0.2617993950843811
vt 1.5705451965332031 -0.05844999849796295
vt 0.03431287035346031 -0.002830918412655592
vt 6.02138614654541 1.3089969158172607
vt 3.1415927410125732 0.4487989544868469
vt 6.2831854820251465 -0.0320499986410141
vt 0.8975979089736938 -1.3089969158172607
vt 3.4033920764923096 0.0003000000142492354
vt -0.0052999998442828655 0.05030564218759537
vt 0.042236294597387314 0.005279337987303734
vt 1.346396803855896 -0.027809027582406998
vt -0.0006525812787003815 8.051290933508426e-06
vt -0.051342420279979706 -0.00800000037997961
vt 3.8271780014038086 5.782411445417199e-15
vt 3.4033920764923096 0.0024999999441206455
vt 4.560946464538574 0.025200000032782555
vt -0.0012488216161727905 0.0008796465117484331
vt 3.9269907474517822 7.57608358530954e-29
vt -0.005499999970197678 -0.00139999995008111
vt 0.0 0.0011547005269676447
vt -0.0182499997317791 0.024071281775832176
vt 2.7052602767944336 0.5233886241912842
vt 2.356194496154785 -0.0003000000142492354
vt -2.0130582925048657e-06 -0.005453336983919144
vt 1.0471975803375244 1.0471975803375244
vt 0.5235987901687622 0.2617993950843811
vt -0.0015682318480685353 0.007847186177968979
vt 0.002121762139722705 0.0012250000145286322
vt -0.006000000052154064 0.028928719460964203
vt 1.0471975803375244 -9.999999747378752e-05
vt 5.235987663269043 9.999999747378752e-05
vt 0.004399999976158142 -0.00648915208876133
vt 0.22439947724342346 -1.6069783194858586e-25
vt 0.043624620884656906 0.0035925409756600857
vt -0.025200000032782555 -9.359436358134806e-27
vt 2.879793167114258 1.3089969158172607
vt 0.0007137369248084724 -0.004948795773088932
vt 0.6981316804885864 -0.22479204833507538
vt -0.003108542412519455 -0.010371931828558445
vt 3.83972430229187 -2.356194496154785
vt 1.3089969158172607 -0.0003000000142492354
vt 8.682494323470047e-27 0.03305737301707268
vt 1.439896583557129 0.0020000000949949026
vt 0.5235987901687622 9.999999747378752e-05
vt 3.1415927410125732 -0.019200000911951065
vt -0.009312311187386513 -0.0020000000949949026
vt 4.450589656829834 0.2617993950843811
vt -0.0044999998062849045 0.04162000119686127
vt -0.02920490875840187 -0.012388797476887703
vt 3.1415927410125732 0.04380989074707031
vt 2.2034780979156494 -1.5707963705062866
vt 0.0007569016888737679 -0.005259988829493523
vt 1.5707963705062866 -1.071316466788007e-28
vt -0.04387267306447029 0.007944063283503056
vt 1.7222387790679932 1.346396803855896
vt 0.022700000554323196 -2.2817558534862288e-28
vt 1.5707963705062866 1.3089969158172607
vt 0.045236580073833466 0.001245830557309091
vt -0.008941549807786942 0.04961421340703964
vt -0.025556353852152824 -0.006773684173822403
vt -0.007041447330266237 0.006790575571358204
vt -0.00037471685209311545 -0.0007482829969376326
vt 1.0471975803375244 0.044557373970746994
vt 5.609986782073975 0.0005000000237487257
vt 2.879793167114258 -0.00800000037997961
vt 4.450589656829834 -0.00019999999494757503
vt 3.4033920764923096 1.0471975803375244
vt 0.0002853858459275216 0.0017254938138648868
vt -0.007600000128149986 0.02850000001490116
vt 1.5707963705062866 -0.0020843343809247017
vt 2.879793167114258 -0.0003000000142492354
vt 0.7853981852531433 -0.010082819499075413
vt -2.6645352591003757e-15 0.032557372003793716
vt -0.018038427457213402 0.013816899619996548
vt 4.71238899230957 6.507633624502511e-29
vt 4.612576007843018 5.782411445417199e-15
vt 2.6177427768707275 -0.05844999849796295
vt -0.021199999377131462 0.028928719460964203
vt -0.0015462561277672648 0.0019644571002572775
vt 5.497786998748779 -0.00019999999494757503
vt 1.121997356414795 -1.3089969158172607
vt -0.013415069319307804 -0.019740963354706764
vt 1.9525871276855469 -1.5707963705062866
vt 0.0 9.999999747378752e-05
vt 6.4424760200323635e-27 0.02452881820499897
vt 0.038216978311538696 0.004596230108290911
vt 6.02138614654541 -0.02500000037252903
vt 1.9525871276855469 1.121997356414795
vt 5.235987663269043 -0.8975979089736938
vt 2.6179938316345215 0.0044999998062849045
vt 5.759586334228516 -0.0320499986410141
vt -0.031662505120038986 0.01204307097941637
vt 3.1415927410125732 1.734723475976807e-18
vt 0.7853981852531433 -0.0272000003606081
vt -0.0038044166285544634 -0.04667849838733673
vt 1.9525871276855469 -1.0471975803375244
vt 2.1925699710845947 0.0020000000949949026
vt 0.002599884755909443 0.00103951885830611
vt -0.004256569780409336 -0.0014919996028766036
vt 0.0017318067839369178 0.0022001920733600855
vt -0.2617993950843811 1.3089969158172607
vt 3.1415927410125732 0.02452881820499897
vt 0.2617993950843811 0.0
vt -0.01054999977350235 0.02449999935925007
vt 4.71238899230957 9.999999747378752e-05
vt 1.121997356414795 -0.027809027582406998
vt -0.0008252872503362596 0.00028286667657084763
vt 6.02138614654541 2.802596928649634e-45
vt 1.5707963705062866 -1.6069783194858586e-25
vt 5.759586334228516 9.999999747378752e-05
vt -0.04301048442721367 0.015296281315386295
vt 8.377580642700195 0.010999999940395355
vt -0.007499999832361937 -0.0005000000237487257
vt 1.832595705986023 2.2159139597613595e-17
vt 6.544984817504883 0.2617993950843811
vt 6.02138614654541 0.04305737093091011
vt 0.7853981852531433 0.7853981852531433
vt 0.22439947724342346 -0.010082819499075413
vt 2.8800551891326904 -0.0020843343809247017
vt 6.282934188842773 -0.05844999849796295
vt 3.9269907474517822 -0.7853981852531433
vt 4.71238899230957 0.02402881719172001
vt 1.346396803855896 -0.008478607051074505
vt -0.0022422485053539276 -0.001676997751928866
vt 4.450589656829834 -0.0003000000142492354
vt 1.439896583557129 0.00800000037997961
vt 3.4033920764923096 0.035557374358177185
vt 4.71238899230957 -2.692793607711792
vt 0.00027471708017401397 0.002736243885010481
vt -0.0015029420610517263 0.0008198875002563
vt 1.3089969158172607 1.0471975803375244
vt -0.033817991614341736 -0.0029022919479757547
vt 3.1415927410125732 -0.00019999999494757503
vt 2.356194496154785 -0.002199999988079071
vt 4.974188327789307 0.0003000000142492354
vt 0.7853981852531433 -2.358139725155972e-18
vt 3.9269907474517822 -0.05674999952316284
vt 3.664940357208252 -0.05844999849796295
vt -0.01863137073814869 -0.0035313707776367664
vt 0.008631285279989243 -0.010269253514707088
vt 3.1415927410125732 -0.2617993950843811
vt -0.043165646493434906 -0.0051222676411271095
vt 0.025200000032782555 -0.0024999999441206455
vt 3.4033920764923096 1.6069783194858586e-25
vt 2.463088377870201e-15 -0.5235987901687622
vt 0.006099999882280827 0.04555737227201462
vt 0.6981316804885864 0.0
vt -0.01812928169965744 -0.04191157594323158
vt 0.8975979089736938 -0.008478607051074505
vt 0.007914110086858273 0.050465479493141174
vt 2.6179938316345215 2.802596928649634e-45
vt 0.2617993950843811 -0.0024999999441206455
vt 0.008314110338687897 0.005445481278002262
vt 5.497786998748779 -1.346396803855896
vt 1.3089969158172607 -0.002199999988079071
vt 0.0 0.2617993950843811
vt 1.1999138593673706 1.5707963705062866
vt 4.263195991516113 0.009312311187386513
vt 0.2617993950843811 0.0003000000142492354
vt -0.01867128163576126 0.007899999618530273
vt 0.005285640712827444 -0.0031999999191612005
vt -0.036867473274469376 -0.00690351752564311
vt 5.650688648223877 0.04534353315830231
vt 1.5707963705062866 -1.3089969158172607
vt -0.008638863451778889 -0.049390703439712524
vt 4.188790321350098 -5.041540102057596e-18
vt -2.042810365310288e-14 -1.84033541504574e-17
vt -0.019850000739097595 0.016699999570846558
vt 3.83972430229187 -2.019989490509033
vt 2.6179938316345215 -0.02500000037252903
vt -0.021900000050663948 0.040234360843896866
vt 2.1925699710845947 0.00800000037997961
vt 3.1415927410125732 0.0
vt 3.5903916358947754 -5.9631119486702744e-18
vt 1.9525871276855469 -1.3089969158172607
vt 3.1415927410125732 0.0020843343809247017
vt 0.0 0.0024500000290572643
vt 0.04501518979668617 -0.00295786140486598
vt 5.759586334228516 0.02402881719172001
vt -0.09803478419780731 -0.00352854048833251
vt -0.0006743593257851899 0.0009373221546411514
vt 1.832595705986023 0.0
vt 5.579236030578613 0.04555737227201462
vt 0.7853981852531433 -0.0024999999441206455
vt 1.832595705986023 0.0020843343809247017
vt 0.2617993950843811 -0.03355737403035164
vt 5.834386348724365 0.032557372003793716
vt 1.5707963705062866 -0.05674999952316284
vt 4.450589656829834 -1.3089969158172607
vt 0.7853981852531433 -0.03355737403035164
vt 1.121997356414795 -0.010082819499075413
vt 1.7222387790679932 -0.7853981852531433
vt 0.5235987901687622 -0.03305737301707268
vt 5.834386348724365 0.03355737403035164
vt 2.2034780979156494 0.4487989544868469
vt 3.9269907474517822 -0.0272000003606081
vt 1.0471975803375244 0.0003000000142492354
vt -0.019540440291166306 -0.015531727112829685
vt 4.450589656829834 0.02452881820499897
vt 1.121997356414795 0.0
vt 8.131516293641283e-15 0.02452881820499897
vt 1.9525871276855469 -1.7090779979987689e-25
vt 5.0152740478515625 -1.8323339223861694
vt 5.759586334228516 -0.0272000003606081
vt 3.665191411972046 0.009999999776482582
vt 5.759586334228516 -0.019200000911951065
vt -0.002117529511451721 -0.002831266261637211
vt 3.665191411972046 -4.035750689130103e-29
vt -0.008287258446216583 0.02356274239718914
vt 1.346396803855896 -0.7853981852531433
vt -0.00015901522419881076 -0.008049709722399712
vt 4.71238899230957 -0.2615375518798828
vt 1.5707963705062866 8.570530891709706e-29
vt 0.011010119691491127 -0.007951031439006329
vt 0.7853981852531433 -0.03305737301707268
vt -0.03393976762890816 -0.017362067475914955
vt 1.8736811876296997 0.0
vt 0.0038999998942017555 -0.0005000000237487257
vt -2.879793167114258 2.802596928649634e-45
vt 2.356194496154785 9.999999747378752e-05
vt 5.497786998748779 1.1210387714598537e-44
vt 0.8975979089736938 -0.2617993950843811
vt 0.002297720406204462 0.0009851297363638878
vt 4.450589656829834 -0.7853981852531433
vt 3.4033920764923096 7.57608358530954e-29
vt 6.058785915374756 0.032557372003793716
vt 0.7853981852531433 0.0
vt 1.1308986677731984e-26 0.04305737093091011
vt 5.385587215423584 0.03355737403035164
vt -0.009721779264509678 0.024390961974859238
vt 1.7222387790679932 0.22439947724342346
vt 1.9525871276855469 0.0
vt -0.01218106597661972 -0.04198496416211128
vt 2.923426389694214 -1.3089969158172607
vt -0.00849758367985487 0.050170931965112686
vt -0.005224528722465038 -0.009064801968634129
vt -0.0044999998062849045 0.048920001834630966
vt 0.00800000037997961 -0.006177578587085009
vt 0.9381144642829895 0.025200000032782555
vt -0.025200000032782555 0.047520000487565994
vt 2.6179938316345215 1.3089969158172607
vt 3.1415927410125732 0.009312311187386513
vt -0.01665000058710575 0.013500000350177288
vt -0.010916358791291714 -0.04200248420238495
vt 5.0152740478515625 -2.0195953845977783
vt 5.0152740478515625 -2.9171931743621826
vt 4.974188327789307 -0.00019999999494757503
vt 4.560946464538574 0.004399999976158142
vt 3.9269907474517822 -0.02500000037252903
vt 5.161188125610352 0.0005000000237487257
vt 0.0 2.8650042407929455e-17
vt -2.6645352591003757e-15 1.1364126822411769e-25
vt 8.639379501342773 0.009999999776482582
vt 3.3659920692443848 0.032557372003793716
vt -0.007350000087171793 0.021299999207258224
vt 3.4033920764923096 0.0020000000949949026
vt 3.3659920692443848 0.00648915208876133
vt 0.7853981852531433 0.047520000487565994
vt 5.759586334228516 2.2159139597613595e-17
vt 3.665191411972046 1.0471975803375244
vt 1.832595705986023 9.999999747378752e-05
vt 0.0029498508665710688 -0.0015839006518945098
vt 5.834386348724365 0.03305737301707268
vt 5.609986782073975 0.03305737301707268
vt 1.5707963705062866 -0.0003000000142492354
vt 4.974188327789307 -1.346396803855896
vt 4.05789041519165 -0.0005773502634838223
vt 1.5707963705062866 1.1210387714598537e-44
vt -0.008010119199752808 -0.0055510313250124454
vt 0.002749999985098839 -0.002749999985098839
vt -0.2617993950843811 0.5235987901687622
vt 5.497786998748779 2.802596928649634e-45
vt 6.2831854820251465 -0.05674999952316284
vt -0.017907608300447464 -0.04037456586956978
vt 1.121997356414795 -0.008478607051074505
vt 2.225294828414917 -0.0005773502634838223
vt -0.007138211280107498 -0.044054415076971054
vt 3.665191411972046 -1.071316466788007e-28
vt 0.0007851106347516179 -0.005443675443530083
vt 4.450589656829834 0.009312311187386513
vt 0.0033358074724674225 -0.0028292532078921795
vt 0.009872714057564735 0.008908105082809925
vt -0.2617993950843811 -0.0272000003606081
vt 5.697499752044678 0.019099999219179153
vt -0.04188618063926697 -0.005773772485554218
vt 4.974188327789307 0.010999999940395355
vt 0.002064179629087448 0.0038443205412477255
vt -2.094395160675049 -0.002199999988079071
vt 5.385587215423584 0.0005000000237487257
vt -0.021514110267162323 0.04007451981306076
vt 6.2831854820251465 -0.2615375518798828
vt 1.121997356414795 0.7853981852531433
vt 0.7853981852531433 -0.00800000037997961
vt 4.974188327789307 -1.121997356414795
vt -0.019099999219179153 0.006300000008195639
vt 4.05789041519165 2.0195953845977783
vt 0.0011404509423300624 -0.004476405680179596
vt 0.13089969754219055 -0.0005773502634838223
vt 2.923426389694214 -1.0471975803375244
vt 1.0471975803375244 1.3010426069826053e-18
vt 0.00928564090281725 0.004699999932199717
vt 2.890937089920044 0.035557374358177185
vt -0.008944571949541569 0.011229430325329304
vt -0.0016060338821262121 -0.0005177018465474248
vt 4.71238899230957 -1.121997356414795
vt 1.5707963705062866 2.802596928649634e-45
vt -0.0008673431002534926 0.0022913350258022547
vt 1.0471975803375244 -0.0024999999441206455
vt 0.673198401927948 -0.0019894554279744625
vt 1.3089969158172607 -0.02500000037252903
vt 5.497786998748779 0.0020000000949949026
vt 2.923426389694214 -1.5707963705062866
vt -0.0001619751419639215 -0.00027638243045657873
vt -0.004671511240303516 -0.004509037360548973
vt -0.0926271453499794 -0.010032229125499725
vt 2.094395160675049 0.5235987901687622
vt 1.9525871276855469 0.673198401927948
vt -0.0024003961589187384 -0.0036565535701811314
vt 1.7327828407287598 5.782411445417199e-15
vt 4.27605676651001 1.5707963705062866
vt 3.4033920764923096 -5.041540102057596e-18
vt 3.303579092025757 5.782411445417199e-15
vt 4.93055534362793 0.019850000739097595
vt 4.863831520080566 -2.24399471282959
vt 0.00020701525500044227 0.0011302100028842688
vt 4.71238899230957 0.009999999776482582
vt -0.044232893735170364 -0.0041618128307163715
vt -2.094395160675049 2.802596928649634e-45
vt -0.002780343173071742 -0.0003311983891762793
vt 0.007499999832361937 -0.0005000000237487257
vt 2.6179938316345215 -0.03375000134110451
vt 2.879793167114258 0.022700000554323196
vt 0.4487989544868469 -0.04555737227201462
vt 1.1999138593673706 0.673198401927948
vt 0.001676997751928866 -0.0022422485053539276
vt -0.041959792375564575 0.010699219070374966
vt 5.759586334228516 -0.673198401927948
vt 4.188790321350098 2.929513409787996e-17
vt 0.7853981852531433 0.02402881719172001
vt 0.5235987901687622 0.000800000037997961
vt 3.665191411972046 0.02402881719172001
vt 0.009880765341222286 0.00956068653613329
vt 5.834386348724365 8.570532095415921e-29
vt 4.494222640991211 -2.6179938316345215
vt 2.463088377870201e-15 1.3089969158172607
vt 5.759586334228516 -1.346396803855896
vt 0.004923917818814516 0.009621841832995415
vt -0.00015901522419881076 -0.01915029063820839
vt 0.2617993950843811 1.3089969158172607
vt -0.03551808372139931 -0.003702837508171797
vt 2.356194496154785 0.044557373970746994
vt -0.0038999998942017555 2.2656863103152428e-20
vt 2.356194496154785 0.5235987901687622
vt 0.005445481278002262 -0.002814110368490219
vt 5.235987663269043 0.025200000032782555
vt 5.497786998748779 0.010999999940395355
vt 1.121997356414795 -0.5235987901687622
vt 4.450589656829834 0.010999999940395355
vt 4.188790321350098 0.02452881820499897
vt -0.0027592775877565145 -0.004271181300282478
vt 6.2831854820251465 -1.121997356414795
vt 1.5707963705062866 1.071316466788007e-28
vt -1.3089969158172607 0.000800000037997961
vt 0.004498873837292194 -1.9790042642853223e-05
vt -2.220446049250313e-14 0.0443718321621418
vt 0.010410119779407978 -0.007951031439006329
vt -0.7853981852531433 2.802596928649634e-45
vt -0.018680719658732414 -0.04343726485967636
vt 6.54473352432251 -0.05844999849796295
vt 1.3089969158172607 -0.0272000003606081
vt 2.454369306564331 -1.0471975803375244
vt 0.0005773502634838223 0.0010000000474974513
vt 2.454369306564331 -1.7090779979987689e-25
vt -0.014243289828300476 -0.007350000087171793
vt 3.1415927410125732 0.03305737301707268
vt 1.5707963705062866 0.7853981852531433
vt -0.008154518902301788 -0.0018141104374080896
vt 3.1415927410125732 0.026028817519545555
vt 0.031567320227622986 0.00920037180185318
vt 2.6179938316345215 0.5235987901687622
vt -0.03289114683866501 -0.019089335575699806
vt 0.010795709677040577 -0.006837261375039816
vt 2.6179938316345215 0.044557373970746994
vt -0.010979397222399712 -0.008379274047911167
vt 4.560946464538574 0.0020000000949949026
vt 2.2034780979156494 1.5707963705062866
vt 5.759586334228516 1.5707963705062866
vt 0.4487989544868469 -0.025459138676524162
vt -0.0016263455618172884 -0.004376345779746771
vt 4.409503936767578 0.02280000038444996
vt 2.692793607711792 0.0020000000949949026
vt 7.0685834884643555 0.009999999776482582
vt 4.450589656829834 0.7853981852531433
vt 3.9269907474517822 1.5707963705062866
vt 3.4033920764923096 -4.035750689130103e-29
vt 5.0152740478515625 2.692793607711792
vt -0.0005159927532076836 0.0006588563555851579
vt -0.018162742257118225 0.008562741801142693
vt 1.0471975803375244 -0.03375000134110451
vt 0.0020455406047403812 -0.0006776145892217755
vt 0.033823344856500626 0.0040659853257238865
vt 0.043337561190128326 -0.005608963780105114
vt -0.022700000554323196 0.041519999504089355
vt 2.356194496154785 1.0733601507606494e-17
vt 3.83972430229187 2.692793607711792
vt 1.5707963705062866 2.2159139597613595e-17
vt 4.71238899230957 0.019850000739097595
vt -0.018536752089858055 -0.0101240836083889
vt -0.0014308302197605371 0.0019887746311724186
vt 2.5397117137908936 0.000800000037997961
vt 3.4033920764923096 0.010999999940395355
vt -0.00918576493859291 -0.04883013665676117
vt 1.5707963705062866 -1.0289078616887437e-16
vt 0.9490227699279785 -0.5235987901687622
vt 0.00904548168182373 0.05033411085605621
vt -1.5707963705062866 0.0
vt 0.0044999998062849045 -4.523304669376593e-29
vt 2.923426389694214 0.673198401927948
vt 1.346396803855896 -0.044557373970746994
vt -0.5235987901687622 2.802596928649634e-45
vt 0.5235987901687622 -0.00800000037997961
vt 5.759586334228516 1.0471975803375244
vt 3.1415927410125732 0.02402881719172001
vt 3.9269907474517822 1.3089969158172607
vt 1.5707963705062866 0.0020000000949949026
vt 0.00681011937558651 -0.005872570443898439
vt -0.0022216294892132282 -0.0021547162905335426
vt 1.3089969158172607 -0.05674999952316284
vt 1.1561068117856312e-18 0.02402881719172001
vt -0.017500000074505806 -0.004000000189989805
vt 3.9269907474517822 1.0471975803375244
vt 3.2724924087524414 -0.0005773502634838223
vt 1.9525871276855469 1.5707963705062866
vt 0.0052432590164244175 0.0008554928936064243
vt 4.71238899230957 -0.4487989544868469
vt -0.04188935458660126 0.016390085220336914
vt 1.5707963705062866 -0.04555737227201462
vt 3.5903916358947754 0.047520000487565994
vt 2.2561304569244385 -0.05844999849796295
vt -0.00510059529915452 0.010250103659927845
vt 0.9490227699279785 1.346396803855896
vt 1.3087458610534668 -0.05844999849796295
vt -0.009059884585440159 0.04927603527903557
vt -0.005601199809461832 -0.04427609220147133
vt 2.517929792404175 -0.05844999849796295
vt 2.9171931743621826 0.025200000032782555
vt 0.04472345486283302 0.0034191710874438286
vt -0.0021027526818215847 0.00644415570423007
vt 3.7740890979766846 0.04534353315830231
vt 0.0020000000949949026 -0.009999999776482582
vt 1.832595705986023 0.02402881719172001
vt 0.4487989544868469 -0.0019894554279744625
vt 0.6981316804885864 0.8975979089736938
vt -0.00455451849848032 0.04933410882949829
vt 4.039190769195557 0.032557372003793716
vt -0.00047456510947085917 -0.001052673440426588
vt 5.235987663269043 -0.00800000037997961
vt -0.019150039181113243 -0.04150737449526787
vt 5.497786998748779 0.025200000032782555
vt 0.012000000104308128 0.04305737093091011
vt 0.043356284499168396 0.0010164210107177496
vt 2.879793167114258 -0.05674999952316284
vt 4.71238899230957 -0.03375000134110451
vt 0.22439947724342346 -0.027809027582406998
vt 1.5707963705062866 9.999999747378752e-05
vt -0.010328341275453568 -0.008572197519242764
vt 5.397974014282227 5.782411445417199e-15
vt 6.02138614654541 0.019099999219179153
vt 4.71238899230957 -7.57608358530954e-29
vt 0.2617993950843811 -0.0005000000237487257
vt 0.673198401927948 0.2617993950843811
vt -0.0014399148058146238 -0.004876806866377592
vt 4.48798942565918 0.032557372003793716
vt 2.4683942794799805 0.025200000032782555
vt -0.0056077102199196815 -0.009747814387083054
vt 0.0358702689409256 0.0029842706862837076
vt -0.006146327126771212 -0.042616430670022964
vt -0.007043289951980114 -0.007600000128149986
vt -0.002678194083273411 -0.003402539761736989
vt 0.0351700484752655 0.0048658172599971294
vt 6.695728103999507e-26 -0.0024999999441206455
vt 0.010367467999458313 -0.009806538932025433
vt 0.009390962310135365 -0.0031282210256904364
vt 1.5707963705062866 1.0471975803375244
vt 0.0019887746311724186 0.0014308302197605371
vt 0.4487989544868469 -0.044557373970746994
vt 0.0012250000145286322 0.002121762139722705
vt 4.974188327789307 -0.02500000037252903
vt -0.022690963000059128 0.03087177872657776
vt -0.002321325708180666 0.0009281418169848621
vt 3.1415927410125732 1.3089969158172607
vt 9.162978172302246 0.009999999776482582
vt 0.5235987901687622 -9.999999747378752e-05
vt -0.008100000210106373 -0.00139999995008111
vt -0.0011033453047275543 -0.002573446836322546
vt 4.71238899230957 -0.002199999988079071
vt 2.356194496154785 0.2617993950843811
vt 4.450589656829834 -0.0320499986410141
vt 1.2854452098648687e-28 0.023528818041086197
vt 4.450589656829834 1.1210387714598537e-44
vt 5.148721218109131 0.025200000032782555
vt 5.235987663269043 1.0471975803375244
vt -0.0023665183689445257 0.0006341066327877343
vt 0.673198401927948 -0.5235987901687622
vt 4.27605676651001 -2.356194496154785
vt 4.188790321350098 -1.0471975803375244
vt 3.4033920764923096 -9.999999747378752e-05
vt 1.3089969158172607 0.2617993950843811
vt -0.010999999940395355 0.0026833752635866404
vt 0.0030453873332589865 0.003602168057113886
vt 4.188790321350098 -0.7853981852531433
vt 1.1999138593673706 0.0
vt 1.832595705986023 0.04305737093091011
vt 2.6179938316345215 -0.00800000037997961
vt 1.3092588186264038 -0.011976709589362144
vt -0.0002791492152027786 -0.00811066571623087
vt 3.727278232574463 0.022700000554323196
vt -0.0020000000949949026 0.047520000487565994
vt 3.665191411972046 0.04305737093091011
vt 3.9269907474517822 -0.0003000000142492354
vt -0.0011500000255182385 -0.0007581415702588856
vt 0.010989058762788773 -0.007596176117658615
vt -0.00681011937558651 -0.010029492899775505
vt 5.235987663269043 -0.03375000134110451
vt 6.2831854820251465 0.0020000000949949026
vt 4.450589656829834 1.3089969158172607
vt 5.497786998748779 1.3089969158172607
vt 3.5903916358947754 -0.0024999999441206455
vt 4.71238899230957 -2.244152784347534
vt 6.2831854820251465 -9.999999747378752e-05
vt 0.7853981852531433 -0.0003000000142492354
vt 0.0348665788769722 -0.002423372818157077
vt 0.4487989544868469 -0.034771449863910675
vt -0.0392058901488781 -0.008154518902301788
vt -0.0052999998442828655 0.040234360843896866
vt 5.759586334228516 -0.002199999988079071
vt -0.011472009122371674 -0.008949999697506428
vt 0.0015682318480685353 0.007847186177968979
vt 3.83972430229187 -2.468236207962036
vt 2.094395160675049 -0.002199999988079071
vt 7.592182159423828 0.009999999776482582
vt 5.235987663269043 0.04305737093091011
vt 3.403130292892456 -0.0024999999441206455
vt -0.034455619752407074 -0.0038206775207072496
vt -0.019850000739097595 0.021299999207258224
vt -0.019421281293034554 0.02290000021457672
vt 0.039152272045612335 0.005646711681038141
vt 0.2615375518798828 6.822571390880806e-26
vt 3.1415927410125732 1.4040418133687282e-17
vt 5.235987663269043 0.0020000000949949026
vt 0.006446316372603178 0.00011627207277342677
vt 3.4033920764923096 0.04305737093091011
vt 0.0025070153642445803 -0.0038802099879831076
vt -0.005499999970197678 -0.002400000113993883
vt -2.356194496154785 -0.002199999988079071
vt 0.8975979089736938 1.3089969158172607
vt 0.2617993950843811 0.0024999999441206455
vt -0.018758144229650497 -0.014327775686979294
vt 0.5233886241912842 -0.011976709589362144
vt 3.9269907474517822 0.025200000032782555
vt -0.001539024175144732 -0.005231662653386593
vt 0.009100000374019146 0.048920001834630966
vt -0.002300000051036477 -0.002749999985098839
vt 1.121997356414795 -0.034771449863910675
vt 4.863831520080566 1.7951958179473877
vt -0.0005773502634838223 0.0010000000474974513
vt 5.759586334228516 -1.5707963705062866
vt -0.08844582736492157 -0.008105271495878696
vt 0.03647853806614876 -0.004770083352923393
vt 2.923426389694214 -0.7853981852531433
vt 2.7052602767944336 0.0
vt -0.00904548168182373 0.05033411085605621
vt -0.04416292905807495 0.00636937003582716
vt 8.901179313659668 0.010999999940395355
vt 6.02138614654541 0.025200000032782555
vt 0.002736243885010481 -0.0024752828758209944
vt 3.9269907474517822 0.035557374358177185
vt 1.7016960382461548 0.673198401927948
vt 1.346396803855896 1.3089969158172607
vt 4.71238899230957 -9.999999747378752e-05
vt 2.7052602767944336 1.5707963705062866
vt 2.094395160675049 1.3089969158172607
vt 2.923426389694214 0.8975979089736938
vt 1.5707963705062866 0.2617993950843811
vt 0.5235987901687622 0.044557373970746994
vt -0.0349649041891098 0.017166953533887863
vt 6.2831854820251465 -0.4487989544868469
vt 6.2831854820251465 0.5235987901687622
vt -0.04653577506542206 -0.0035155636724084616
vt 5.759586334228516 0.02452881820499897
vt 2.9171931743621826 0.0020000000949949026
vt 3.83972430229187 2.0195953845977783
vt -0.0076940287835896015 0.006782524287700653
vt 0.03904789313673973 -0.005996414925903082
vt 0.0 -9.999999747378752e-05
vt -0.09759075194597244 -0.0021631394047290087
vt 3.9269907474517822 0.02452881820499897
vt 0.0012250000145286322 -0.002121762139722705
vt 0.004807015415281057 0.0011302100028842688
vt 0.002000480191782117 -0.00432990537956357
vt -0.04242067039012909 0.004374837502837181
vt -0.03743930160999298 0.01752382144331932
vt 2.463088377870201e-15 1.0471975803375244
vt 0.2617993950843811 1.0471975803375244
vt 0.0022913350258022547 0.0008673431002534926
vt -0.022718064486980438 -0.006551041733473539
vt 0.2617993950843811 0.047520000487565994
vt 6.058785915374756 0.03305737301707268
vt -0.0023665183689445257 -0.0006341066327877343
vt 4.936788558959961 0.04555737227201462
vt 6.02138614654541 -0.0003000000142492354
vt 4.188790321350098 0.035557374358177185
vt 0.4487989544868469 -0.027809027582406998
vt 0.0024500000290572643 0.0
vt 0.007899999618530273 -0.0050712814554572105
vt 6.2831854820251465 0.010999999940395355
vt 1.4508049488067627 0.673198401927948
vt 0.002300000051036477 -0.002749999985098839
vt 0.0 -0.034771449863910675
vt 0.004247577395290136 -0.0009988609235733747
vt -0.0048799472860991955 -0.05134925991296768
vt -0.009210119023919106 -0.010029492899775505
vt 4.974188327789307 -9.999999747378752e-05
vt -0.002622070489451289 -0.0021195425651967525
vt -0.016264114528894424 -0.0387711301445961
vt -0.0038358173333108425 -0.05136214196681976
vt 5.585053443908691 0.0020000000949949026
vt 1.832595705986023 -0.044557373970746994
vt 0.5235987901687622 0.0003000000142492354
vt 1.3089969158172607 0.0003000000142492354
vt -0.022371280938386917 0.03009999915957451
vt -6.217248937900877e-15 -0.03305737301707268
vt -0.007914110086858273 0.0514654815196991
vt 2.879793167114258 1.3010426069826053e-18
vt -0.09680845588445663 -0.0009591876296326518
vt 3.796091079711914 -0.0005773502634838223
vt 0.011914979666471481 0.0191238671541214
vt 2.2034780979156494 1.346396803855896
vt 0.04587589576840401 -0.0055077397264540195
vt 0.006313063204288483 -0.009648087434470654
vt 1.5707963705062866 -0.034771449863910675
vt 1.7222387790679932 0.673198401927948
vt 1.121997356414795 -0.0019894554279744625
vt 0.009341550059616566 -0.004594213794916868
vt 2.356194496154785 -0.03375000134110451
vt 0.004498873837292194 0.0022802099119871855
vt 2.094395160675049 0.2617993950843811
vt 4.450589656829834 -0.02500000037252903
vt -0.0348665788769722 -0.002423372818157077
vt 4.863831520080566 2.24399471282959
vt 0.005040841642767191 -0.007522789295762777
vt 0.7853981852531433 1.3089969158172607
vt 4.71238899230957 -0.22439947724342346
vt -0.005337258335202932 0.02943725883960724
vt 2.2034780979156494 -0.2617993950843811
vt 5.36688756942749 -0.0005773502634838223
vt 3.665191411972046 -0.0003000000142492354
vt 2.3129647052218217e-15 0.025200000032782555
vt 1.3089969158172607 -0.03375000134110451
vt 2.6179938316345215 -0.05674999952316284
vt 4.450589656829834 0.5235987901687622
vt 0.2617993950843811 -0.019200000911951065
vt 4.974188327789307 0.02452881820499897
vt 1.121997356414795 1.0471975803375244
vt -0.028255248442292213 -0.01507275179028511
vt -0.022700000554323196 0.048920001834630966
vt 5.0152740478515625 -1.5707963705062866
vt 4.188790321350098 0.015832317993044853
vt -0.006099999882280827 0.04002000018954277
vt 4.409503936767578 0.004399999976158142
vt -0.0012250000145286322 -0.002121762139722705
vt 3.5903916358947754 0.04480922594666481
vt 5.759586334228516 1.1364126822411769e-25
vt 0.009459884837269783 -0.004256033338606358
vt -0.0017324115615338087 -0.0017324115615338087
vt -0.00777871860191226 0.02290000021457672
vt -0.00021368569287005812 0.00023866632545832545
vt 0.2615375518798828 -0.027809027582406998
vt 0.001604985329322517 0.010826165787875652
vt -0.018103310838341713 -0.04425486549735069
vt 1.7016960382461548 0.0
vt 0.033851344138383865 0.003871841821819544
vt 1.7222387790679932 -0.2617993950843811
vt 1.9943311214447021 -0.05844999849796295
vt 1.170296107013166e-26 0.044557373970746994
vt 3.1415927410125732 0.0024999999441206455
vt 0.4487989544868469 -1.5707963705062866
vt 3.1415927410125732 0.032557372003793716
vt 0.6981316804885864 0.673198401927948
vt -0.010088580660521984 -0.006751031614840031
vt 0.001991858473047614 -0.0015999999595806003
vt 0.0011547005269676447 9.71445146547012e-17
vt 0.0344175323843956 -0.0070592802949249744
vt 3.6649813652038574 0.047520000487565994
vt -0.006428500171750784 -0.050012294203042984
vt 4.71238899230957 1.3010426069826053e-18
vt 0.007914110086858273 0.0514654815196991
vt 0.007499999832361937 -4.097459290107593e-29
vt 3.665191411972046 0.025200000032782555
vt -0.032704561948776245 0.004817829467356205
vt 0.0025070153642445803 0.003430210053920746
vt 3.4033920764923096 -0.0003000000142492354
vt 4.936788558959961 0.03355737403035164
vt 1.4508049488067627 -0.2617993950843811
vt 0.009499999694526196 0.002300000051036477
vt 4.71238899230957 -1.071316466788007e-28
vt 4.05789041519165 2.24399471282959
vt 4.450589656829834 -3.144186300207963e-18
vt 2.463088377870201e-15 -0.7853981852531433
vt 7.8539814949035645 0.009999999776482582
vt 0.004699999932199717 -0.003785640699788928
vt 0.8975979089736938 1.0471975803375244
vt 1.832595705986023 0.7853981852531433
vt 0.7853981852531433 9.999999747378752e-05
vt 1.2091840505599976 5.782411445417199e-15
vt -0.0020843343809247017 -0.0020000000949949026
vt 0.0022001920733600855 -0.0017318067839369178
vt 1.0842021724855044e-14 -0.044557373970746994
vt 5.161188125610352 0.03305737301707268
vt 0.0008673431002534926 -0.0022913350258022547
vt 5.235987663269043 0.02402881719172001
vt 1.5707963705062866 -1.5707963705062866
vt -0.00738895358517766 -0.010269253514707088
vt 2.454369306564331 0.0
vt 0.9381144642829895 0.00800000037997961
vt 1.5707963705062866 -0.011976709589362144
vt 0.0 -0.019230972975492477
vt 1.4508049488067627 1.346396803855896
vt 0.22439947724342346 -0.7853981852531433
vt 2.4434609413146973 0.019200000911951065
vt 4.71238899230957 -2.4683942794799805
vt -0.0017405622638761997 -0.004879070911556482
vt 6.058785915374756 0.0442517027258873
vt 5.759586334228516 0.2617993950843811
vt 0.0016451391857117414 -0.000977078452706337
vt 0.7853981852531433 -8.881784197001252e-16
vt 0.2617993950843811 9.999999747378752e-05
vt 3.9269907474517822 2.802596928649634e-45
vt 0.005499999970197678 -0.002400000113993883
vt 3.9269907474517822 0.2617993950843811
vt -0.0020455406047403812 -0.0006776145892217755
vt -0.00738895358517766 -0.005632809363305569
vt 1.4508049488067627 -0.7853981852531433
vt 0.00800000037997961 -6.962827527970298e-28
vt -0.038019999861717224 -0.017500000074505806
vt -0.002736243885010481 -0.0030247170943766832
vt 5.759335517883301 -0.05844999849796295
vt 2.454369306564331 1.346396803855896
vt 3.9269907474517822 0.04305737093091011
vt 4.188790321350098 9.999999747378752e-05
vt -0.009762294590473175 -0.04738821089267731
vt 3.1413414478302 -0.05844999849796295
vt 1.5707963705062866 -0.0005000000237487257
vt -0.2617993950843811 2.802596928649634e-45
vt 3.665191411972046 0.035557374358177185
vt 3.1415927410125732 -0.00800000037997961
vt 2.6179938316345215 0.0
vt 2.6179938316345215 0.0020843343809247017
vt 0.0036372251342982054 -0.0013768052449449897
vt 0.5235987901687622 0.02402881719172001
vt 0.22439947724342346 -0.2617993950843811
vt 5.0152740478515625 2.0195953845977783
vt 5.759586334228516 0.04305737093091011
vt 3.83972430229187 2.24399471282959
vt 3.1415927410125732 0.015832317993044853
vt 6.2831854820251465 1.1210387714598537e-44
vt 0.8975979089736938 -0.5235987901687622
vt 2.2034780979156494 0.0
vt 3.665191411972046 -0.2617993950843811
vt 3.366384744644165 0.015832317993044853
vt 2.879793167114258 -0.03375000134110451
vt 5.759586334228516 0.0
vt 2.7052602767944336 -1.5707963705062866
vt 5.385587215423584 0.03305737301707268
vt 4.450589656829834 2.2159139597613595e-17
vt 4.188790321350098 -0.0320499986410141
vt -0.0020000000949949026 -7.428124498814477e-28
vt 3.1415927410125732 0.2617993950843811
vt 0.673198401927948 -0.010082819499075413
vt 5.659773826599121 5.782411445417199e-15
vt 0.2617993950843811 -0.0320499986410141
vt 6.706719875335693 -0.05674999952316284
vt 4.189000129699707 0.00648915208876133
vt 5.36688756942749 0.0020000000949949026
vt -0.009192274883389473 -0.005193767137825489
vt 4.71238899230957 -2.879793167114258
vt 4.71238899230957 -2.9171931743621826
vt 4.4508514404296875 -0.0024999999441206455
vt -0.00411233538761735 0.004244781099259853
vt 1.832595705986023 2.802596928649634e-45
vt 5.759586334228516 0.023528818041086197
vt 2.356194496154785 0.022700000554323196
vt 0.0 1.0471975803375244
vt 0.5235987901687622 -0.019200000911951065
vt 4.450589656829834 0.0020000000949949026
vt 1.3089969158172607 -9.999999747378752e-05
vt 4.71238899230957 -3.1415927410125732
vt 0.2617993950843811 -0.03305737301707268
vt -0.01633249968290329 -0.04431398585438728
vt 0.8975979089736938 -1.0471975803375244
vt 3.6649813652038574 -0.0024999999441206455
vt 2.094395160675049 0.02452881820499897
vt 1.4193538427352905 0.025200000032782555
vt 3.9269907474517822 0.023528818041086197
vt 0.4363323152065277 0.008100000210106373
vt 4.039190769195557 -0.0024999999441206455
vt -0.015578585676848888 -0.04452599957585335
vt 0.007799999788403511 0.02402881719172001
vt 5.36688756942749 0.025200000032782555
vt 1.121997356414795 -0.011976709589362144
vt -0.008949999697506428 0.024071281775832176
vt -6.115562428021803e-05 -0.004956847056746483
vt -2.6179938316345215 0.000800000037997961
vt 0.673198401927948 1.5707963705062866
vt 0.03372760862112045 0.001227094209752977
vt -0.0011547005269676447 -0.001500000013038516
vt -0.001500000013038516 0.0011547005269676447
vt -0.01976976916193962 0.015987932682037354
vt -2.879793167114258 0.000800000037997961
vt 0.002968864981085062 0.005217756610363722
vt 0.0015462561277672648 -0.0019644571002572775
vt -3.665191411972046 0.0
vt 0.00411233538761735 0.004244781099259853
vt 1.832595705986023 -0.002199999988079071
vt -0.014009559527039528 -0.03390475735068321
vt 4.188790321350098 1.3010426069826053e-18
vt -0.01793593354523182 -0.042670492082834244
vt 6.2831854820251465 -1.5707963705062866
vt 4.27605676651001 1.7951958179473877
vt 0.0020000000949949026 -2.0103575973977575e-29
vt -2.879793167114258 0.0
vt 6.058785915374756 0.0005000000237487257
vt 1.8070036759545482e-17 -0.002199999988079071
vt 0.4487989544868469 -0.011976709589362144
vt 3.665191411972046 0.026028817519545555
vt 3.1415927410125732 0.023528818041086197
vt 6.544984817504883 0.0
vt 2.0130582925048657e-06 -0.005453336983919144
vt 3.665191411972046 0.02452881820499897
vt 1.7222387790679932 0.8975979089736938
vt 5.470300674438477 0.00766689982265234
vt 3.1415927410125732 -0.04555737227201462
vt 0.5235987901687622 -0.0024999999441206455
vt 4.974188327789307 -0.0003000000142492354
vt 4.974188327789307 2.2159139597613595e-17
vt -0.009752633050084114 -0.04660511389374733
vt 2.879793167114258 0.032557372003793716
vt 2.923426389694214 0.4487989544868469
vt 4.712137699127197 -0.05844999849796295
vt -0.004600000102072954 0.044557373970746994
vt 4.450589656829834 1.0471975803375244
vt -0.03464393690228462 0.00041491768206469715
vt 0.673198401927948 1.3089969158172607
vt 2.879793167114258 1.0471975803375244
vt 5.0152740478515625 -3.1415927410125732
vt 5.161188125610352 0.032557372003793716
vt 1.8070036759545482e-17 2.802596928649634e-45
vt 1.8323339223861694 0.025200000032782555
vt 3.1415927410125732 0.0020000000949949026
vt 0.008100000210106373 -0.006177578587085009
vt 0.008594213984906673 -0.005341550335288048
vt 4.263195991516113 0.015832317993044853
vt 0.6981316804885864 -1.5707963705062866
vt 2.463088377870201e-15 0.5235987901687622
vt 1.3089969158172607 -0.00800000037997961
vt 0.0006341066327877343 -0.0023665183689445257
vt 0.0004428357060533017 -3.588936306186952e-05
vt 1.3089969158172607 1.5707963705062866
vt 1.7325316667556763 -0.05844999849796295
vt -0.003319225739687681 0.002232205355539918
vt 0.008299999870359898 0.05130564048886299
vt 4.27605676651001 2.692793607711792
vt 6.2831854820251465 0.7853981852531433
vt -0.027294794097542763 -0.01613999716937542
vt 0.8975979089736938 -0.7853981852531433
vt -0.0020605663303285837 0.0002956341777462512
vt 0.6981316804885864 -0.5235987901687622
vt 0.9381144642829895 0.019200000911951065
vt 2.356194496154785 -0.00800000037997961
vt -0.0014986388850957155 -0.00011704924691002816
vt 3.665191411972046 0.022700000554323196
vt 5.759586334228516 0.7853981852531433
vt 4.974188327789307 0.7853981852531433
vt 3.665191411972046 0.009312311187386513
vt -0.008438361808657646 -0.004981753882020712
vt 4.71238899230957 -2.356194496154785
vt 1.8323339223861694 0.0020000000949949026
vt 5.497786998748779 0.026028817519545555
vt 0.006213335786014795 -0.0055486224591732025
vt 3.9269907474517822 0.0020000000949949026
vt -0.03401999920606613 -0.01665000058710575
vt 2.879793167114258 -0.044557373970746994
vt 0.7851470112800598 -0.05844999849796295
vt 4.71238899230957 0.7853981852531433
vt 0.008299999870359898 0.05030564218759537
vt 1.4508049488067627 1.5707963705062866
vt 3.4033920764923096 -0.019200000911951065
vt -0.0020843343809247017 -0.022700000554323196
vt 3.4033920764923096 0.0
vt 5.0152740478515625 3.1415927410125732
vt 5.13617467880249 5.782411445417199e-15
vt 1.0471975803375244 0.03305737301707268
vt 6.544984817504883 0.009999999776482582
vt 3.4033920764923096 -0.002199999988079071
vt 4.05789041519165 1.7951958179473877
vt 0.0 0.7853981852531433
vt 0.5235987901687622 -0.0272000003606081
vt 5.235987663269043 -1.5707963705062866
vt 0.00135701522231102 -0.0008616484701633453
vt 1.5707963705062866 1.0289078616887437e-16
vt 5.0152740478515625 -2.692793607711792
vt 0.0014706385554745793 0.0003111929108854383
vt 1.047407627105713 -0.010082819499075413
vt 2.094395160675049 0.02402881719172001
vt 4.188790321350098 0.0
vt -0.0007137369248084724 -0.004948795773088932
vt 1.3092588186264038 -1.0448998437329049e-17
vt 2.454369306564331 0.4487989544868469
vt 4.71238899230957 -2.6179938316345215
vt 4.4508514404296875 0.047520000487565994
vt 0.4487989544868469 -0.010082819499075413
vt 1.5707963705062866 0.0
vt 3.1415927410125732 0.044557373970746994
vt -6.48913555778563e-05 0.0021037582773715258
vt 4.71238899230957 1.8323339223861694
vt 1.5707963705062866 0.0020843343809247017
vt -0.0005773502634838223 -0.0010000000474974513
vt 0.006300000008195639 -0.005499999970197678
vt 6.02138614654541 1.0471975803375244
vt 0.002573446836322546 -0.0011033453047275543
vt -0.0056527708657085896 -0.006095523945987225
vt -0.001991858473047614 -0.0015999999595806003
vt 0.5235987901687622 0.7853981852531433
vt -0.0005712733254767954 -0.004795723594725132
vt 4.974188327789307 -0.05674999952316284
vt 2.094395160675049 9.999999747378752e-05
vt 2.6179938316345215 0.02452881820499897
vt -0.00103951885830611 0.002599884755909443
vt -0.003783355699852109 -0.04703335464000702
vt -0.009806903079152107 -0.010353440418839455
vt 1.0471975803375244 8.570530891709706e-29
vt 6.2831854820251465 1.3010426069826053e-18
vt -2.094395160675049 0.0
vt 4.71238899230957 2.692793607711792
vt 1.3089969158172607 0.000800000037997961
vt 1.346396803855896 -0.025459138676524162
vt 1.5707963705062866 0.2615375518798828
vt 7.592182159423828 0.010999999940395355
vt -0.005691897124052048 -0.007329865824431181
vt 5.235987663269043 0.7853981852531433
vt 1.3089969158172607 3.355605723842636e-17
vt 0.0008252872503362596 0.00028286667657084763
vt 5.235987663269043 1.5707963705062866
vt 1.8736811876296997 1.5707963705062866
vt -0.02472544088959694 -0.017366329208016396
vt 2.6179938316345215 -0.0003000000142492354
vt 6.02138614654541 0.02402881719172001
vt 3.665191411972046 -0.05674999952316284
vt 0.009210119023919106 -0.010029492899775505
vt 1.3089969158172607 -0.0005000000237487257
vt 0.4487989544868469 -0.7853981852531433
vt 3.4033920764923096 2.2159139597613595e-17
vt 0.9490227699279785 0.673198401927948
vt -0.015832317993044853 -0.025200000032782555
vt 0.0016263455618172884 -0.004376345779746771
vt -0.0014706385554745793 0.0003111929108854383
vt -0.009362773038446903 0.0077187176793813705
vt 4.27605676651001 3.1415927410125732
vt 6.2831854820251465 1.0471975803375244
vt 6.2831854820251465 0.0
vt 6.115562428021803e-05 -0.004956847056746483
vt 4.974188327789307 1.1210387714598537e-44
vt 2.1925699710845947 0.019200000911951065
vt -0.0015506827039644122 -0.001896808622404933
vt 5.397723197937012 -0.05844999849796295
vt 0.001500000013038516 0.0
vt 5.759586334228516 1.1210387714598537e-44
vt 0.010328341275453568 -0.007329865824431181
vt 0.0018541879253461957 -0.00047239026753231883
vt -0.0386224165558815 -0.018750930204987526
vt 6.02138614654541 -0.019200000911951065
vt 3.665191411972046 0.2617993950843811
vt 0.0 -0.022700000554323196
vt -0.009865626692771912 -0.005593682639300823
vt 4.71238899230957 0.007350000087171793
vt -0.008154518902301788 -0.002814110368490219
vt 0.04486243054270744 0.008086810819804668
vt 1.5707963705062866 0.03305737301707268
vt 5.497786998748779 0.023528818041086197
vt -0.00681011937558651 -0.005872570443898439
vt 4.450589656829834 0.025200000032782555
vt 3.1415927410125732 1.5707963705062866
vt 1.7016960382461548 -0.5235987901687622
vt -0.013353560119867325 -0.043959129601716995
vt 3.4033920764923096 0.7853981852531433
vt 0.0 0.000800000037997961
vt 3.665191411972046 -3.144186300207963e-18
vt 2.2034780979156494 0.8975979089736938
vt 0.0042371912859380245 0.014364708214998245
vt -1.0471975803375244 2.802596928649634e-45
vt 1.0471975803375244 1.3089969158172607
vt 2.356194496154785 0.0044999998062849045
vt -0.0027713256422430277 0.0003996926825493574
vt 3.83972430229187 2.4683942794799805
vt 6.806784152984619 0.009999999776482582
vt 5.628686904907227 -0.0005773502634838223
vt -0.002232298254966736 -0.004356034100055695
vt 4.974188327789307 -0.019200000911951065
vt -0.019045481458306313 -0.002814110368490219
vt 1.0471975803375244 -0.0003000000142492354
vt 0.0017405622638761997 -0.0006209290586411953
vt -0.008326457813382149 0.006943647749722004
vt -0.0019887746311724186 -0.0014308302197605371
vt 2.879793167114258 0.04305737093091011
vt 6.2831854820251465 1.5707963705062866
vt 0.0027141105383634567 -0.003192835720255971
vt -0.03401999920606613 -0.01054999977350235
vt -0.00914070475846529 -0.045177847146987915
vt 5.235736846923828 -0.05844999849796295
vt 0.008010119199752808 -0.010351031087338924
vt 4.27605676651001 -1.5707963705062866
vt -0.011300000362098217 0.009499999694526196
vt 4.71238899230957 0.02452881820499897
vt 2.879793167114258 2.802596928649634e-45
vt 5.759586334228516 -0.00800000037997961
vt -0.044517021626234055 0.00856845173984766
vt 3.9269907474517822 -4.035750689130103e-29
vt 3.83972430229187 -2.244152784347534
vt 0.006313063204288483 -0.006253974977880716
vt 5.497786998748779 2.2159139597613595e-17
vt -0.042173102498054504 -0.006201181560754776
vt 4.974188327789307 1.5707963705062866
vt -0.005459884647279978 -0.0017560335109010339
vt 0.9490227699279785 1.5707963705062866
vt 0.0030700641218572855 0.01342024002224207
vt -0.0038999998942017555 -0.003000000026077032
vt 6.2831854820251465 0.0003000000142492354
vt 4.188790321350098 -0.00019999999494757503
vt 0.22439947724342346 -0.034771449863910675
vt 4.71238899230957 0.026028817519545555
vt 6.444920539855957 -0.05844999849796295
vt 3.4033920764923096 -0.0320499986410141
vt 6.2831854820251465 0.009999999776482582
vt 0.5235987901687622 1.1210387714598537e-44
vt 1.9525871276855469 1.346396803855896
vt 2.9171931743621826 -0.0020843343809247017
vt 1.0471975803375244 -0.03305737301707268
vt 4.874124526977539 -0.05844999849796295
vt 2.879793167114258 -0.02500000037252903
vt -0.0019132466986775398 -0.050593435764312744
vt 1.8736811876296997 0.673198401927948
vt 0.0010069143027067184 0.0022335227113217115
vt 0.006827963516116142 -0.010708295740187168
vt -0.009281108155846596 0.0008615475380793214
vt -0.03215738758444786 0.012114444747567177
vt 4.188790321350098 0.2617993950843811
vt 4.088977336883545 5.782411445417199e-15
vt 0.4487989544868469 -1.6069783194858586e-25
vt 3.9269907474517822 -0.5235987901687622
vt 2.6179938316345215 0.032557372003793716
vt -0.2617993950843811 -0.02500000037252903
vt -0.006099999882280827 0.032557372003793716
vt 0.0021027526818215847 0.00644415570423007
vt -0.03289114683866501 -0.00811066571623087
vt 2.692793607711792 0.025200000032782555
vt -0.003997765015810728 -0.04591958597302437
vt 0.009123889729380608 -0.010736621916294098
vt 1.7222387790679932 -1.5707963705062866
vt 1.346396803855896 -7.697835424647081e-18
vt 4.936788558959961 8.570532095415921e-29
vt 0.0019408520311117172 -0.003459527622908354
vt 1.047407627105713 -3.415236843329339e-18
vt 1.346396803855896 -0.0019894554279744625
vt 4.71238899230957 -1.3076573210253513e-28
vt 6.02138614654541 -0.00800000037997961
vt 1.5707963705062866 1.5707963705062866
vt 4.843288898468018 -0.0005773502634838223
vt 4.71238899230957 -0.00800000037997961
vt -0.022700000554323196 1.2401643098305158e-28
vt 2.3129647052218217e-15 0.008100000210106373
vt 1.5707963705062866 -0.002199999988079071
vt -0.018912741914391518 0.02356274239718914
vt 1.346396803855896 0.5235987901687622
vt 0.6981316804885864 0.22439947724342346
vt 1.7222387790679932 -1.0471975803375244
vt 0.673198401927948 -0.025459138676524162
vt 1.832595705986023 -0.0272000003606081
vt -0.005443289875984192 -0.004828718490898609
vt 2.6179938316345215 0.2617993950843811
vt 8.901179313659668 0.009999999776482582
vt 1.5707963705062866 -0.019200000911951065
vt -0.007581877056509256 -0.010920308530330658
vt 5.497786998748779 -0.0272000003606081
vt 2.6179938316345215 -0.04555737227201462
vt 0.043290961533784866 0.001982520567253232
vt 4.71238899230957 0.0003000000142492354
vt -0.005685889627784491 0.0514654815196991
vt 0.008010119199752808 -0.0055510313250124454
vt 6.2831854820251465 0.03305737301707268
vt 0.00510059529915452 0.010250103659927845
vt -0.00852871872484684 0.007899999618530273
vt 2.0941848754882812 -0.0020843343809247017
vt 0.0011893876362591982 -0.0005099406698718667
vt 4.450589656829834 -1.5707963705062866
vt 3.1415927410125732 1.3010426069826053e-18
vt 1.4508049488067627 -1.0471975803375244
vt 5.834386348724365 0.0005000000237487257
vt -0.021900000050663948 0.05130564048886299
vt -0.00020709539239760488 0.0006873742677271366
vt 0.0014399148058146238 -0.004876806866377592
vt -3.743473529815674 0.000800000037997961
vt 0.0031022990588098764 0.0033518392592668533
vt 3.4033920764923096 1.1210387714598537e-44
vt 1.6403823879984094e-25 -0.010082819499075413
vt 4.71238899230957 -1.3089969158172607
vt 1.7016960382461548 -0.7853981852531433
vt -0.5235987901687622 0.000800000037997961
vt 2.094395160675049 -0.00800000037997961
vt 1.3089969158172607 0.047520000487565994
vt 0.6981316804885864 1.121997356414795
vt -1.3089969158172607 -0.002199999988079071
vt -0.0012033177772536874 0.0038147117011249065
vt -0.01217140443623066 -0.041201867163181305
vt 0.0015999999595806003 0.04555737227201462
vt 0.006154612172394991 -0.010308380238711834
vt 0.6981316804885864 -0.7853981852531433
vt -0.010412528179585934 -0.006154248025268316
vt -0.04336123913526535 0.006253747269511223
vt 5.759586334228516 0.010999999940395355
vt 0.2615375518798828 -0.010082819499075413
vt -2.094395160675049 0.000800000037997961
vt 3.9269907474517822 1.3010426069826053e-18
vt -0.04486243054270744 0.008086810819804668
vt 0.0038999998942017555 -0.004000000189989805
vt 1.3089969158172607 0.0
vt 2.094395160675049 -0.0003000000142492354
vt 1.8736811876296997 -0.5235987901687622
vt -0.018633248284459114 -0.03958965092897415
vt -0.0210999995470047 0.05152000114321709
vt -0.09574120491743088 1.2671631566263386e-06
vt -0.0010490273125469685 -0.0011103490833193064
vt 1.5707963705062866 0.0003000000142492354
vt 4.409503936767578 0.0020000000949949026
vt 3.9269907474517822 -0.03375000134110451
vt 5.497786998748779 0.009999999776482582
vt 0.0 -0.0011547005269676447
vt 5.759586334228516 1.3010426069826053e-18
vt 5.235987663269043 0.035557374358177185
vt 0.8975979089736938 -1.6069783194858586e-25
vt 0.5235987901687622 -0.002199999988079071
vt 1.9525871276855469 0.8975979089736938
vt 1.4907779871675686e-14 0.035557374358177185
vt 5.759586334228516 -0.4487989544868469
vt 0.014999999664723873 0.02452881820499897
vt 2.454369306564331 -0.7853981852531433
vt 2.356194496154785 -0.044557373970746994
vt 0.001896808622404933 -0.0015506827039644122
vt 1.8736811876296997 -1.5707963705062866
vt -0.03431287035346031 -0.002830918412655592
vt 4.974188327789307 0.5235987901687622
vt 3.665191411972046 1.1210387714598537e-44
vt -0.002084163250401616 -0.000469368853373453
vt -0.005910907406359911 -0.02908116951584816
vt 5.759586334228516 0.5235987901687622
vt 0.0011302100028842688 -0.0002429847518214956
vt 0.0022216294892132282 -0.0033452839124947786
vt -0.017856033518910408 -0.0029598847031593323
vt 0.0017324115615338087 -0.0017324115615338087
vt -2.356194496154785 0.000800000037997961
vt -2.6645352591003757e-15 0.0
vt 1.8736811876296997 -1.0471975803375244
vt 4.71238899230957 0.0020000000949949026
vt -0.025200000032782555 -0.0024999999441206455
vt 2.923426389694214 -0.5235987901687622
vt -0.0013099556090310216 -0.0011023005936294794
vt 4.05789041519165 -2.879793167114258
vt 4.71238899230957 0.2617993950843811
vt 0.0013419982278719544 -0.004772118292748928
vt 0.025200000032782555 -2.1932908133479774e-27
vt -0.01188125554472208 -0.042083654552698135
vt 0.673198401927948 -1.0471975803375244
vt 0.673198401927948 -0.044557373970746994
vt 6.2831854820251465 0.04380989074707031
vt 1.5707963705062866 0.4487989544868469
vt -0.006313063204288483 -0.009648087434470654
vt 2.7052602767944336 -1.7090779979987689e-25
vt 2.356194496154785 0.032557372003793716
vt 1.5707963705062866 -0.00800000037997961
vt 6.02138614654541 1.5707963705062866
vt 2.356194496154785 -0.019200000911951065
vt 4.71238899230957 -1.0471975803375244
vt 2.2034780979156494 -0.7853981852531433
vt 2.356194496154785 0.02452881820499897
vt 3.1415927410125732 -0.0024999999441206455
vt 4.71238899230957 -1.3092588186264038
vt -0.009950258769094944 -0.04206781089305878
vt 2.094395160675049 0.0020843343809247017
vt 2.094395160675049 1.1210387714598537e-44
vt 2.454369306564331 0.22439947724342346
vt -0.004714359529316425 0.05071999877691269
vt 2.094395160675049 0.0
vt 0.6872233748435974 0.019200000911951065
vt 4.71238899230957 2.24399471282959
vt 0.002474397886544466 0.0003568684624042362
vt 0.2617993950843811 0.032557372003793716
vt 2.094395160675049 0.000800000037997961
vt 4.188790321350098 0.5235987901687622
vt -0.004968629218637943 0.05005137249827385
vt -0.0016234895447269082 -0.0011680246097967029
vt 0.5233886241912842 -0.027809027582406998
vt 1.3089969158172607 0.02452881820499897
vt -0.0027392932679504156 0.0029148366302251816
vt 4.71238899230957 0.035557374358177185
vt 3.1415927410125732 1.121997356414795
vt -0.038369070738554 -0.018497584387660027
vt 0.0 -0.0020000000949949026
vt -0.021794214844703674 0.050361551344394684
vt 2.923426389694214 0.22439947724342346
vt 0.0011500000255182385 -0.0007581415702588856
vt 3.4033920764923096 -8.456776945386935e-18
vt 3.83972430229187 -3.1415927410125732
vt 0.0011033453047275543 0.002573446836322546
vt 1.9525871276855469 0.22439947724342346
vt 1.8323445320129395 -0.05844999849796295
vt 0.5235987901687622 0.5235987901687622
vt 1.1801634987453577e-18 0.02452881820499897
vt -0.010367467999458313 -0.009806538932025433
vt -0.0026545890141278505 -0.0014892681501805782
vt 0.0022216294892132282 -0.0021547162905335426
vt 3.6649813652038574 0.00648915208876133
vt -0.051342420279979706 -0.019200000911951065
vt 1.8736811876296997 1.346396803855896
vt 0.2615375518798828 -0.011976709589362144
vt 2.094395160675049 1.3010426069826053e-18
vt -0.02372175268828869 -0.011958684772253036
vt 1.0471975803375244 0.0024999999441206455
vt -0.009100000374019146 0.04992000013589859
vt -0.006470174062997103 0.011586299166083336
vt 0.019200000911951065 -0.006177578587085009
vt 0.005433858372271061 0.01081122923642397
vt -0.021456032991409302 0.05047988519072533
vt 5.235987663269043 -0.0003000000142492354
vt 4.27605676651001 -2.094395160675049
vt 0.7853981852531433 -0.02008282020688057
vt -0.00271421717479825 -0.0006188905681483448
vt 5.759586334228516 0.025200000032782555
vt -0.01700585149228573 -0.0439140684902668
vt 1.1999138593673706 -1.5707963705062866
vt 0.21816615760326385 0.025200000032782555
vt 4.039190769195557 -5.9631119486702744e-18
vt 0.7853981852531433 -0.03375000134110451
vt 1.3089969158172607 9.999999747378752e-05
vt -0.004671511240303516 -0.022690963000059128
vt 4.71238899230957 -1.7951958179473877
vt 0.7853981852531433 3.355605723842636e-17
vt 3.9269907474517822 -1.5707963705062866
vt 2.463088377870201e-15 -0.2617993950843811
vt -0.035321641713380814 -0.0063226777128875256
vt 0.5235987901687622 -0.0003000000142492354
vt -0.00858013890683651 -0.04463094472885132
vt -0.001676997751928866 0.0022422485053539276
vt 0.004133360926061869 -0.0004961356171406806
vt 3.1415927410125732 -0.0272000003606081
vt -0.019740963354706764 0.02212822064757347
vt 0.037682488560676575 -0.005552379880100489
vt 0.0 -0.008478607051074505
vt 2.6179938316345215 1.1210387714598537e-44
vt 0.0011547005269676447 -0.0020000000949949026
vt 0.22439947724342346 -0.008478607051074505
vt 1.1999138593673706 -0.5235987901687622
vt 4.974188327789307 0.02402881719172001
vt 4.263195991516113 -1.089623183347932e-17
vt 4.974188327789307 -0.22439947724342346
vt 4.71238899230957 1.6069783194858586e-25
vt -2.6179938316345215 -0.002199999988079071
vt 2.923426389694214 0.0
vt 0.008326457813382149 0.006943647749722004
vt 5.609986782073975 0.032557372003793716
vt -0.007350000087171793 0.016699999570846558
vt 0.009150930680334568 -0.004897583741694689
vt 0.005691897124052048 -0.007329865824431181
vt 0.010767383500933647 -0.009133187122642994
vt 2.879793167114258 9.999999747378752e-05
vt 1.439896583557129 0.019200000911951065
vt 1.0471975803375244 1.1210387714598537e-44
vt 3.9269907474517822 -0.00019999999494757503
vt 2.7052602767944336 0.8975979089736938
vt 0.005078922025859356 0.0001566615974297747
vt 3.5907857418060303 0.009312311187386513
vt 1.3089969158172607 -0.0320499986410141
vt 5.497786998748779 -0.03375000134110451
vt 1.5707963705062866 0.02452881820499897
vt 0.7853981852531433 1.3010426069826053e-18
vt 3.4033920764923096 0.5235987901687622
vt 0.010979397222399712 -0.008379274047911167
vt 2.356194496154785 0.0003000000142492354
vt 0.033537961542606354 0.0038266442716121674
vt -0.004927848465740681 -0.044676005840301514
vt 0.22439947724342346 1.0471975803375244
vt 0.0 0.0005773502634838223
vt 2.2563815116882324 5.782411445417199e-15
vt 5.497786998748779 -0.4487989544868469
vt 6.2831854820251465 -0.5233886241912842
vt 3.665191411972046 -1.0471975803375244
vt 2.094395160675049 0.7853981852531433
vt -0.009700000286102295 -0.003000000026077032
vt -0.0019408520311117172 -0.003459527622908354
vt -0.004699999932199717 -0.003785640699788928
vt 2.356194496154785 -0.0320499986410141
vt 2.879793167114258 -0.04555737227201462
vt 4.494222640991211 2.0195953845977783
vt 3.665191411972046 0.010999999940395355
vt 0.002117529511451721 -0.002831266261637211
vt 0.006433434318751097 -0.000927857996430248
vt 0.673198401927948 -1.3089969158172607
vt 0.673198401927948 -0.04555737227201462
vt 0.2506556510925293 0.04461987316608429
vt 6.2831854820251465 -0.8975979089736938
vt 0.0020020075608044863 -0.001497319433838129
vt 3.83972430229187 -2.094395160675049
vt 3.1415927410125732 6.667843360785852e-18
vt -0.0010069143027067184 -0.0022335227113217115
vt 6.2831854820251465 0.04305737093091011
vt 1.1780972480773926 -0.0005773502634838223
vt 2.094395160675049 -0.0272000003606081
vt -0.0022001920733600855 0.0017318067839369178
vt 0.22439947724342346 -0.5235987901687622
vt -0.038074519485235214 -0.009285889565944672
vt -0.0021439222618937492 -0.00021524837939068675
vt 3.665191411972046 0.5235987901687622
vt -0.002968864981085062 0.005217756610363722
vt 0.008895635604858398 0.007262966129928827
vt -0.0011404509423300624 -0.004476405680179596
vt 0.0076940287835896015 0.006782524287700653
vt 0.0019117314368486404 0.0033518392592668533
vt 1.5707963705062866 -0.02500000037252903
vt 4.974188327789307 1.0471975803375244
vt 0.009210119023919106 -0.005872570443898439
vt -0.008100000210106373 -0.002400000113993883
vt 3.4033920764923096 -0.03375000134110451
vt 0.002321325708180666 -0.0009281418169848621
vt 0.0003568684624042362 -0.002474397886544466
vt 3.1415927410125732 1.474514954580286e-17
vt 0.009499999694526196 -0.0038999998942017555
vt 1.4508049488067627 -1.7090779979987689e-25
vt -2.356194496154785 0.0
vt 4.71238899230957 1.3089969158172607
vt 2.094395160675049 -9.999999747378752e-05
vt -0.014999999664723873 0.026028817519545555
vt 3.665191411972046 -0.019200000911951065
vt -0.002000480191782117 -0.00432990537956357
vt 2.7052602767944336 0.673198401927948
vt 5.497786998748779 -1.5707963705062866
vt 4.71238899230957 0.03355737403035164
vt 0.5235987901687622 -0.0320499986410141
vt 5.235987663269043 -0.02500000037252903
vt -0.0044999998062849045 2.4584756041572112e-29
vt 2.7052602767944336 -1.3089969158172607
vt 0.0 -0.00044999999227002263
vt -0.0020843343809247017 -0.0044999998062849045
vt 4.936788558959961 0.03305737301707268
vt -0.005445481278002262 -0.002814110368490219
vt 0.0020000000949949026 -0.00648915208876133
vt 2.6179938316345215 0.7853981852531433
vt 0.04653577506542206 -0.0035155636724084616
vt 4.71238899230957 -1.047407627105713
vt -0.014722101390361786 -0.03858744353055954
vt 2.879793167114258 -0.002199999988079071
vt -0.0028393175452947617 -0.002770110731944442
vt 0.9381144642829895 0.0020000000949949026
vt 2.618204116821289 0.0020000000949949026
vt -0.009880765341222286 0.00956068653613329
vt -0.007655263878405094 -0.004972092341631651
vt 1.832595705986023 -0.00019999999494757503
vt 2.356194496154785 -0.0020843343809247017
vt -0.009400323033332825 0.010762292891740799
vt 0.03495049849152565 -0.003749303752556443
vt 5.385587215423584 0.04555737227201462
vt -0.0012850102502852678 -0.00015307222201954573
vt 0.04253450781106949 0.007777092047035694
vt 0.0022335227113217115 -0.0010069143027067184
vt 4.188790321350098 1.1210387714598537e-44
vt 4.05789041519165 3.1415927410125732
vt -0.039621468633413315 0.004894385114312172
vt 0.4487989544868469 -0.008478607051074505
vt 1.346396803855896 -0.011976709589362144
vt 4.263589859008789 -5.9631119486702744e-18
vt 0.00047456510947085917 0.001052673440426588
vt 3.665191411972046 -0.03375000134110451
vt 0.003657015273347497 -0.0008616484701633453
vt 0.9490227699279785 0.4487989544868469
vt 3.565378427505493 5.782411445417199e-15
vt 3.403130292892456 0.00648915208876133
vt 0.006470174062997103 0.011586299166083336
vt -0.020607685670256615 -0.01649218238890171
vt 1.3089969158172607 1.3089969158172607
vt 5.609986782073975 0.03355737403035164
vt -0.028906753286719322 -0.013793286867439747
vt 0.39269909262657166 -0.0005773502634838223
vt -0.002173958346247673 0.012215581722557545
vt 0.009499999694526196 0.0038999998942017555
vt 0.04218662157654762 0.00912646483629942
vt 1.5707963705062866 -0.0019894554279744625
vt 1.5707963705062866 -0.0272000003606081
vt 0.00971964094787836 0.01019311510026455
vt 2.6179938316345215 0.010999999940395355
vt -0.037682488560676575 -0.005552379880100489
vt -0.011914979666471481 0.0191238671541214
vt 2.356194496154785 1.3089969158172607
vt 2.923426389694214 1.121997356414795
vt 0.004314110614359379 -0.00394548149779439
vt 5.497786998748779 -9.999999747378752e-05
vt 4.71238899230957 2.618204116821289
vt -0.022700000554323196 0.04992000013589859
vt 0.22439947724342346 -0.011976709589362144
vt -0.0003499212034512311 -0.04796121269464493
vt -0.007902313023805618 -0.03212356194853783
vt 0.0031424593180418015 -0.0035881679505109787
vt 1.7016960382461548 -1.3089969158172607
vt 5.235987663269043 0.023528818041086197
vt -0.0224856398999691 0.05071999877691269
vt 4.350776672363281 5.782411445417199e-15
vt 3.1415927410125732 -0.7853981852531433
vt -0.0009878933196887374 0.0008715980802662671
vt 0.5233886241912842 1.8108491590854854e-26
vt -0.011472009122371674 -0.0182499997317791
vt -7.137369539123029e-05 0.0004948795540258288
vt 0.22439947724342346 0.0
vt 3.665191411972046 -0.00019999999494757503
vt -0.0019031245028600097 -0.004438855219632387
vt 1.4709833860397339 5.782411445417199e-15
vt 4.263589859008789 0.04555737227201462
vt 0.006099999882280827 0.032557372003793716
vt 4.450589656829834 -0.2617993950843811
vt 0.04105526953935623 0.004818872548639774
vt 6.544984817504883 0.7853981852531433
vt 0.009281108155846596 0.0008615475380793214
vt 1.0471975803375244 3.355605723842636e-17
vt 3.565127372741699 -0.05844999849796295
vt 1.121997356414795 -0.02008282020688057
vt -3.552713678800501e-15 0.04305737093091011
vt 0.673198401927948 1.81603863891322e-18
vt 0.8975979089736938 -0.044557373970746994
vt 6.2831854820251465 0.03355737403035164
vt 0.2617993950843811 0.000800000037997961
vt -0.002599884755909443 -0.00103951885830611
vt -0.004509037360548973 0.03087177872657776
vt 0.035321641713380814 -0.0063226777128875256
vt 2.7052602767944336 1.047407627105713
vt 5.834386348724365 0.04480922594666481
vt -1.0471975803375244 0.000800000037997961
vt 1.0471975803375244 0.5235987901687622
vt 1.8323339223861694 -0.0020843343809247017
vt 1.8736811876296997 0.4487989544868469
vt 4.71238899230957 -0.0320499986410141
vt 1.4508049488067627 0.22439947724342346
vt -0.0021290709264576435 -0.001009437721222639
vt 3.665191411972046 0.0024999999441206455
vt 4.48798942565918 -0.0024999999441206455
vt 0.7853981852531433 5.9631119486702744e-18
vt 1.267911434173584 0.0020000000949949026
vt 4.71238899230957 -2.468236207962036
vt 0.0009281418169848621 0.002321325708180666
vt 0.22439947724342346 3.0357660829594124e-18
vt 6.058785915374756 0.03355737403035164
vt 0.0024180258624255657 -0.0003945263451896608
vt -0.0926271453499794 -0.004532229620963335
vt -0.022645480930805206 0.041205890476703644
vt 1.346396803855896 0.0
vt 0.0006341066327877343 0.0023665183689445257
vt 2.618204116821289 -0.0020843343809247017
vt 1.7222387790679932 1.5707963705062866
vt 4.974188327789307 -0.03375000134110451
vt -0.04105526953935623 0.004818872548639774
vt 4.450589656829834 0.04305737093091011
vt 0.2617993950843811 -0.02500000037252903
vt 2.6179938316345215 0.04305737093091011
vt -0.0007949068676680326 -0.0010505900718271732
vt 3.1415927410125732 0.00648915208876133
vt -0.004026091191917658 -0.048215512186288834
vt -0.018238596618175507 -0.011528572998940945
vt -0.025200000032782555 1.376746326290976e-28
vt 4.188790321350098 0.7853981852531433
vt 6.96851921081543 -0.05844999849796295
vt -0.009540620259940624 -0.0458512008190155
vt -0.0056101190857589245 -0.007951031439006329
vt 3.1415927410125732 2.802596928649634e-45
vt -0.017552752047777176 -0.04335350543260574
vt -0.0020843343809247017 -0.025200000032782555
vt 1.5707963705062866 -0.008478607051074505
vt 0.001991858473047614 -0.0038999998942017555
vt 0.5235987901687622 0.04305737093091011
vt 0.22439947724342346 -0.025459138676524162
vt 1.5707963705062866 0.5233886241912842
vt 0.025200000032782555 -0.009999999776482582
vt -0.022700000554323196 0.05251999944448471
vt 1.1999138593673706 1.121997356414795
vt 0.005499999970197678 -0.00139999995008111
vt -0.008100000210106373 0.006300000008195639
vt 3.1415927410125732 1.346396803855896
vt 1.3089969158172607 0.03305737301707268
vt -0.0031424593180418015 -0.0035881679505109787
vt 0.0059316582046449184 -0.006751031614840031
vt 0.5235987901687622 0.0
vt 1.832595705986023 0.022700000554323196
vt 3.9269907474517822 0.02402881719172001
vt 7.35681693770529e-40 2.7484525072507537e-17
vt 8.1157808303833 0.010999999940395355
vt 0.03693751245737076 0.003944725263863802
vt 0.04545922577381134 -0.0015924600884318352
vt 2.356194496154785 2.802596928649634e-45
vt 4.71238899230957 1.071316466788007e-28
vt 1.1999138593673706 -0.7853981852531433
vt 0.0 0.0
vt 3.665191411972046 7.57608358530954e-29
vt 0.04594730958342552 0.0005646408535540104
vt 4.71238899230957 -1.832595705986023
vt 0.005852059461176395 0.007300516590476036
vt 0.4363323152065277 0.019099999219179153
vt 0.5233886241912842 -7.101524229780054e-18
vt -0.022700000554323196 -0.0024999999441206455
vt 2.618204116821289 0.025200000032782555
vt 0.5235987901687622 0.047520000487565994
vt 0.6981316804885864 1.346396803855896
vt 3.1415927410125732 0.035557374358177185
vt 0.0009735483326949179 -0.005321906413882971
vt 3.83972430229187 2.9171931743621826
vt 0.0 -0.0024500000290572643
vt 0.009100000374019146 0.04992000013589859
vt 0.008897583931684494 -0.005150930490344763
vt -1.3089969158172607 0.0
vt 6.02138614654541 -1.5707963705062866
vt -0.0044999998062849045 0.04992000013589859
vt 0.002780343173071742 0.0003311983891762793
vt 4.974188327789307 0.0020000000949949026
vt 0.22439947724342346 0.2617993950843811
vt 0.2617993950843811 -0.0272000003606081
vt -0.0027141105383634567 -0.0023071642499417067
vt -0.004380946513265371 -0.04523657262325287
vt 1.0471975803375244 1.5707963705062866
vt 3.9269907474517822 -0.019200000911951065
vt 1.4508049488067627 0.8975979089736938
vt 2.094395160675049 3.918537203142944e-17
vt 1.0471975803375244 -0.002199999988079071
vt 5.585053443908691 0.025200000032782555
vt 2.879793167114258 2.2159139597613595e-17
vt 0.22439947724342346 -1.3089969158172607
vt 1.7222387790679932 -0.5235987901687622
vt 1.267911434173584 0.025200000032782555
vt -0.023291639983654022 -0.01744184084236622
vt -0.015832317993044853 -0.0020000000949949026
vt 4.188790321350098 2.802596928649634e-45
vt 4.494222640991211 1.7951958179473877
vt 0.007899999618530273 0.005499999970197678
vt 0.2617993950843811 0.2617993950843811
vt 3.4208757877349854 0.044388506561517715
vt 4.450589656829834 -0.00800000037997961
vt 4.863831520080566 -2.4683942794799805
vt 0.2617993950843811 5.9631119486702744e-18
vt 1.941678762435913 0.019200000911951065
vt 3.267290785216611e-25 -0.02008282020688057
vt -0.008314359001815319 -0.0031999999191612005
vt 4.188790321350098 0.023528818041086197
vt 4.71238899230957 0.047520000487565994
vt 3.403130292892456 0.047520000487565994
vt 3.814790964126587 0.032557372003793716
vt -0.032509516924619675 0.013175577856600285
vt 4.71238899230957 0.0024999999441206455
vt 1.208932876586914 -0.05844999849796295
vt 0.04391742870211601 0.006333963014185429
vt 3.9269907474517822 -0.0024999999441206455
vt 1.832595705986023 -0.00800000037997961
vt 1.6739317178510858e-26 -0.0005000000237487257
vt -0.006099999882280827 0.04305737093091011
vt 1.0471975803375244 0.032557372003793716
vt 2.7052602767944336 1.3092588186264038
vt 3.665191411972046 2.802596928649634e-45
vt 0.8975979089736938 -0.027809027582406998
vt 2.094395160675049 -0.04555737227201462
vt 5.0152740478515625 2.9171931743621826
vt -0.0005649121012538671 -0.0009270960581488907
vt 2.094395160675049 1.0733601507606494e-17
vt 4.71238899230957 2.9171931743621826
vt -0.002573446836322546 0.0011033453047275543
vt -0.017362067475914955 0.013580230996012688
vt 0.0008806696278043091 0.002756555564701557
vt -0.0009281418169848621 -0.002321325708180666
vt -0.09499622881412506 -0.009495838545262814
vt 4.188790321350098 -1.071316466788007e-28
vt 3.1415927410125732 0.2615375518798828
vt 6.2831854820251465 0.02402881719172001
vt 0.0023665183689445257 -0.0006341066327877343
vt -0.005252854898571968 -0.006768875755369663
vt 2.879793167114258 -0.0272000003606081
vt 1.1999138593673706 0.4487989544868469
vt 6.544984817504883 0.0003000000142492354
vt -0.0017318067839369178 -0.0022001920733600855
vt 0.6981316804885864 -0.8974398970603943
vt 4.71238899230957 0.009312311187386513
vt -0.0003996926825493574 -0.0027713256422430277
vt 5.890486240386963 -0.0005773502634838223
vt 0.8975979089736938 -0.034771449863910675
vt 4.863831520080566 -2.9171931743621826
vt 4.863831520080566 2.4683942794799805
vt 3.5907857418060303 -1.1926223897340549e-17
vt 6.2831854820251465 2.7620050344068225e-17
vt -0.03345707803964615 0.016742927953600883
vt 0.0028393175452947617 -0.002770110731944442
vt -0.01236475259065628 -0.040442951023578644
vt 3.9269907474517822 -0.2617993950843811
vt 0.5235987901687622 0.0024999999441206455
vt 2.7052602767944336 1.121997356414795
vt -0.03289114683866501 -0.019200000911951065
vt -0.0007569016888737679 -0.005259988829493523
vt 1.8736811876296997 -0.2617993950843811
vt -0.04501518979668617 -0.00295786140486598
vt 4.188790321350098 0.026028817519545555
vt 0.9490227699279785 -1.7090779979987689e-25
vt 0.8975979089736938 -0.025459138676524162
vt -0.005685889627784491 0.04007451981306076
vt 4.71238899230957 2.356194496154785
vt 5.105088233947754 -0.0005773502634838223
vt -0.0011547005269676447 0.0
vt -0.032223958522081375 0.004647479858249426
vt -0.09305725246667862 0.0009509269148111343
vt 0.0023588761687278748 -0.003971717320382595
vt 0.00271421717479825 -0.0006188905681483448
vt 2.2034780979156494 0.22439947724342346
vt -1.0471975803375244 0.0
vt 6.02138614654541 -0.22439947724342346
vt 5.497786998748779 0.02402881719172001
vt 1.3089969158172607 2.2159139597613595e-17
vt 0.0021290709264576435 -0.0044905622489750385
vt 1.4508049488067627 -1.5707963705062866
vt -0.038216978311538696 0.004596230108290911
vt 2.0195953845977783 -0.0020843343809247017
vt -0.015267801471054554 -0.042628951370716095
vt 1.951563910473908e-16 -0.002199999988079071
vt 2.4683942794799805 0.0020000000949949026
vt 2.094395160675049 0.044557373970746994
vt 1.5707963705062866 1.346396803855896
vt 0.673198401927948 0.5235987901687622
vt -0.03806011378765106 -0.017856033518910408
vt 0.0 -0.001500000013038516
vt 4.039032459259033 0.009312311187386513
vt 2.779729127883911 -0.05844999849796295
vt 0.0008806696278043091 -0.0004961356171406806
vt 6.2831854820251465 1.3089969158172607
vt 6.806784152984619 0.010999999940395355
vt 0.0024377445224672556 0.0002447479637339711
vt 0.000595283810980618 -0.004971629474312067
vt 2.879793167114258 0.0020843343809247017
vt 1.8736811876296997 0.22439947724342346
vt -0.008895635604858398 0.007262966129928827
vt 4.71238899230957 -4.035750689130103e-29
vt 2.879793167114258 0.0
vt 4.71238899230957 -1.346396803855896
vt 4.974188327789307 0.026028817519545555
vt 2.356194496154785 2.2159139597613595e-17
vt 1.5707963705062866 -0.010082819499075413
vt -3.4033920764923096 0.0
vt 1.121997356414795 -1.5707963705062866
vt 1.5707963705062866 -0.2617993950843811
vt -0.019099999219179153 -0.00139999995008111
vt 5.497786998748779 0.04305737093091011
vt 0.5235987901687622 -0.0005000000237487257
vt -0.021887151524424553 -0.01714368723332882
vt -0.01590000092983246 0.009499999694526196
vt -0.006827963516116142 -0.010708295740187168
vt -0.0038999998942017555 -0.0005000000237487257
vt 4.974188327789307 0.023528818041086197
vt -0.009161571972072124 0.013816899619996548
vt 3.665191411972046 1.3089969158172607
vt 0.005691897124052048 -0.008572197519242764
vt 2.094395160675049 1.0471975803375244
vt 3.4033920764923096 0.009312311187386513
vt 4.188790321350098 -0.05674999952316284
vt 0.2617993950843811 -0.0003000000142492354
vt 4.27605676651001 -3.1415927410125732
vt 4.409503936767578 0.025200000032782555
vt 0.0002853858459275216 0.0005349261336959898
vt 2.4889266931565054e-28 0.04555737227201462
vt -0.02265988476574421 0.04927603527903557
vt 2.0195953845977783 0.025200000032782555
vt 0.4487989544868469 1.0471975803375244
vt -0.004426007159054279 -0.04888886213302612
vt 3.1415927410125732 0.009999999776482582
vt 4.48798942565918 0.04555737227201462
vt 0.001539024175144732 -0.005231662653386593
vt 1.5707963705062866 0.8975979089736938
vt 1.5707963705062866 -0.027809027582406998
vt 1.3089969158172607 0.7853981852531433
vt -0.002831266261637211 -0.002117529511451721
vt 3.1415927410125732 -0.0320499986410141
vt -0.7853981852531433 0.0
vt -0.0022913350258022547 -0.0008673431002534926
vt 5.235987663269043 -1.121997356414795
vt 4.27605676651001 2.4683942794799805
vt 3.1415927410125732 -0.044557373970746994
vt 0.0011489244643598795 0.00011535126395756379
vt 0.0016060338821262121 -0.004982298240065575
vt 3.1415927410125732 0.5233886241912842
vt 4.039032459259033 -1.2902005852577503e-17
vt 4.188790321350098 -1.3089969158172607
vt 0.2617993950843811 0.02452881820499897
vt -0.2617993950843811 -0.002199999988079071
vt 4.188790321350098 -3.144186300207963e-18
vt 3.9267396926879883 -0.05844999849796295
vt -0.0024180258624255657 0.0003945263451896608
vt -0.039005499333143234 0.017543144524097443
vt 0.009390962310135365 0.0031282210256904364
vt -0.005669585429131985 -0.049818944185972214
vt 1.346396803855896 1.5707963705062866
vt 1.047407627105713 -8.238533574921768e-26
vt 1.832595705986023 0.5235987901687622
vt 4.71238899230957 0.00648915208876133
vt 1.7016960382461548 0.22439947724342346
vt 6.544984817504883 0.5235987901687622
vt 5.235987663269043 0.009999999776482582
vt -0.038178451359272 -0.01819421350955963
vt 4.319689750671387 -0.0005773502634838223
vt -0.001991858473047614 -0.0038999998942017555
vt 0.00037794432137161493 -0.0006103523191995919
vt -0.006614571437239647 -0.006000000052154064
vt 0.6981316804885864 -1.3460042476654053
vt 0.0003945263451896608 0.0024180258624255657
vt 0.2617993950843811 1.3010426069826053e-18
vt -0.006200000178068876 0.044557373970746994
vt 0.00027471708017401397 -0.00548624387010932
vt 0.6872233748435974 0.025200000032782555
vt 4.450589656829834 0.023528818041086197
vt 4.71238899230957 -0.7853981852531433
vt 0.012000000104308128 0.035557374358177185
vt -0.008554833009839058 0.014198139309883118
vt 4.731063881010676e-16 0.0
vt 4.569152355194092 -0.0272000003606081
vt 0.22439947724342346 1.5707963705062866
vt 1.121997356414795 -0.2617993950843811
vt 0.025200000032782555 -2.533050711147389e-28
vt 6.2831854820251465 -1.346396803855896
vt 2.6179938316345215 -0.0320499986410141
vt -0.008750930428504944 0.04991758242249489
vt 4.48798942565918 -5.9631119486702744e-18
vt -0.011152327060699463 -0.01747822016477585
vt 4.71238899230957 -0.05674999952316284
vt 0.2506556510925293 0.035557374358177185
vt -0.03848863020539284 -0.008568628691136837
vt 1.0471975803375244 9.999999747378752e-05
vt 4.188790321350098 0.0003000000142492354
vt -0.016728220507502556 0.009390962310135365
vt 4.93055534362793 0.0020000000949949026
vt -0.00455451849848032 0.05033411085605621
vt 0.002212375868111849 -0.004831746686249971
vt -0.03370309993624687 -0.009161571972072124
vt 4.863831520080566 2.692793607711792
vt -0.002022001426666975 0.0034513056743890047
vt -0.03647853806614876 -0.004770083352923393
vt -0.03332186117768288 -0.018645167350769043
vt 3.1415927410125732 -1.1384122811097797e-18
vt -0.007211597636342049 -0.050002630800008774
vt 0.0056527708657085896 -0.006095523945987225
vt 0.000595283810980618 -0.0005283706123009324
vt 2.3129647052218217e-15 0.019099999219179153
vt 2.2034780979156494 -0.5235987901687622
vt 4.039032459259033 0.015832317993044853
vt 0.004113049246370792 0.003362508025020361
vt 6.02138614654541 0.0003000000142492354
vt 3.4033920764923096 0.026028817519545555
vt -0.02372175268828869 -0.017458684742450714
vt 1.3089969158172607 -0.0024999999441206455
vt 2.7052602767944336 0.4487989544868469
vt 4.974188327789307 1.1364126822411769e-25
vt -0.008899999782443047 -0.003785640699788928
vt 0.7853981852531433 1.5707963705062866
vt -0.044593118131160736 0.009473043493926525
vt 1.7016960382461548 0.8975979089736938
vt -0.004399999976158142 0.040726274251937866
vt -0.0020000000949949026 -0.0024999999441206455
vt 4.93055534362793 0.025200000032782555
vt 5.366827964782715 0.019711697474122047
vt 3.3659920692443848 -0.0024999999441206455
vt -0.029129397124052048 -0.010954996570944786
vt 3.5903916358947754 0.00648915208876133
vt -0.0006326050497591496 -0.0489664301276207
vt 1.5707963705062866 -0.03305737301707268
vt 0.4487989544868469 0.5235987901687622
vt 5.202206134796143 0.019850000739097595
vt -0.0013419982278719544 -0.004772118292748928
vt 0.6981316804885864 -0.2617993950843811
vt 6.02138614654541 -1.346396803855896
vt 6.544984817504883 1.3089969158172607
vt 4.93055534362793 0.007350000087171793
vt 0.005031371023505926 -0.0035313707776367664
vt 1.690787672996521 0.00800000037997961
vt -0.5235987901687622 -0.02500000037252903
vt 0.007799999788403511 0.02452881820499897
vt -0.08951307833194733 -0.009065725840628147
vt 1.832595705986023 1.3089969158172607
vt 4.188790321350098 -0.5235987901687622
vt 1.0471975803375244 5.9631119486702744e-18
vt 0.005445481278002262 -0.0018141104374080896
vt 4.4875969886779785 -3.550762114890027e-18
vt -0.010088580660521984 -0.009151031263172626
vt 3.279711571768651e-14 0.02402881719172001
vt 1.47073233127594 -0.05844999849796295
vt -0.2617993950843811 0.2617993950843811
vt 2.890937089920044 0.04461987316608429
vt -0.0009851297363638878 0.002297720406204462
vt 6.2831854820251465 -0.00019999999494757503
vt -0.007459037471562624 0.02212822064757347
vt 1.121997356414795 1.5707963705062866
vt 2.454369306564331 0.8975979089736938
vt 0.0350082591176033 -0.006367874797433615
vt -0.03843366727232933 -0.006884194444864988
vt 1.7222387790679932 -1.3089969158172607
vt 0.673198401927948 -0.011976709589362144
vt -0.0044999998062849045 -0.0024999999441206455
vt 4.494222640991211 2.9171931743621826
vt 1.1890054941177368 0.00800000037997961
vt 4.188790321350098 -0.002199999988079071
vt 1.0471975803375244 0.000800000037997961
vt 6.02138614654541 0.0020000000949949026
vt -0.0011489244643598795 -0.00011535126395756379
vt 5.497786998748779 -1.121997356414795
vt 3.1415927410125732 0.04305737093091011
vt -0.004828718490898609 0.03009999915957451
vt 2.356194496154785 -9.999999747378752e-05
vt 1.832595705986023 1.5707963705062866
vt 1.3089969158172607 -0.019200000911951065
vt -0.019037066027522087 -0.04250191152095795
vt 2.7052602767944336 0.7853981852531433
vt -0.0003945263451896608 -0.0024180258624255657
vt 6.2831854820251465 -0.02500000037252903
vt 0.0019644571002572775 -0.0015462561277672648
vt -0.019099999219179153 -0.002400000113993883
vt -0.002482449170202017 0.0002957128453999758
vt 5.235987663269043 -0.00019999999494757503
vt 2.7052602767944336 -0.7853981852531433
vt 6.02138614654541 -0.0320499986410141
vt 0.005252854898571968 -0.006768875755369663
vt -3.4033920764923096 0.000800000037997961
vt 6.02138614654541 2.2159139597613595e-17
vt 4.71238899230957 -0.0003000000142492354
vt 5.497786998748779 0.02452881820499897
vt 3.8455419540405273 0.04555737227201462
vt 4.71238899230957 0.02280000038444996
vt -0.004594213794916868 -0.0028415501583367586
vt 4.71238899230957 2.2159139597613595e-17
vt -0.009568946436047554 -0.04814712703227997
vt 1.121997356414795 -1.6069783194858586e-25
vt 0.5235987901687622 1.3010426069826053e-18
vt 0.04622998833656311 -0.0033086577896028757
vt 3.1415927410125732 -1.1364126822411769e-25
vt 1.5707963705062866 -0.00019999999494757503
vt 0.6981316804885864 1.5707963705062866
vt 3.9269907474517822 -1.0471975803375244
vt 0.4487989544868469 -1.0471975803375244
vt -0.0002292286226293072 0.0014049269957467914
vt 0.4363323152065277 0.00800000037997961
vt 1.267911434173584 0.0044999998062849045
vt 3.1415927410125732 1.047407627105713
vt -3.9269907474517822 0.0
vt 4.188790321350098 -0.2617993950843811
vt 0.004314110614359379 -0.0029454813338816166
vt 0.022700000554323196 -0.002227407181635499
vt 4.71238899230957 0.5235987901687622
vt 0.005285640712827444 -0.002199999988079071
vt 0.7853981852531433 -3.3274017396754193e-26
vt 1.690787672996521 0.0020000000949949026
vt 2.094395160675049 -0.02500000037252903
vt -0.0021358737722039223 4.567989890347235e-05
vt 1.346396803855896 -1.0471975803375244
vt 3.665191411972046 9.999999747378752e-05
vt 2.4683942794799805 -0.0020843343809247017
vt 1.7016960382461548 1.346396803855896
vt 1.832595705986023 1.1210387714598537e-44
vt 0.02280000038444996 -0.00648915208876133
vt -0.003114132909104228 -0.0012922422029078007
vt 2.094395160675049 -0.0320499986410141
vt 0.0 0.5235987901687622
vt -0.0002957128453999758 -0.002482449170202017
vt 0.00681011937558651 -0.010029492899775505
vt 2.094395160675049 0.0003000000142492354
vt 2.879793167114258 0.009999999776482582
vt 0.0 -0.0019894554279744625
vt -0.002474397886544466 -0.0003568684624042362
vt 0.0 -0.0272000003606081
vt 6.2831854820251465 -0.0272000003606081
vt 1.1890054941177368 0.0020000000949949026
vt 2.094395160675049 0.04305737093091011
vt 1.4508049488067627 0.4487989544868469
vt -0.038925785571336746 -0.018941549584269524
vt 2.7052602767944336 0.22439947724342346
vt 1.3877787807814457e-17 -3.469446951953614e-17
vt 1.832595705986023 0.0044999998062849045
vt -0.010999999940395355 0.003000000026077032
vt 4.863831520080566 -2.0195953845977783
vt 4.71238899230957 -0.00019999999494757503
vt 0.0003568684624042362 -0.005474397912621498
vt 1.832595705986023 0.03305737301707268
vt 4.863831520080566 -2.692793607711792
vt -0.03289114683866501 -0.00800000037997961
vt 2.923426389694214 1.5707963705062866
vt 5.497786998748779 -0.05674999952316284
vt -0.008899999782443047 -0.002785640535876155
vt 4.71238899230957 -0.0272000003606081
vt -0.0019606691785156727 -0.0006993635906837881
vt 0.2617993950843811 1.5707963705062866
vt 0.008100000210106373 -0.009999999776482582
vt 1.9634953737258911 -0.0005773502634838223
vt 5.759586334228516 0.035557374358177185
vt 3.814793825149536 0.04546534642577171
vt -0.051342420279979706 -0.019099999219179153
vt 2.7052602767944336 -1.0471975803375244
vt -0.2617993950843811 1.0471975803375244
vt 0.03337547555565834 0.00016596137720625848
vt 0.0020000000949949026 -1.7407068819925746e-28
vt 4.188790321350098 -9.999999747378752e-05
vt -0.00033717966289259493 0.0004686610773205757
vt 0.0 -0.0044999998062849045
vt 5.497786998748779 9.999999747378752e-05
vt -0.01329483650624752 -0.03919937461614609
vt -0.007499999832361937 0.050519999116659164
vt 0.673198401927948 0.7853981852531433
vt -0.005443289875984192 -0.022371280938386917
vt 1.994582176208496 5.782411445417199e-15
vt 1.121997356414795 -3.6591823321385775e-18
vt 0.9490227699279785 -1.5707963705062866
vt 4.855625629425049 -0.02500000037252903
vt 5.235987663269043 0.5235987901687622
vt -0.002612408949062228 -0.0029026400297880173
vt 1.951563910473908e-16 -0.019200000911951065
vt 2.879793167114258 0.044557373970746994
vt 1.5707963705062866 1.3092588186264038
vt 2.879793167114258 0.5235987901687622
vt 0.4363323152065277 0.0020000000949949026
vt -0.014999999664723873 0.023528818041086197
vt 4.263589859008789 0.047520000487565994
vt 4.71238899230957 -2.692399501800537
vt -0.010795709677040577 -0.006837261375039816
vt 5.497786998748779 0.0003000000142492354
vt 2.454369306564331 -1.3089969158172607
vt 4.494222640991211 -2.094395160675049
vt 4.863831520080566 -3.1415927410125732
vt 1.047407627105713 -0.011976709589362144
vt 2.692793607711792 -0.0020843343809247017
vt 2.6179938316345215 -9.999999747378752e-05
vt -0.006313063204288483 -0.006253974977880716
vt 6.2831854820251465 -0.03375000134110451
vt 0.019099999219179153 -5.016599919009674e-27
vt 0.004728644620627165 0.0017254938138648868
vt -0.006740011740475893 -0.03071141242980957
vt -0.0024377445224672556 -0.0002447479637339711
vt 8.822896957397461 0.009999999776482582
vt 0.2617993950843811 0.02402881719172001
vt 3.665191411972046 0.015832317993044853
vt 6.183121204376221 -0.05844999849796295
vt 0.7853981852531433 -0.002199999988079071
vt 5.161188125610352 8.570532095415921e-29
vt 1.0471975803375244 -0.05674999952316284
vt 0.0 -0.02280000038444996
vt 0.2615375518798828 -8.881784197001252e-16
vt 3.665191411972046 -0.002199999988079071
vt 1.5707963705062866 0.04305737093091011
vt 5.148721218109131 0.019850000739097595
vt 6.2831854820251465 -0.7853981852531433
vt 4.71238899230957 0.004399999976158142
vt 0.6981316804885864 0.4487989544868469
vt -0.005852059461176395 0.007300516590476036
vt 0.0005773502634838223 -0.0010000000474974513
vt 3.3659920692443848 -5.9631119486702744e-18
vt -0.017500000074505806 -0.003000000026077032
vt -0.03881999850273132 -0.008314359001815319
vt 3.1415927410125732 0.5235987901687622
vt 2.879793167114258 -0.00019999999494757503
vt 2.356194496154785 0.000800000037997961
vt 0.008562741801142693 -0.004562741611152887
vt 1.690787672996521 0.019200000911951065
vt 0.007899999618530273 0.0050712814554572105
vt -0.006896349135786295 -0.005165440496057272
vt 0.007499999832361937 0.05152000114321709
vt 4.71238899230957 7.57608358530954e-29
vt 0.2617993950843811 0.03305737301707268
vt -0.009837932884693146 0.013580230996012688
vt -0.004714359529316425 0.049720000475645065
vt -0.005075722001492977 -0.03519323468208313
vt 2.2034780979156494 -1.3089969158172607
vt -0.02235092967748642 0.04991758242249489
vt 5.497786998748779 0.2617993950843811
vt 0.002125580795109272 -0.0021786850411444902
vt 3.9269907474517822 0.00648915208876133
vt 0.041959792375564575 0.010699219070374966
vt -1.832595705986023 2.802596928649634e-45
vt 0.002153651788830757 -7.19887248123996e-05
vt 4.188790321350098 -0.03375000134110451
vt 2.094395160675049 0.032557372003793716
vt -0.0016263455618172884 -0.0011236544232815504
vt 4.71238899230957 -0.0024999999441206455
vt 1.941678762435913 0.0020000000949949026
vt -0.000628261303063482 -0.00017667742213234305
vt -0.0003568684624042362 0.002474397886544466
vt 0.007041447330266237 0.006790575571358204
vt 0.22439947724342346 -0.044557373970746994
vt -0.01198054850101471 -0.008287258446216583
vt 0.4487989544868469 0.2617993950843811
vt -0.0004428357060533017 -0.0054641105234622955
vt -0.0016451391857117414 -0.000977078452706337
vt 2.2034780979156494 0.673198401927948
vt 0.7853981852531433 0.2617993950843811
vt 2.9544509200229996e-15 -1.5707963705062866
vt 1.346396803855896 -0.02008282020688057
vt 4.71238899230957 8.570532095415921e-29
vt 1.5707963705062866 0.047520000487565994
vt 0.004399999976158142 -0.0030589860398322344
vt -0.019533099606633186 0.015311571769416332
vt 4.450338363647461 -0.05844999849796295
vt 3.4033920764923096 0.015832317993044853
vt 5.497786998748779 -0.002199999988079071
vt 0.0022422485053539276 0.001676997751928866
vt -0.0031942827627062798 -0.011639936827123165
vt -0.01915186084806919 0.014704832807183266
vt 2.7052602767944336 1.346396803855896
vt -0.03926396742463112 -0.019059885293245316
vt 0.22439947724342346 0.7853981852531433
vt -0.005076989997178316 0.00833683181554079
vt 0.2617993950843811 -0.00800000037997961
vt 4.71238899230957 -0.8975979089736938
vt 4.27605676651001 2.0195953845977783
vt 0.5233886241912842 -8.881784197001252e-16
vt 3.9269907474517822 -4.662069341687669e-18
vt 0.4487989544868469 -5.421010862427522e-19
vt -0.020148711279034615 -0.007777372840791941
vt 4.974188327789307 -0.673198401927948
vt -0.00032429490238428116 0.003986832220107317
vt -0.008100000210106373 -0.004999999888241291
vt -0.009342707693576813 -0.03325067088007927
vt 0.7853981852531433 0.0003000000142492354
vt 2.094395160675049 -0.044557373970746994
vt 4.450589656829834 1.6069783194858586e-25
vt 3.665191411972046 1.6069783194858586e-25
vt 4.863831520080566 2.0195953845977783
vt 3.665191411972046 2.2159139597613595e-17
vt -0.03693751245737076 0.003944725263863802
vt 0.5235987901687622 5.9631119486702744e-18
vt 5.0152740478515625 -2.356194496154785
vt 0.014999999664723873 0.02402881719172001
vt 2.454369306564331 -1.5707963705062866
vt -0.001398772350512445 0.009338993579149246
vt 0.7853981852531433 -0.0320499986410141
vt 0.2615375518798828 -0.02008282020688057
vt 4.4875969886779785 0.015832317993044853
vt 1.3089969158172607 0.044557373970746994
vt 5.759586334228516 0.009999999776482582
vt 4.71238899230957 1.1210387714598537e-44
vt 4.450589656829834 -0.0272000003606081
vt -0.022541550919413567 0.04961421340703964
vt -0.019059885293245316 -0.0017560335109010339
vt 1.832595705986023 -0.04555737227201462
vt 0.04553473740816116 -0.00015865903696976602
vt 3.9269907474517822 0.009999999776482582
vt 3.83972430229187 -1.832595705986023
vt 2.6179938316345215 -0.0272000003606081
vt 0.001497319433838129 0.0020020075608044863
vt 0.7853981852531433 -0.02500000037252903
vt 3.4033920764923096 0.2617993950843811
vt 4.974188327789307 9.999999747378752e-05
vt 4.05789041519165 2.9171931743621826
vt -0.02280000038444996 0.040726274251937866
vt 3.1415927410125732 -1.0471975803375244
vt 1.832595705986023 0.2617993950843811
vt 0.010328341275453568 -0.008572197519242764
vt -0.0002791492152027786 -0.019200000911951065
vt 1.346396803855896 0.7853981852531433
vt -0.01725775934755802 -0.0381568968296051
vt 4.874375343322754 5.782411445417199e-15
vt -0.007755184080451727 0.011739371344447136
vt -0.001923132105730474 0.0005175804835744202
vt 3.1415927410125732 -0.002199999988079071
vt 3.5903916358947754 0.032557372003793716
vt 1.346396803855896 0.2617993950843811
vt -0.01750769279897213 -0.03970121592283249
vt 2.779980421066284 5.782411445417199e-15
vt 2.356194496154785 -0.00019999999494757503
vt 0.0014986388850957155 -0.00011704924691002816
vt 5.497786998748779 0.035557374358177185
vt 6.02138614654541 -0.00019999999494757503
vt -0.08809364587068558 -0.0014181631850078702
vt -0.01803584396839142 -0.038786545395851135
vt 4.188790321350098 0.010999999940395355
vt 0.4487989544868469 0.7853981852531433
vt 3.366384744644165 0.009312311187386513
vt 5.235987663269043 -0.0320499986410141
vt 3.4033920764923096 -3.144186300207963e-18
vt 1.941678762435913 0.00800000037997961
vt 5.235987663269043 -0.22439947724342346
vt 0.6855852603912354 5.782411445417199e-15
vt -0.018645167350769043 0.014198139309883118
vt 1.8736811876296997 -1.3089969158172607
vt 1.3089969158172607 -0.00019999999494757503
vt 1.3092588186264038 -0.027809027582406998
vt 3.9269907474517822 -0.0320499986410141
vt 4.450589656829834 -0.03375000134110451
vt 2.923426389694214 -0.2617993950843811
vt 4.039190769195557 0.047520000487565994
vt -0.010328341275453568 -0.007329865824431181
vt -0.006200000178068876 0.04555737227201462
vt 0.8975979089736938 0.2617993950843811
vt -0.005685889627784491 0.050465479493141174
vt -0.0019644571002572775 -0.0015462561277672648
vt -0.2617993950843811 0.0
vt 3.8149490356445312 0.009312311187386513
vt 0.6544984579086304 -0.0005773502634838223
vt 5.4975361824035645 -0.05844999849796295
vt -0.08905410021543503 -0.00035091719473712146
vt 0.0 -0.007969026453793049
vt 3.83972430229187 -1.5707963705062866
vt -0.005396307911723852 0.007767654024064541
vt 1.5707963705062866 -0.044557373970746994
vt 5.759586334228516 2.802596928649634e-45
vt 3.9269907474517822 -1.071316466788007e-28
vt 1.5707963705062866 -0.0024999999441206455
vt 6.02138614654541 9.999999747378752e-05
vt 0.0 -0.00800000037997961
vt 0.2617993950843811 0.04305737093091011
vt -0.006771779153496027 0.028609037399291992
vt 1.4508049488067627 -0.5235987901687622
vt 5.235987663269043 1.1210387714598537e-44
vt -0.008314359001815319 -0.002199999988079071
vt 0.000628261303063482 -0.00017667742213234305
vt 4.863831520080566 2.9171931743621826
vt 0.04048169404268265 -0.0060719274915754795
vt -0.031824991106987 0.015703754499554634
vt 1.7016960382461548 0.4487989544868469
vt 7.8539814949035645 0.010999999940395355
vt 3.9269907474517822 9.999999747378752e-05
vt 2.356194496154785 0.04305737093091011
vt 0.2617993950843811 2.802596928649634e-45
vt -0.019012562930583954 -0.040515925735235214
vt 0.0031022990588098764 -0.0010914194863289595
vt 5.235987663269043 1.3010426069826053e-18
vt -0.044585078954696655 0.0025252951309084892
vt 5.0152740478515625 1.5707963705062866
vt 2.356194496154785 -0.05674999952316284
vt 1.832595705986023 -0.0003000000142492354
vt 4.05789041519165 2.692793607711792
vt 0.0013768052449449897 0.0036372251342982054
vt 0.0 2.802596928649634e-45
vt 1.832595705986023 0.032557372003793716
vt 1.3089969158172607 8.570530891709706e-29
vt 0.9490227699279785 0.0
vt 3.8269267082214355 -0.05844999849796295
vt 7.137369539123029e-05 0.0004948795540258288
vt 1.8736811876296997 -1.872792150552032e-25
vt 0.4363323152065277 0.019200000911951065
vt 1.9525871276855469 0.4487989544868469
vt 0.03271883726119995 0.004718853626400232
vt 4.71238899230957 0.032557372003793716
vt 5.0152740478515625 -2.4683942794799805
vt -0.09981289505958557 5.782411445417199e-15
vt 4.71238899230957 0.0
vt 0.04242067039012909 0.004374837502837181
vt -0.00503118010237813 -0.008305886760354042
vt 0.5233886241912842 -0.010082819499075413
vt 3.814790964126587 0.047520000487565994
vt 0.0011547005269676447 0.0
vt 6.02138614654541 0.009999999776482582
vt 1.832595705986023 1.0733601507606494e-17
vt -0.021514110267162323 0.0514654815196991
vt 4.189000129699707 0.047520000487565994
vt 0.0011500000255182385 -0.004741858225315809
vt 1.7951958179473877 0.0020000000949949026
vt 0.009696036577224731 0.00827984418720007
vt 2.879793167114258 -9.999999747378752e-05
vt -0.043166205286979675 0.006535002030432224
vt -0.0038999998942017555 -0.004000000189989805
vt 1.7016960382461548 -1.0471975803375244
vt 1.5707963705062866 0.673198401927948
vt 5.385587215423584 0.032557372003793716
vt 3.665191411972046 -0.5235987901687622
vt 1.7016960382461548 1.121997356414795
vt 3.4033920764923096 -0.7853981852531433
vt 4.494222640991211 2.692793607711792
vt 3.1415927410125732 -0.0003000000142492354
vt -0.00789712555706501 -0.044247765094041824
vt -0.019099999219179153 -0.004999999888241291
vt 0.7853981852531433 2.2159139597613595e-17
vt -0.0350082591176033 -0.006367874797433615
vt 1.1999138593673706 -0.2617993950843811
vt 4.71238899230957 -2.9168004989624023
vt 1.7016960382461548 -1.5707963705062866
vt 0.8975979089736938 1.0299920638612292e-18
vt 0.018200000748038292 0.003000000026077032
vt -0.004897583741694689 -0.0026509303133934736
vt 5.0152740478515625 -2.618204116821289
vt -0.1432366669178009 -0.02500000037252903
vt 1.1999138593673706 0.8975979089736938
vt 1.832595705986023 0.0003000000142492354
vt 0.0034805636387318373 0.0037021166644990444
vt 2.463088377870201e-15 0.2617993950843811
vt 0.2617993950843811 0.7853981852531433
vt 4.450589656829834 -0.019200000911951065
vt -3.665191411972046 0.000800000037997961
vt 0.0047393133863806725 -0.00047582396655343473
vt 4.71238899230957 0.010999999940395355
vt 0.044232893735170364 -0.0041618128307163715
vt 3.1415927410125732 0.022700000554323196
vt -0.009100000374019146 0.048920001834630966
vt 0.00838344544172287 0.011562693864107132
vt 4.936788558959961 0.0005000000237487257
vt 6.02138614654541 0.010999999940395355
vt 2.4434609413146973 0.025200000032782555
vt 0.008631285279989243 -0.005632809363305569
vt 0.009707175195217133 -0.009648087434470654
vt 0.21816615760326385 0.0020000000949949026
vt -0.038019999861717224 -0.009700000286102295
vt -0.002297848928719759 -0.00023070252791512758
vt 2.094395160675049 0.03305737301707268
vt 4.974188327789307 0.035557374358177185
vt 1.832595705986023 0.02452881820499897
vt -0.04453187435865402 0.0103787612169981
vt -0.004256033338606358 -0.0029598847031593323
vt 2.454369306564331 0.673198401927948
vt 4.188790321350098 0.02402881719172001
vt 4.450589656829834 1.5707963705062866
vt 1.121997356414795 -1.0471975803375244
vt 2.6179938316345215 1.3010426069826053e-18
vt -0.01819421350955963 -0.0028415501583367586
vt 0.0 -0.027809027582406998
vt 4.48798942565918 0.047520000487565994
vt 4.27605676651001 2.9171931743621826
vt 3.665191411972046 0.0003000000142492354
vt 0.5235987901687622 -0.05674999952316284
vt 1.1999138593673706 -1.7090779979987689e-25
vt 4.039190769195557 0.00648915208876133
vt 3.665191411972046 0.0
vt 5.497786998748779 -0.673198401927948
vt -0.007856033742427826 0.05047988519072533
vt -0.007499999832361937 0.05152000114321709
vt 0.007755184080451727 0.011739371344447136
vt 5.497786998748779 1.5707963705062866
vt -1.832595705986023 -0.002199999988079071
vt 0.025200000032782555 -6.618760239702016e-27
vt 5.235987663269043 0.0
vt 0.005900996271520853 0.0112669812515378
vt 3.9269907474517822 0.7853981852531433
vt 1.439896583557129 0.025200000032782555
vt 0.0025070153642445803 -0.0011697900481522083
vt 0.00463608605787158 0.0028707722667604685
vt -0.04218662157654762 0.00912646483629942
vt 4.188790321350098 1.3089969158172607
vt -0.008631285279989243 -0.005632809363305569
vt 4.450589656829834 -0.05674999952316284
vt 0.008364974521100521 -0.010929970070719719
vt 6.2831854820251465 0.008100000210106373
vt 3.5907857418060303 0.015832317993044853
vt 0.0005151568329893053 0.0022802099119871855
vt 3.4033920764923096 2.802596928649634e-45
vt -0.051342420279979706 -0.008100000210106373
vt 2.518181085586548 5.782411445417199e-15
vt -0.03495049849152565 -0.003749303752556443
vt 0.0050140307284891605 0.0022604200057685375
vt 6.02138614654541 0.7853981852531433
vt 4.71238899230957 0.04555737227201462
vt 0.673198401927948 -1.5707963705062866
vt 0.009071281179785728 -0.0038999998942017555
vt 2.2034780979156494 -1.0471975803375244
vt 0.004915866535156965 0.00896926037967205
vt -0.018885640427470207 -0.0031999999191612005
vt 3.4033920764923096 -1.0471975803375244
vt 0.21816615760326385 0.008100000210106373
vt 0.7853981852531433 2.802596928649634e-45
vt 2.2034780979156494 1.121997356414795
vt 3.1415927410125732 2.2159139597613595e-17
vt 0.7853981852531433 1.0471975803375244
vt 3.9269907474517822 0.047520000487565994
vt 6.152285575866699 -0.0005773502634838223
vt 0.04337213188409805 0.002947417786344886
vt -0.043624620884656906 0.0035925409756600857
vt 4.188790321350098 1.5707963705062866
vt 3.4033920764923096 0.009999999776482582
vt -0.00838344544172287 0.011562693864107132
vt 0.044585078954696655 0.0025252951309084892
vt 1.467068302474808e-18 0.0026833752635866404
vt 2.6179938316345215 -0.002199999988079071
vt 3.83972430229187 3.1415927410125732
vt 4.863831520080566 1.5707963705062866
vt -0.018300000578165054 -0.003785640699788928
vt 1.5707963705062866 0.0044999998062849045
vt 5.609984397888184 0.04546534642577171
vt 4.974188327789307 -0.4487989544868469
vt -0.001559909898787737 -0.0010269931517541409
vt -0.002321325708180666 -0.0009281418169848621
vt -0.0002447479637339711 0.0024377445224672556
vt 4.450589656829834 -5.041540102057596e-18
vt -0.010410119779407978 -0.007951031439006329
vt 1.3089969158172607 0.0024999999441206455
vt 3.4033920764923096 -0.5235987901687622
vt 6.02138614654541 0.008100000210106373
vt 4.450589656829834 -0.5235987901687622
vt 3.9269907474517822 2.2159139597613595e-17
vt 0.007499999832361937 0.050519999116659164
vt 4.450589656829834 0.026028817519545555
vt -0.009285889565944672 -0.0029454813338816166
vt -0.0042371912859380245 0.014364708214998245
vt 0.6981316804885864 -1.3089969158172607
vt 1.8736811876296997 0.8975979089736938
vt 4.27605676651001 -1.832595705986023
vt 4.494222640991211 -2.879793167114258
vt -0.001896808622404933 0.0015506827039644122
vt 6.2831854820251465 0.023528818041086197
vt 1.5707963705062866 0.000800000037997961
vt 3.83972430229187 1.5707963705062866
vt -0.02042822167277336 0.028609037399291992
vt 4.863831520080566 3.1415927410125732
vt 1.0471975803375244 0.02452881820499897
vt 0.22439947724342346 -0.0019894554279744625
vt 0.4487989544868469 -1.3089969158172607
vt 0.019099999219179153 -0.0024999999441206455
vt -0.03508797287940979 0.0017803189111873507
vt 4.71238899230957 0.025200000032782555
vt 4.71238899230957 -2.094395160675049
vt 1.8736811876296997 -0.7853981852531433
vt -0.001497319433838129 -0.0020020075608044863
vt -0.09446174651384354 0.0006527716759592295
vt 0.22439947724342346 0.5235987901687622
vt 3.665191411972046 1.3010426069826053e-18
vt 5.497786998748779 -0.019200000911951065
vt 1.8736811876296997 1.121997356414795
vt 5.497786998748779 1.0471975803375244
vt 0.22439947724342346 -0.04555737227201462
vt 5.497786998748779 0.0
vt 0.006300000008195639 0.005499999970197678
vt 3.010693073272705 -0.0005773502634838223
vt -0.02186274155974388 0.02943725883960724
vt 2.9544509200229996e-15 1.5707963705062866
vt -0.02280000038444996 0.031700000166893005
vt -0.004968629218637943 0.05105137079954147
vt 3.665191411972046 0.7853981852531433
vt 3.665191411972046 1.5707963705062866
vt 0.7853981852531433 1.1210387714598537e-44
vt 1.5707963705062866 0.22439947724342346
vt 4.4875969886779785 0.009312311187386513
vt 3.83972430229187 -2.879793167114258
vt 0.5235987901687622 -0.02500000037252903
vt -0.009312311187386513 -0.019200000911951065
vt -0.012643289752304554 -0.00777871860191226
vt -0.007043289951980114 -0.019600000232458115
vt 3.4033920764923096 -0.00019999999494757503
vt -0.005150930490344763 -0.0023975837975740433
vt -6.217248937900877e-15 -0.03355737403035164
vt 5.235987663269043 -7.511573375854228e-18
vt 0.2617993950843811 -0.03375000134110451
vt 1.0471975803375244 -0.00019999999494757503
vt 0.4487989544868469 -0.2617993950843811
vt -0.007430230733007193 0.015987932682037354
vt 3.9269907474517822 1.1210387714598537e-44
vt -0.0210999995470047 0.04002000018954277
vt 0.010088580660521984 -0.006751031614840031
vt 0.008700000122189522 0.005285640712827444
vt 1.1890054941177368 0.025200000032782555
vt -0.08766353130340576 -0.006901319604367018
vt 0.033817991614341736 -0.0029022919479757547
vt 5.385587215423584 8.570532095415921e-29
vt 2.6179938316345215 0.03305737301707268
vt 0.008631370961666107 0.05105137079954147
vt 0.6981316804885864 -0.6733564734458923
vt -0.009707175195217133 -0.006253974977880716
vt 2.24399471282959 0.025200000032782555
vt 0.002232298254966736 -0.0011439661029726267
vt 6.02138614654541 1.1210387714598537e-44
vt 0.2617993950843811 -0.002199999988079071
vt 4.188790321350098 -4.035750689130103e-29
vt 0.22439947724342346 -1.0471975803375244
vt -0.018750930204987526 -0.0023975837975740433
vt 1.832595705986023 -9.999999747378752e-05
vt 0.002781732240691781 0.0038664538878947496
vt 6.2831854820251465 0.2617993950843811
vt -0.00455451849848032 0.041205890476703644
vt 0.04552328586578369 0.0020724679343402386
vt 0.008562741801142693 0.004562741611152887
vt 4.188790321350098 -0.00800000037997961
vt -0.7853981852531433 0.000800000037997961
vt -0.08744213730096817 -0.0026976277586072683
vt -0.009037258103489876 0.008562741801142693
vt 4.974188327789307 2.802596928649634e-45
vt 5.585053443908691 0.019230972975492477
vt 5.0152740478515625 2.24399471282959
vt 6.2831854820251465 0.026028817519545555
vt -0.09620018303394318 -0.00871354155242443
vt 0.7853981852531433 -0.0005000000237487257
vt 1.9525871276855469 -0.2617993950843811
vt 3.665191411972046 -1.5707963705062866
vt 0.0020000000949949026 -0.0024999999441206455
vt -2.042810365310288e-14 -0.04555737227201462
vt -0.000711723871063441 0.0005045411526225507
vt 0.002612408949062228 -0.0029026400297880173
vt 0.673198401927948 -0.008478607051074505
vt 5.161188125610352 0.03355737403035164
vt 0.033870354294776917 0.00023733507259748876
vt 1.0471975803375244 2.802596928649634e-45
vt 0.04188618063926697 -0.005773772485554218
vt -0.03211037442088127 0.015943095088005066
vt 0.002428722335025668 -0.0013606277061626315
vt 4.71238899230957 1.5707963705062866
vt 3.1415927410125732 -0.5235987901687622
vt 3.1415927410125732 0.673198401927948
vt 0.00944548100233078 0.004314110614359379
vt -0.09219703078269958 -0.010015386156737804
vt 2.356194496154785 0.0020000000949949026
vt 3.665191411972046 -5.041540102057596e-18
vt 0.008631370961666107 0.05005137249827385
vt 4.974188327789307 0.009999999776482582
vt 6.544984817504883 -0.00019999999494757503
vt -0.091623455286026 0.0008754141163080931
vt 3.4033920764923096 0.0044999998062849045
vt 0.22439947724342346 1.3089969158172607
vt 4.494222640991211 1.5707963705062866
vt 1.7951958179473877 -0.0020843343809247017
vt 0.0 1.3089969158172607
vt 0.0009851297363638878 -0.002297720406204462
vt -0.01198054850101471 -0.018912741914391518
vt 6.2831854820251465 -0.00800000037997961
vt 0.673198401927948 1.0471975803375244
vt 2.094395160675049 -0.05674999952316284
vt 0.6872233748435974 0.0020000000949949026
vt -2.6179938316345215 2.802596928649634e-45
vt 0.0025719066616147757 -0.00177645159419626
vt -0.03904789313673973 -0.005996414925903082
vt -0.004246666561812162 -0.0026988727040588856
vt 1.5707963705062866 -1.0471975803375244
vt 0.5235987901687622 0.03305737301707268
vt 0.008438361808657646 -0.004981753882020712
vt 1.5707963705062866 0.044557373970746994
vt 1.0471975803375244 -0.0272000003606081
vt -0.005040841642767191 -0.007522789295762777
vt 4.05789041519165 -1.5707963705062866
vt 2.6179938316345215 1.5707963705062866
vt 5.759586334228516 0.026028817519545555
vt 0.7853981852531433 0.03305737301707268
vt 5.497786998748779 0.7853981852531433
vt 5.235987663269043 -0.673198401927948
vt 1.346396803855896 -1.5707963705062866
vt -0.0001539266959298402 -1.5454139429493807e-05
vt -0.008364974521100521 -0.010929970070719719
vt 3.9269907474517822 0.026028817519545555
vt 1.7787004242292307e-28 0.032557372003793716
vt -0.002428722335025668 -0.0013606277061626315
vt 1.346396803855896 -0.04555737227201462
vt 5.235987663269043 0.02452881820499897
vt 0.005224528722465038 -0.009064801968634129
vt 0.046244844794273376 -0.0014983481960371137
vt 1.267911434173584 0.022700000554323196
vt -0.004923917818814516 0.009621841832995415
vt 4.450589656829834 0.02402881719172001
vt 0.03464393690228462 0.00041491768206469715
vt -0.2617993950843811 1.5707963705062866
vt 0.009400323033332825 0.010762292891740799
vt -1.5707963705062866 -0.002199999988079071
vt 1.0471975803375244 0.7853981852531433
vt 6.544984817504883 -0.0003000000142492354
vt 1.1890054941177368 0.019200000911951065
vt 5.235987663269043 0.026028817519545555
vt 3.0415287017822266 -0.05844999849796295
vt 3.1415927410125732 0.047520000487565994
vt 4.612325191497803 -0.05844999849796295
vt 2.454369306564331 1.5707963705062866
vt 4.71238899230957 -2.0195953845977783
vt 0.010088580660521984 -0.009151031263172626
vt 0.673198401927948 -0.027809027582406998
vt 0.042173102498054504 -0.006201181560754776
vt 4.188790321350098 -0.019200000911951065
vt 2.356194496154785 -0.04555737227201462
vt 2.6179938316345215 -0.044557373970746994
vt 0.8975979089736938 -0.04555737227201462
vt -0.0320146381855011 0.013104204088449478
vt 6.544984817504883 0.010999999940395355
vt -0.008209037594497204 0.007128220982849598
vt 1.3089969158172607 -0.03305737301707268
vt 0.0015999999595806003 0.044557373970746994
vt 7.0685834884643555 0.010999999940395355
vt -0.5235987901687622 0.0
vt 0.008885640650987625 0.05071999877691269
vt 5.759586334228516 -0.8975979089736938
vt 4.71238899230957 -0.019200000911951065
vt 5.235987663269043 -0.002199999988079071
vt 0.036867473274469376 -0.00690351752564311
vt -0.011152327060699463 -0.009721779264509678
vt 0.006896349135786295 -0.005165440496057272
vt 0.032223958522081375 0.004647479858249426
vt 0.0 -0.004399999976158142
vt 0.04360232129693031 0.004512974992394447
vt -0.09716063737869263 -0.007646295707672834
vt 0.0012850102502852678 -0.00015307222201954573
vt 0.0038999998942017555 -2.2656863103152428e-20
vt 4.05789041519165 -2.094395160675049
vt 4.71238899230957 1.0471975803375244
vt 0.6872233748435974 0.00800000037997961
vt 0.018200000748038292 0.0026833752635866404
vt -0.08714398741722107 -0.004102117381989956
vt 3.1415927410125732 -2.7484525072507537e-17
vt 0.673198401927948 -0.2617993950843811
vt 3.9269907474517822 0.010999999940395355
vt 0.0002957128453999758 0.002482449170202017
vt -0.009123889729380608 -0.010736621916294098
vt 0.00503118010237813 -0.008305886760354042
vt 1.7222387790679932 0.4487989544868469
vt 0.0056101190857589245 -0.007951031439006329
vt -1.832595705986023 0.000800000037997961
vt 3.1415927410125732 -1.3089969158172607
vt 1.7222387790679932 1.121997356414795
vt 1.7016960382461548 1.5707963705062866
vt 3.9269907474517822 0.015832317993044853
vt 3.4033920764923096 1.3089969158172607
vt 0.00710260309278965 0.011747422628104687
vt -0.0059316582046449184 -0.006751031614840031
vt 3.4033920764923096 -1.071316466788007e-28
vt 3.665191411972046 0.0044999998062849045
vt 4.450589656829834 -1.071316466788007e-28
vt 5.609986782073975 8.570532095415921e-29
vt 0.0 -0.0320499986410141
vt 2.923426389694214 1.346396803855896
vt 6.2831854820251465 0.02452881820499897
vt 4.71238899230957 0.04305737093091011
vt -0.0033358074724674225 -0.0028292532078921795
vt -0.005341550335288048 -0.0020942140836268663
vt -0.022231370210647583 0.05105137079954147
vt -0.0025719066616147757 -0.003723548259586096
vt 0.0 -0.025200000032782555
vt 3.9269907474517822 0.5235987901687622
vt 0.673198401927948 -0.7853981852531433
vt 5.497786998748779 -0.02500000037252903
vt 5.497786998748779 -0.22439947724342346
vt 2.879793167114258 0.02452881820499897
vt 5.148721218109131 0.007350000087171793
vt 3.1415927410125732 0.010999999940395355
vt -0.02209758386015892 0.050170931965112686
vt 0.5235987901687622 1.3089969158172607
vt -0.018941549584269524 -0.0020942140836268663
vt 3.1415927410125732 -9.999999747378752e-05
vt -0.008631370961666107 0.05105137079954147
vt -0.0028239309322088957 -0.0511043444275856
vt 6.02138614654541 0.2617993950843811
vt -0.008010119199752808 -0.010351031087338924
vt 0.5235987901687622 8.570530891709706e-29
vt 2.454369306564331 -0.2617993950843811
vt 4.088726043701172 -0.05844999849796295
vt 4.05789041519165 -2.356194496154785
vt 0.5235987901687622 1.0471975803375244
vt -0.008885640650987625 0.05071999877691269
vt -0.018990961834788322 0.007128220982849598
vt -0.01239307876676321 -0.04273887723684311
vt 1.832595705986023 -0.05674999952316284
vt 2.094395160675049 2.802596928649634e-45
vt 0.03551808372139931 -0.003702837508171797
vt 0.005031371023505926 -0.002531370846554637
vt -0.09781214594841003 -0.006366831250488758
vt 3.303328037261963 -0.05844999849796295
vt 5.366827964782715 0.0074883028864860535
vt 4.263589859008789 0.032557372003793716
vt 5.759586334228516 -0.0003000000142492354
vt 0.0019031245028600097 -0.004438855219632387
vt 1.5707963705062866 0.0024999999441206455
vt 0.04630608856678009 -0.002404066501185298
vt 0.6981316804885864 -1.0471975803375244
vt 2.356194496154785 1.5707963705062866
vt 2.094395160675049 -0.03375000134110451
vt 4.450589656829834 2.802596928649634e-45
vt -0.015832317993044853 -0.019850000739097595
vt 0.00738895358517766 -0.005632809363305569
vt 6.2831854820251465 0.025200000032782555
vt -0.008299999870359898 0.05130564048886299
vt 0.004699999932199717 -0.002785640535876155
vt 5.470300674438477 0.019533099606633186
vt -0.002297720406204462 -0.0009851297363638878
vt 0.001398772350512445 0.009338993579149246
vt 0.2617993950843811 0.044557373970746994
vt 6.2831854820251465 -1.3092588186264038
vt 5.3332366943359375 0.007430230733007193
vt 4.450589656829834 9.999999747378752e-05
vt 4.560946464538574 0.02280000038444996
vt 0.8975979089736938 -0.02008282020688057
vt 3.4033920764923096 0.02402881719172001
vt 0.03519323468208313 0.005075722001492977
vt 0.03689192980527878 -0.00670241191983223
vt 1.832595705986023 -0.0320499986410141
vt -0.04253450781106949 0.007777092047035694
vt 0.00904548168182373 0.04933410882949829
vt 1.7222387790679932 0.0
vt 4.71238899230957 -0.2617993950843811
vt 5.235987663269043 -9.999999747378752e-05
vt 1.121997356414795 -0.7853981852531433
vt 5.3332366943359375 0.01976976916193962
vt -0.009696036577224731 0.00827984418720007
vt 0.5235987901687622 -0.00019999999494757503
vt 3.4033920764923096 -0.02500000037252903
vt 1.7222387790679932 -1.872792150552032e-25
vt 0.001732050790451467 -0.0010000000474974513
vt 6.003901958465576 0.044388506561517715
vt 5.497786998748779 1.1364126822411769e-25
vt 3.1415927410125732 -1.5707963705062866
vt 3.9269907474517822 -9.999999747378752e-05
vt 8.377580642700195 0.009999999776482582
vt -0.027903065085411072 -0.008385643362998962
vt -0.019188256934285164 -0.008844618685543537
vt 0.03508797287940979 0.0017803189111873507
vt 4.494222640991211 -2.356194496154785
vt 5.161188125610352 0.04555737227201462
vt 6.2831854820251465 -0.0003000000142492354
vt 0.7853981852531433 -9.999999747378752e-05
vt -0.0210999995470047 0.050519999116659164
vt 0.03843366727232933 -0.006884194444864988
vt -0.005691897124052048 -0.008572197519242764
vt -0.005900996271520853 0.0112669812515378
vt 0.6981316804885864 -1.6240314892895947e-26
vt 0.7853981852531433 -0.027809027582406998
vt -0.004399999976158142 0.031700000166893005
vt 0.7853981852531433 -0.00019999999494757503
vt 4.05789041519165 -1.832595705986023
vt 1.121997356414795 -0.04555737227201462
vt -0.008631285279989243 -0.010269253514707088
vt -0.09025805443525314 0.0004313793033361435
vt 0.008944571949541569 0.011229430325329304
vt 6.806532859802246 -0.05844999849796295
vt 6.544984817504883 1.1210387714598537e-44
vt -0.04410106688737869 0.006360448431223631
vt 3.83972430229187 -2.9168004989624023
vt -0.006614571437239647 -0.021199999377131462
vt 4.05789041519165 -3.1415927410125732
vt 1.5707963705062866 0.032557372003793716
vt -0.024151865392923355 -0.006475528702139854
vt -1.3877787807814457e-17 -3.469446951953614e-17
vt 1.0471975803375244 -0.019200000911951065
vt 4.05789041519165 1.5707963705062866
vt 4.188790321350098 1.6069783194858586e-25
vt 0.0015506827039644122 0.001896808622404933
vt 2.6179938316345215 -0.019200000911951065
vt 2.24399471282959 -0.0020843343809247017
vt 4.189000129699707 -0.0024999999441206455
vt 1.3089969158172607 5.9631119486702744e-18
vt -0.0002791492152027786 -0.019089335575699806
vt 4.974188327789307 1.3089969158172607
vt 4.188790321350098 0.04305737093091011
vt -0.009872714057564735 0.008908105082809925
vt -0.0012250000145286322 0.002121762139722705
vt -0.013968187384307384 -0.038799457252025604
vt 1.6389836859503818e-29 0.003000000026077032
vt 0.0056077102199196815 -0.009747814387083054
vt 2.463088377870201e-15 -1.3089969158172607
vt 0.007128220982849598 -0.005390962585806847
vt 0.03534964099526405 -0.006516821216791868
vt -0.0011302100028842688 -0.005257015116512775
vt 3.665191411972046 -0.7853981852531433
vt 2.4434609413146973 0.0020000000949949026
vt 3.727278232574463 0.0044999998062849045
vt 0.00103951885830611 -0.002599884755909443
vt -0.00804813951253891 0.014704832807183266
vt 0.4487989544868469 -0.02008282020688057
vt 4.350525379180908 -0.05844999849796295
vt 2.6179938316345215 0.02402881719172001
vt 4.188790321350098 -0.0003000000142492354
vt 2.356194496154785 -0.02500000037252903
vt 4.974188327789307 0.04305737093091011
vt 3.1415927410125732 9.999999747378752e-05
vt 5.0152740478515625 1.7951958179473877
vt 0.7853981852531433 -0.05674999952316284
vt -0.014243289828300476 -0.019850000739097595
vt 2.879793167114258 -0.0320499986410141
vt 2.879793167114258 0.2617993950843811
vt 5.079423427581787 0.010999999940395355
vt -0.04381031543016434 0.013949577696621418
vt -0.001500000013038516 0.0
vt 4.494222640991211 -3.1415927410125732
vt -0.2617993950843811 0.7853981852531433
vt 6.02138614654541 0.02452881820499897
vt 1.5707963705062866 -0.02008282020688057
vt -0.0018541879253461957 -0.00047239026753231883
vt -0.04553473740816116 -0.00015865903696976602
vt 1.1999138593673706 -1.3089969158172607
vt 5.235987663269043 1.1364126822411769e-25
vt 0.0 -0.0005773502634838223
vt 0.03648171201348305 -0.003858115989714861
vt 4.450589656829834 7.57608358530954e-29
vt -0.010767383500933647 -0.009133187122642994
vt 6.02138614654541 0.026028817519545555
vt 2.6179938316345215 1.0471975803375244
vt 0.043165646493434906 0.003944725263863802
vt -0.022231370210647583 0.040488630533218384
vt 3.1415927410125732 -0.02500000037252903
vt 3.1415927410125732 0.0003000000142492354
vt 0.0027592775877565145 -0.004271181300282478
vt 0.008100000210106373 -0.0024999999441206455
vt -0.0052999998442828655 0.05130564048886299
vt 1.121997356414795 0.5235987901687622
vt 0.0019117314368486404 -0.0010914194863289595
vt 5.497786998748779 -0.0003000000142492354
vt 0.04071846604347229 0.005666034761816263
vt 0.0003996926825493574 0.0027713256422430277
vt 1.3089969158172607 0.5235987901687622
vt -2.356194496154785 2.802596928649634e-45
vt 2.8800551891326904 0.025200000032782555
vt 0.4487989544868469 1.3089969158172607
vt 5.202206134796143 0.007350000087171793
vt 0.002173958346247673 0.012215581722557545
vt 4.450589656829834 0.035557374358177185
vt 6.021134853363037 -0.05844999849796295
vt 1.346396803855896 -1.3089969158172607
vt 0.009806903079152107 -0.010353440418839455
vt 6.02138614654541 -0.002199999988079071
vt 0.5235987901687622 0.02452881820499897
vt 4.450589656829834 -7.318364664277155e-19
vt -0.0059316582046449184 -0.009151031263172626
vt 6.544984817504883 -0.05674999952316284
vt 5.497786998748779 0.5235987901687622
vt 4.71238899230957 1.7951958179473877
vt -0.01747822016477585 0.024390961974859238
vt 2.4434609413146973 0.00800000037997961
vt -0.03332186117768288 -0.008554833009839058
vt -0.004314110614359379 -0.00394548149779439
vt -0.00023728255473542958 -0.000526336720213294
vt -0.00796551164239645 -0.04979062080383301
vt 2.356194496154785 -0.0272000003606081
vt 1.5707963705062866 1.3010426069826053e-18
vt 6.02138614654541 0.023528818041086197
vt 5.759586334228516 -0.22439947724342346
vt 0.7853981852531433 0.02452881820499897
vt 2.879793167114258 0.0003000000142492354
vt 3.4033920764923096 0.025200000032782555
vt 4.27605676651001 2.24399471282959
vt 2.879542112350464 -0.05844999849796295
vt -0.043337561190128326 -0.005608963780105114
vt 4.450589656829834 -9.999999747378752e-05
vt 1.4220271059547075e-28 0.026028817519545555
vt -0.5235987901687622 -0.002199999988079071
vt 3.665191411972046 -9.999999747378752e-05
vt -0.007499999832361937 4.097459290107593e-29
vt 4.48798942565918 0.00648915208876133
vt 3.9269907474517822 0.0003000000142492354
vt 3.665191411972046 0.0020000000949949026
vt 0.9471335411071777 -0.05844999849796295
vt 1.7016960382461548 -1.7090779979987689e-25
vt 1.0471975803375244 -0.03355737403035164
vt -0.0936308279633522 -0.009939872659742832
vt 0.7853981852531433 0.000800000037997961
vt 4.974188327789307 -0.00800000037997961
vt 2.356194496154785 0.7853981852531433
vt 0.007655263878405094 -0.004972092341631651
vt 5.759586334228516 -1.121997356414795
vt 0.0019644571002572775 0.0015462561277672648
vt 4.039190769195557 0.04555737227201462
vt 5.759586334228516 0.0003000000142492354
vt 2.879793167114258 1.0733601507606494e-17
vt 0.0017324115615338087 0.0017324115615338087
vt 6.2831854820251465 1.1364126822411769e-25
vt 6.2831854820251465 -1.84033541504574e-17
vt 6.02138614654541 1.3010426069826053e-18
vt 2.981555974335137e-15 0.044557373970746994
vt 6.02138614654541 -0.4487989544868469
vt -0.015832317993044853 -0.007350000087171793
vt 0.0027713256422430277 -0.0003996926825493574
vt 5.235987663269043 1.3089969158172607
vt 6.2831854820251465 -0.22439947724342346
vt -0.0005773502634838223 0.0
vt 1.046946406364441 -0.05844999849796295
vt -0.012150343507528305 -0.041556719690561295
vt 0.034455619752407074 -0.0038206775207072496
vt -0.2617993950843811 0.000800000037997961
vt 1.5707963705062866 0.5235987901687622
vt 5.659522533416748 -0.05844999849796295
vt 3.4033920764923096 0.02452881820499897
vt -0.017500000074505806 0.009071281179785728
vt -0.0038432900328189135 -0.02280000038444996
vt 5.0152740478515625 2.4683942794799805
vt 0.02280000038444996 -0.0030589860398322344
vt 4.71238899230957 2.4683942794799805
vt 2.4870941638946533 -0.0005773502634838223
vt 3.665191411972046 -0.02500000037252903
vt 1.5707963705062866 -0.0320499986410141
vt -0.0025070153642445803 -0.0016197900986298919
vt -0.04048169404268265 -0.0060719274915754795
vt 1.832595705986023 0.044557373970746994
vt 6.058785915374756 8.570532095415921e-29
vt 4.71238899230957 0.015832317993044853
vt -0.013415069319307804 -0.007459037471562624
vt -0.0044999998062849045 0.041519999504089355
vt 1.832595705986023 -0.03375000134110451
vt -0.005454304628074169 -0.027310119941830635
vt -0.003215080127120018 -0.009105503559112549
vt 0.673198401927948 -0.02008282020688057
vt -0.0044999998062849045 0.05251999944448471
vt 4.71238899230957 2.802596928649634e-45
vt 3.9269907474517822 0.0
vt 0.002622070489451289 -0.0021195425651967525
vt -0.0020020075608044863 0.001497319433838129
vt 1.5707963705062866 -0.5235987901687622
vt 1.3089969158172607 1.3010426069826053e-18
vt 1.941678762435913 0.025200000032782555
vt -0.018497584387660027 -0.0026509303133934736
vt -0.006099999882280827 0.05152000114321709
vt 3.814790964126587 -5.9631119486702744e-18
vt 0.7853981852531433 -0.011976709589362144
vt 2.1925699710845947 0.025200000032782555
vt 4.71238899230957 0.0005000000237487257
vt -0.0224856398999691 0.04081999883055687
vt 2.879793167114258 0.03305737301707268
vt -0.0020000000949949026 1.0926558157108007e-29
vt 2.7052602767944336 -0.5235987901687622
vt 1.832595705986023 1.0471975803375244
vt -0.002153651788830757 -7.19887248123996e-05
vt 1.832595705986023 -0.019200000911951065
vt 4.450589656829834 -1.0471975803375244
vt 2.6179938316345215 0.022700000554323196
vt 0.019099999219179153 -0.009999999776482582
vt 2.356194496154785 1.3010426069826053e-18
vt -0.006154612172394991 -0.010308380238711834
vt 0.2617993950843811 2.2159139597613595e-17
vt 1.5707963705062866 0.02402881719172001
vt 4.188790321350098 -1.5707963705062866
vt -0.004600000102072954 0.03305737301707268
vt 4.450589656829834 -0.002199999988079071
vt -0.011043289676308632 -0.01665000058710575
vt 5.235987663269043 0.010999999940395355
vt 1.1999138593673706 0.22439947724342346
vt 5.759586334228516 -0.05674999952316284
vt 3.665191411972046 -0.00800000037997961
vt -0.006355113349854946 -0.044064078480005264
vt 1.3092588186264038 -8.881784197001252e-16
vt 2.879793167114258 1.1210387714598537e-44
vt 4.71238899230957 -2.24399471282959
vt 1.5707963705062866 -0.03355737403035164
vt 2.355943441390991 -0.05844999849796295
vt 0.0 -0.002199999988079071
vt 0.002121762139722705 -0.0012250000145286322
vt 6.2831854820251465 -1.047407627105713
vt -3.1415927410125732 0.000800000037997961
vt 4.71238899230957 2.0941848754882812
vt 3.814790964126587 -0.0024999999441206455
vt 2.094395160675049 1.5707963705062866
vt 0.0006743593257851899 -0.0009373221546411514
vt -0.03962000086903572 -0.008100000210106373
vt 0.5233886241912842 -0.02008282020688057
vt 0.039621468633413315 0.004894385114312172
vt 0.9490227699279785 -0.7853981852531433
vt 0.5235987901687622 2.802596928649634e-45
vt -0.006106031592935324 -0.005337258335202932
vt 2.356194496154785 0.0020843343809247017
vt 6.02138614654541 0.0
vt 2.356194496154785 1.1210387714598537e-44
vt 2.356194496154785 0.0
vt 2.356194496154785 1.0471975803375244
vt 4.974188327789307 0.025200000032782555
vt -0.04052332788705826 0.0171564482152462
vt 0.007581877056509256 -0.010920308530330658
vt 0.9490227699279785 1.121997356414795
vt 2.6179938316345215 9.999999747378752e-05
vt -0.0011893876362591982 -0.0005099406698718667
vt 0.0005712733254767954 -0.004795723594725132
vt 7.330382823944092 0.010999999940395355
vt 3.4033920764923096 -0.2617993950843811
vt 1.047407627105713 -8.881784197001252e-16
vt 2.094395160675049 -0.019200000911951065
vt 0.036906205117702484 -0.006801387760788202
vt 3.9269907474517822 -1.3089969158172607
vt 4.71238899230957 0.023528818041086197
vt -0.00710260309278965 0.011747422628104687
vt -0.004968629218637943 0.040488630533218384
vt 5.235987663269043 2.802596928649634e-45
vt -0.0023588761687278748 -0.003971717320382595
vt 1.3089969158172607 0.032557372003793716
vt 1.0471975803375244 -0.0320499986410141
vt 3.4033920764923096 -0.00800000037997961
vt 1.3089969158172607 1.1210387714598537e-44
vt -0.0016075887251645327 -0.004020654130727053
vt -1.3089969158172607 2.802596928649634e-45
vt 0.8975979089736938 -0.0019894554279744625
vt -0.03534964099526405 -0.006516821216791868
vt 0.0 -0.005049999803304672
vt 3.1415927410125732 1.0471975803375244
vt 7.330382823944092 0.009999999776482582
vt -0.0007851106347516179 -0.005443675443530083
vt -0.0018232838483527303 0.0008219708688557148
vt 0.9490227699279785 -0.2617993950843811
vt -0.0030700641218572855 0.01342024002224207
vt 0.0 -0.025459138676524162
vt 0.8975979089736938 0.5235987901687622
vt 0.9490227699279785 -1.3089969158172607
vt -0.09811029583215714 -0.004962341394275427
vt 2.879793167114258 1.5707963705062866
vt 0.7853981852531433 0.04305737093091011
vt 1.5707963705062866 1.047407627105713
vt 0.009499999694526196 -0.002300000051036477
vt 4.450589656829834 0.0003000000142492354
vt 5.0152740478515625 -2.24399471282959
vt -0.009700000286102295 0.009071281179785728
vt -0.04090806469321251 -0.0065273260697722435
vt 2.6179938316345215 -0.00019999999494757503
vt 3.1415927410125732 -0.03375000134110451
vt 4.263589859008789 -0.0024999999441206455
vt 4.71238899230957 -1.5707963705062866
vt -0.03519323468208313 0.005075722001492977
vt 0.002232298254966736 -0.0016060338821262121
vt 0.673198401927948 -1.6069783194858586e-25
vt -0.0358702689409256 0.0029842706862837076
vt 5.497786998748779 -0.8975979089736938
vt 0.005221125669777393 0.001573045621626079
vt 0.03422248736023903 0.0012984678614884615
vt -0.0007379390299320221 0.0007962906383909285
vt 0.009865626692771912 -0.005593682639300823
vt 0.6981316804885864 -0.44919317960739136
vt 6.02138614654541 -0.0272000003606081
vt 0.21816615760326385 0.019099999219179153
vt 8.326672684688674e-17 -9.020562075079397e-17
vt 5.759586334228516 0.0020000000949949026
vt -0.009312311187386513 -0.00800000037997961
vt -0.006413185968995094 0.006967253051698208
vt 6.706719875335693 -0.05844999849796295
vt 4.450589656829834 -4.035750689130103e-29
vt -0.008568628691136837 -0.0035313707776367664
vt 0.4363323152065277 0.025200000032782555
vt -0.002212375868111849 -0.004831746686249971
vt -0.01811962015926838 -0.041128478944301605
vt 0.003114132909104228 -0.0012922422029078007
vt 3.83972430229187 -2.6179938316345215
vt 0.006413185968995094 0.006967253051698208
vt 3.9269907474517822 0.0024999999441206455
vt 1.1999138593673706 -1.0471975803375244
vt 3.1415927410125732 7.589415207398531e-19
vt 0.043165646493434906 -0.0051222676411271095
vt -0.005031371023505926 -0.0035313707776367664
vt 5.497786998748779 -0.00800000037997961
vt 0.0024003961589187384 -0.0036565535701811314
vt 0.673198401927948 -0.034771449863910675
vt 6.2831854820251465 0.0005000000237487257
vt 1.4193538427352905 0.0020000000949949026
vt -0.00766689982265234 0.015311571769416332
vt 2.879793167114258 0.7853981852531433
vt -0.0003311983891762793 0.002780343173071742
vt 3.8149490356445312 -9.432558900623889e-18
vt -0.0017324115615338087 0.0017324115615338087
vt 1.346396803855896 -1.6069783194858586e-25
vt 6.02138614654541 -0.05674999952316284
vt -0.0033261459320783615 -0.0020461557433009148
vt 5.759586334228516 -0.02500000037252903
vt -0.03271883726119995 0.004718853626400232
vt 0.005677610170096159 0.0020388425327837467
vt 3.4033920764923096 0.022700000554323196
vt 0.000711723871063441 0.0005045411526225507
vt 3.665191411972046 -1.3089969158172607
vt 0.00135701522231102 0.003122068475931883
vt 0.5235987901687622 3.355605723842636e-17
vt -0.01665000058710575 0.02449999935925007
vt -0.044234342873096466 0.01244175061583519
vt 0.002678194083273411 -0.003402539761736989
vt 3.8149490356445312 0.015832317993044853
vt -0.03213837370276451 0.015748951584100723
vt 1.5707963705062866 -0.025459138676524162
vt 6.806784152984619 -0.05674999952316284
vt 1.121997356414795 1.3089969158172607
vt 1.7951958179473877 0.025200000032782555
vt 3.1415927410125732 0.0044999998062849045
vt 0.7853981852531433 8.570530891709706e-29
vt 1.3092588186264038 -0.010082819499075413
vt 3.1415927410125732 0.8975979089736938
vt 3.4033920764923096 0.023528818041086197
vt 0.22439947724342346 -1.5707963705062866
vt 0.8975979089736938 -0.011976709589362144
vt 0.5235987901687622 -0.03355737403035164
vt -0.0345684252679348 -0.001018883311189711
vt 2.879793167114258 0.010999999940395355
vt 0.0038999998942017555 -0.003000000026077032
vt 4.188539028167725 -0.05844999849796295
vt -0.026090843603014946 -0.016922293230891228
vt 3.1415927410125732 0.7853981852531433
vt 4.71238899230957 -1.7955883741378784
vt 1.5707963705062866 0.022700000554323196
vt -0.01831410825252533 -0.012962373904883862
vt 1.599198204416119e-14 0.03305737301707268
vt 0.9473846554756165 5.782411445417199e-15
vt -0.002121762139722705 0.0012250000145286322
vt 1.439896583557129 -0.0005773502634838223
vt 0.9162978529930115 -0.0005773502634838223
vt 0.0016075887251645327 -0.004020654130727053
vt 3.4031410217285156 -0.05844999849796295
vt 0.043904904276132584 -0.0027875106316059828
vt 6.02138614654541 -1.121997356414795
vt 4.974188327789307 0.0
vt -0.009285889565944672 -0.00394548149779439
vt 3.83972430229187 -2.692399501800537
vt -0.022645480930805206 0.05033411085605621
vt -0.04545922577381134 -0.0015924600884318352
vt -0.00971964094787836 0.01019311510026455
vt 0.036677874624729156 0.005289842840284109
vt 4.27605676651001 -2.6179938316345215
vt -0.0006341066327877343 0.0023665183689445257
vt 0.009362773038446903 0.0077187176793813705
vt 2.879793167114258 0.0044999998062849045
vt 4.974188327789307 -0.002199999988079071
vt 1.832595705986023 -0.02500000037252903
vt 4.936788558959961 0.032557372003793716
vt -0.0037327182944864035 0.0014376421459019184
vt -0.019600000232458115 0.02850000001490116
vt -0.012747934088110924 -0.039759937673807144
vt 1.0471975803375244 0.04305737093091011
vt 4.188790321350098 -8.131516293641283e-18
vt 6.02138614654541 -9.999999747378752e-05
vt 3.9269907474517822 0.009312311187386513
vt 1.0471975803375244 0.2617993950843811
vt 1.0471975803375244 0.0
vt -0.006934252567589283 -0.02042822167277336
vt 4.450589656829834 0.009999999776482582
vt -0.0022216294892132282 -0.0033452839124947786
vt 4.494222640991211 2.4683942794799805
vt -1.0471975803375244 -0.002199999988079071
vt 0.003657015273347497 0.003122068475931883
vt 4.71238899230957 0.03305737301707268
vt 2.8800551891326904 0.0020000000949949026
vt 0.2617993950843811 -9.999999747378752e-05
vt 4.27605676651001 -2.879793167114258
vt 5.585053443908691 0.007969026453793049
vt 3.665191411972046 0.023528818041086197
vt 0.9490227699279785 0.8975979089736938
vt -3.1415927410125732 0.0
vt 0.5235987901687622 2.2159139597613595e-17
vt -0.022700000554323196 0.04162000119686127
vt 4.450589656829834 0.0024999999441206455
vt 0.004948407411575317 0.0027862631250172853
vt 1.5707963705062866 -0.03375000134110451
vt -0.7853981852531433 -0.002199999988079071
vt 1.346396803855896 1.0471975803375244
vt -0.011043289676308632 -0.01054999977350235
vt 2.3523447970666667e-28 0.04305737093091011
vt 1.0471975803375244 1.652546059969869e-17
vt 1.121997356414795 0.2617993950843811
vt 6.2831854820251465 2.802596928649634e-45
vt 1.047407627105713 -0.027809027582406998
vt 0.16198650002479553 5.782411445417199e-15
vt 2.094395160675049 0.0044999998062849045
vt 4.263589859008789 0.00648915208876133
vt 0.0345684252679348 -0.001018883311189711
vt -2.6179938316345215 0.0
vt 4.71238899230957 -2.019989490509033
vt 2.0941848754882812 0.025200000032782555
vt 0.04410106688737869 0.006360448431223631
vt 0.0 1.5707963705062866
vt -0.009210119023919106 -0.005872570443898439
vt 3.4033920764923096 -0.05674999952316284
vt 8.1157808303833 0.009999999776482582
vt 4.188790321350098 0.009312311187386513
vt 2.3129647052218217e-15 0.0020000000949949026
vt 1.5707963705062866 -0.7853981852531433
vt 0.5235987901687622 1.5707963705062866
vt 3.1415927410125732 0.22439947724342346
vt 2.094143867492676 -0.05844999849796295
vt 6.02138614654541 -0.673198401927948
vt 0.7853981852531433 -0.019200000911951065
vt 0.7853981852531433 0.032557372003793716
vt 3.3659920692443848 0.047520000487565994
vt 1.3089969158172607 -0.03355737403035164
vt -0.012643289752304554 -0.019421281293034554
vt 4.71238899230957 -0.5235987901687622
vt 4.71238899230957 -0.673198401927948
vt -0.0017329368274658918 0.0006963935447856784
vt 2.463088377870201e-15 -1.0471975803375244
vt 0.008100000210106373 -2.127458675988933e-27
vt 4.863831520080566 -1.7951958179473877
vt 0.007899999618530273 -0.005499999970197678
vt 1.346396803855896 -0.2617993950843811
vt 1.121997356414795 -0.044557373970746994
vt -0.010989058762788773 -0.007596176117658615
vt 4.494222640991211 3.1415927410125732
vt 3.4033920764923096 -1.3089969158172607
vt 5.0152740478515625 -2.8800551891326904
vt 3.9269907474517822 -0.00800000037997961
vt -0.006106031592935324 -0.02186274155974388
vt 0.019099999219179153 -0.006177578587085009
vt -0.026835819706320763 -0.007425188552588224
vt -0.0038140781689435244 -0.04746159538626671
vt 0.0015334668569266796 -0.001441696658730507
vt 2.879793167114258 -0.019200000911951065
vt 1.690787672996521 0.025200000032782555
vt 4.188790321350098 1.0471975803375244
vt 0.0006525812787003815 8.051290933508426e-06
vt 5.235987663269043 0.0003000000142492354
vt 1.4508049488067627 1.121997356414795
vt 1.4508049488067627 -1.3089969158172607
vt 0.043166205286979675 0.006535002030432224
vt -0.0011500000255182385 -0.004741858225315809
vt 1.640175077600771e-18 0.003000000026077032
vt 3.1415927410125732 0.0443718321621418
vt 0.0023665183689445257 0.0006341066327877343
vt -0.0011658263392746449 -0.049864232540130615
vt 3.5342917442321777 -0.0005773502634838223
vt 0.009707175195217133 -0.006253974977880716
vt 6.3111510941704755e-27 0.02402881719172001
vt 0.002482449170202017 -0.0002957128453999758
vt -0.006099999882280827 0.050519999116659164
vt 6.695728103999507e-26 0.0024999999441206455
vt 0.002831266261637211 -0.002117529511451721
vt 6.544984817504883 -0.03375000134110451
vt 5.235987663269043 -0.019200000911951065
vt 0.42378589510917664 5.782411445417199e-15
vt 5.235987663269043 -1.346396803855896
vt -0.008974009193480015 -0.050380151718854904
vt 1.3092588186264038 -0.02008282020688057
vt 4.188790321350098 0.025200000032782555
vt 0.9490227699279785 0.22439947724342346
vt 3.3659920692443848 0.0442517027258873
vt 5.0152740478515625 -2.0941848754882812
vt 3.366384744644165 -8.131516293641283e-18
vt 0.009192274883389473 -0.005193767137825489
vt 6.2831854820251465 -0.673198401927948
vt 0.0020000000949949026 -5.25298451593088e-28
vt 2.879793167114258 0.02402881719172001
vt 1.4660026768765965e-29 0.0026833752635866404
vt 6.02138614654541 1.1364126822411769e-25
vt 4.494222640991211 2.24399471282959
vt 4.494222640991211 -1.5707963705062866
vt 2.6179938316345215 2.2159139597613595e-17
vt 0.04387267306447029 0.007944063283503056
vt -0.03823436051607132 -0.008899999782443047
vt 0.8975979089736938 -1.5707963705062866
vt 0.0002447479637339711 -0.0024377445224672556
vt 4.973937034606934 -0.05844999849796295
vt -0.003959036432206631 0.0005709895631298423
vt -0.016947126016020775 -0.03915431350469589
vt 0.9490227699279785 -1.0471975803375244
vt 1.346396803855896 -0.5235987901687622
vt 0.22439947724342346 -0.02008282020688057
vt 4.188790321350098 0.0024999999441206455
vt 3.814790964126587 0.00648915208876133
vt 4.188790321350098 0.0020000000949949026
vt 4.71238899230957 3.1415927410125732
vt 2.356194496154785 0.02402881719172001
vt -0.01054999977350235 0.013500000350177288
vt 0.006188518833369017 0.0011281584156677127
vt 0.6853341460227966 -0.05844999849796295
vt 8.551169782794148e-27 0.032557372003793716
vt 0.0003311983891762793 -0.002780343173071742
vt 5.759586334228516 1.3089969158172607
vt 3.83972430229187 -1.7955883741378784
vt 4.188790321350098 0.009999999776482582
vt 0.00738895358517766 -0.010269253514707088
vt 3.9269907474517822 -3.144186300207963e-18
vt 3.4033920764923096 1.5707963705062866
vt 5.235987663269043 0.2617993950843811
f 1588/1 1602/2 1594/3
f 1602/2 1603/4 1594/3
f 1594/3 1603/4 1593/5
f 1603/4 1604/6 1593/5
f 1593/5 1604/6 1592/7
f 1604/6 1605/8 1592/7
f 1592/7 1605/8 1584/9
f 1605/8 1606/10 1584/9
f 1584/9 1606/10 1578/11
f 1606/10 1607/12 1578/11
f 1578/11 1607/12 1577/13
f 1607/12 1608/14 1577/13
f 1577/13 1608/14 1579/15
f 1608/14 1609/16 1579/15
f 1579/15 1609/16 1587/17
f 1609/16 1610/18 1587/17
f 1587/17 1610/18 1586/19
f 1610/18 1611/20 1586/19
f 1586/19 1611/20 1583/21
f 1611/20 1612/22 1583/21
f 1583/21 1612/22 1582/23
f 1612/22 1613/24 1582/23
f 1582/23 1613/24 1591/25
f 1613/24 1614/26 1591/25
f 1591/25 1614/26 1590/27
f 1614/26 1615/28 1590/27
f 1590/27 1615/28 1599/29
f 1615/28 1616/30 1599/29
f 1599/29 1616/30 1598/31
f 1616/30 1617/32 1598/31
f 1598/31 1617/32 1589/33
f 1617/32 1618/34 1589/33
f 1589/33 1618/34 1581/35
f 1618/34 1619/36 1581/35
f 1581/35 1619/36 1580/37
f 1619/36 1620/38 1580/37
f 1580/37 1620/38 1585/39
f 1620/38 1621/40 1585/39
f 1585/39 1621/40 1600/41
f 1621/40 1622/42 1600/41
f 1600/41 1622/42 1597/43
f 1622/42 1623/44 1597/43
f 1597/43 1623/44 1596/45
f 1623/44 1624/46 1596/45
f 1596/45 1624/46 1595/47
f 1624/46 1601/48 1595/47
f 1595/47 1601/48 1588/49
f 1601/48 1602/50 1588/49
f 1608/51 1626/52 1609/53
f 1626/52 1627/54 1609/53
f 1609/53 1627/54 1610/55
f 1627/54 1628/56 1610/55
f 1610/55 1628/56 1611/57
f 1628/56 1629/58 1611/57
f 1611/57 1629/58 1612/59
f 1629/58 1630/60 1612/59
f 1612/59 1630/60 1613/61
f 1630/60 1631/62 1613/61
f 1613/61 1631/62 1614/63
f 1631/62 1632/64 1614/63
f 1614/63 1632/64 1615/65
f 1632/64 1637/66 1615/65
f 1615/65 1637/66 1616/67
f 1637/66 1638/68 1616/67
f 1616/67 1638/68 1617/69
f 1638/68 1633/70 1617/69
f 1617/69 1633/70 1618/71
f 1633/70 1634/72 1618/71
f 1618/71 1634/72 1619/73
f 1634/72 1639/74 1619/73
f 1619/73 1639/74 1620/75
f 1639/74 1642/76 1620/75
f 1620/75 1642/76 1621/77
f 1642/76 1644/78 1621/77
f 1621/77 1644/78 1622/79
f 1644/78 1646/80 1622/79
f 1622/79 1646/80 1623/81
f 1646/80 1647/82 1623/81
f 1623/81 1647/82 1624/83
f 1647/82 1648/84 1624/83
f 1624/83 1648/84 1601/85
f 1648/84 1640/86 1601/85
f 1601/85 1640/86 1602/87
f 1640/86 1641/88 1602/87
f 1602/87 1641/88 1603/89
f 1641/88 1643/90 1603/89
f 1603/89 1643/90 1604/91
f 1643/90 1645/92 1604/91
f 1604/91 1645/92 1605/93
f 1645/92 1635/94 1605/93
f 1605/93 1635/94 1606/95
f 1635/94 1636/96 1606/95
f 1606/95 1636/96 1607/97
f 1636/96 1625/98 1607/97
f 1607/97 1625/98 1608/51
f 1625/98 1626/52 1608/51
f 1527/99 1499/100 1528/101
f 1499/100 1506/102 1528/101
f 1528/101 1506/102 1529/103
f 1506/102 1505/104 1529/103
f 1529/103 1505/104 1530/105
f 1505/104 1519/106 1530/105
f 1530/105 1519/106 1531/107
f 1519/106 1526/108 1531/107
f 1531/107 1526/108 1532/109
f 1526/108 1520/110 1532/109
f 1532/109 1520/110 1533/111
f 1520/110 1521/112 1533/111
f 1533/111 1521/112 1534/113
f 1521/112 1522/114 1534/113
f 1534/113 1522/114 1535/115
f 1522/114 1523/116 1535/115
f 1535/115 1523/116 1536/117
f 1523/116 1524/118 1536/117
f 1536/117 1524/118 1537/119
f 1524/118 1525/120 1537/119
f 1537/119 1525/120 1538/121
f 1525/120 1517/122 1538/121
f 1538/121 1517/122 1539/123
f 1517/122 1518/124 1539/123
f 1539/123 1518/124 1540/125
f 1518/124 1504/126 1540/125
f 1540/125 1504/126 1541/127
f 1504/126 1503/128 1541/127
f 1541/127 1503/128 1542/129
f 1503/128 1508/130 1542/129
f 1542/129 1508/130 1543/131
f 1508/130 1510/132 1543/131
f 1543/131 1510/132 1544/133
f 1510/132 1509/134 1544/133
f 1544/133 1509/134 1545/135
f 1509/134 1513/136 1545/135
f 1545/135 1513/136 1546/137
f 1513/136 1511/138 1546/137
f 1546/137 1511/138 1547/139
f 1511/138 1493/140 1547/139
f 1547/139 1493/140 1548/141
f 1493/140 1485/142 1548/141
f 1548/141 1485/142 1549/143
f 1485/142 1484/144 1549/143
f 1549/143 1484/144 1550/145
f 1484/144 1478/146 1550/145
f 1550/145 1478/146 1527/147
f 1478/146 1499/148 1527/147
f 1489/149 1553/150 1490/151
f 1553/150 1576/152 1490/151
f 1490/151 1576/152 1516/153
f 1576/152 1575/154 1516/153
f 1516/153 1575/154 1514/155
f 1575/154 1574/156 1514/155
f 1514/155 1574/156 1515/157
f 1574/156 1573/158 1515/157
f 1515/157 1573/158 1512/159
f 1573/158 1572/160 1512/159
f 1512/159 1572/160 1502/161
f 1572/160 1571/162 1502/161
f 1502/161 1571/162 1498/163
f 1571/162 1570/164 1498/163
f 1498/163 1570/164 1488/165
f 1570/164 1569/166 1488/165
f 1488/165 1569/166 1497/167
f 1569/166 1568/168 1497/167
f 1497/167 1568/168 1487/169
f 1568/168 1567/170 1487/169
f 1487/169 1567/170 1496/171
f 1567/170 1566/172 1496/171
f 1496/171 1566/172 1495/173
f 1566/172 1565/174 1495/173
f 1495/173 1565/174 1507/175
f 1565/174 1564/176 1507/175
f 1507/175 1564/176 1501/177
f 1564/176 1563/178 1501/177
f 1501/177 1563/178 1500/179
f 1563/178 1562/180 1500/179
f 1500/179 1562/180 1494/181
f 1562/180 1561/182 1494/181
f 1494/181 1561/182 1482/183
f 1561/182 1560/184 1482/183
f 1482/183 1560/184 1480/185
f 1560/184 1558/186 1480/185
f 1480/185 1558/186 1481/187
f 1558/186 1559/188 1481/187
f 1481/187 1559/188 1486/189
f 1559/188 1557/190 1486/189
f 1486/189 1557/190 1491/191
f 1557/190 1556/192 1491/191
f 1491/191 1556/192 1492/193
f 1556/192 1555/194 1492/193
f 1492/193 1555/194 1483/195
f 1555/194 1554/196 1483/195
f 1483/195 1554/196 1479/197
f 1554/196 1552/198 1479/197
f 1479/197 1552/198 1489/199
f 1552/198 1553/200 1489/199
f 580/201 582/202 105/203
f 582/202 581/204 105/203
f 105/203 581/204 104/205
f 581/204 583/206 104/205
f 104/205 583/206 88/207
f 583/206 584/208 88/207
f 88/207 584/208 89/209
f 584/208 585/210 89/209
f 89/209 585/210 85/211
f 585/210 586/212 85/211
f 85/211 586/212 86/213
f 586/212 587/214 86/213
f 86/213 587/214 100/215
f 587/214 588/216 100/215
f 100/215 588/216 70/217
f 588/216 589/218 70/217
f 70/217 589/218 67/219
f 589/218 590/220 67/219
f 67/219 590/220 81/221
f 590/220 591/222 81/221
f 81/221 591/222 82/223
f 591/222 592/224 82/223
f 82/223 592/224 83/225
f 592/224 593/226 83/225
f 83/225 593/226 128/227
f 593/226 594/228 128/227
f 128/227 594/228 129/229
f 594/228 570/230 129/229
f 129/229 570/230 51/231
f 570/230 571/232 51/231
f 51/231 571/232 56/233
f 571/232 572/234 56/233
f 56/233 572/234 110/235
f 572/234 573/236 110/235
f 110/235 573/236 139/237
f 573/236 574/238 139/237
f 139/237 574/238 142/239
f 574/238 575/240 142/239
f 142/239 575/240 124/241
f 575/240 576/242 124/241
f 124/241 576/242 122/243
f 576/242 577/244 122/243
f 122/243 577/244 132/245
f 577/244 578/246 132/245
f 132/245 578/246 118/247
f 578/246 579/248 118/247
f 118/247 579/248 119/249
f 579/248 580/250 119/249
f 119/249 580/250 105/251
f 14/252 27/253 15/254
f 27/253 28/255 15/254
f 15/254 28/255 16/256
f 28/255 29/257 16/256
f 16/256 29/257 17/258
f 29/257 30/259 17/258
f 17/258 30/259 18/260
f 30/259 31/261 18/260
f 18/260 31/261 19/262
f 31/261 32/263 19/262
f 19/262 32/263 20/264
f 32/263 33/265 20/264
f 20/264 33/265 21/266
f 33/265 34/267 21/266
f 21/266 34/267 22/268
f 34/267 35/269 22/268
f 22/268 35/269 23/270
f 35/269 36/271 23/270
f 23/270 36/271 24/272
f 36/271 37/273 24/272
f 24/272 37/273 1/24
f 37/273 38/274 1/24
f 1/24 38/274 2/275
f 38/274 39/276 2/275
f 2/275 39/276 3/277
f 39/276 40/278 3/277
f 3/277 40/278 4/279
f 40/278 41/280 4/279
f 4/279 41/280 5/281
f 41/280 42/282 5/281
f 5/281 42/282 6/283
f 42/282 43/284 6/283
f 6/283 43/284 7/285
f 43/284 44/286 7/285
f 7/285 44/286 8/287
f 44/286 45/288 8/287
f 8/287 45/288 9/289
f 45/288 46/290 9/289
f 9/289 46/290 10/291
f 46/290 47/292 10/291
f 10/291 47/292 11/293
f 47/292 48/294 11/293
f 11/293 48/294 12/295
f 48/294 49/296 12/295
f 12/295 49/296 13/297
f 49/296 26/298 13/297
f 13/297 26/298 14/299
f 26/298 27/300 14/299
f 1311/301 1407/302 1312/303
f 1407/302 1429/228 1312/303
f 1312/303 1429/228 1310/304
f 1429/228 1428/226 1310/304
f 1310/304 1428/226 1309/305
f 1428/226 1427/224 1309/305
f 1309/305 1427/224 1308/306
f 1427/224 1426/222 1308/306
f 1308/306 1426/222 1307/307
f 1426/222 1425/220 1307/307
f 1307/307 1425/220 1306/308
f 1425/220 1424/218 1306/308
f 1306/308 1424/218 1300/309
f 1424/218 1423/216 1300/309
f 1300/309 1423/216 1299/310
f 1423/216 1422/214 1299/310
f 1299/310 1422/214 1305/311
f 1422/214 1421/212 1305/311
f 1305/311 1421/212 1303/312
f 1421/212 1420/210 1303/312
f 1303/312 1420/210 1304/313
f 1420/210 1419/208 1304/313
f 1304/313 1419/208 1316/314
f 1419/208 1418/206 1316/314
f 1316/314 1418/206 1301/315
f 1418/206 1417/202 1301/315
f 1301/315 1417/202 1302/316
f 1417/202 1416/201 1302/316
f 1302/316 1416/201 1322/317
f 1416/201 1415/318 1322/317
f 1322/317 1415/318 1323/319
f 1415/318 1414/320 1323/319
f 1323/319 1414/320 1321/321
f 1414/320 1413/322 1321/321
f 1321/321 1413/322 1320/323
f 1413/322 1412/324 1320/323
f 1320/323 1412/324 1314/325
f 1412/324 1411/326 1314/325
f 1314/325 1411/326 1315/327
f 1411/326 1410/328 1315/327
f 1315/327 1410/328 1317/329
f 1410/328 1409/330 1317/329
f 1317/329 1409/330 1318/331
f 1409/330 1408/332 1318/331
f 1318/331 1408/332 1319/333
f 1408/332 1406/334 1319/333
f 1319/333 1406/334 1311/335
f 1406/334 1407/336 1311/335
f 1442/337 1455/338 1443/228
f 1455/338 1477/227 1443/228
f 1443/228 1477/227 1444/226
f 1477/227 1476/225 1444/226
f 1444/226 1476/225 1445/224
f 1476/225 1475/223 1445/224
f 1445/224 1475/223 1452/222
f 1475/223 1474/221 1452/222
f 1452/222 1474/221 1453/220
f 1474/221 1473/219 1453/220
f 1453/220 1473/219 1434/218
f 1473/219 1472/217 1434/218
f 1434/218 1472/217 1430/216
f 1472/217 1471/215 1430/216
f 1430/216 1471/215 1431/214
f 1471/215 1470/213 1431/214
f 1431/214 1470/213 1435/212
f 1470/213 1469/211 1435/212
f 1435/212 1469/211 1446/210
f 1469/211 1468/209 1446/210
f 1446/210 1468/209 1447/208
f 1468/209 1467/207 1447/208
f 1447/208 1467/207 1448/206
f 1467/207 1466/205 1448/206
f 1448/206 1466/205 1436/202
f 1466/205 1465/203 1436/202
f 1436/202 1465/203 1437/201
f 1465/203 1464/339 1437/201
f 1437/201 1464/339 1438/318
f 1464/339 1463/340 1438/318
f 1438/318 1463/340 1439/320
f 1463/340 1462/341 1439/320
f 1439/320 1462/341 1449/322
f 1462/341 1461/342 1449/322
f 1449/322 1461/342 1440/324
f 1461/342 1460/343 1440/324
f 1440/324 1460/343 1432/326
f 1460/343 1459/344 1432/326
f 1432/326 1459/344 1433/328
f 1459/344 1458/345 1433/328
f 1433/328 1458/345 1441/330
f 1458/345 1457/346 1441/330
f 1441/330 1457/346 1450/332
f 1457/346 1456/347 1450/332
f 1450/332 1456/347 1451/334
f 1456/347 1454/348 1451/334
f 1451/334 1454/348 1442/336
f 1454/348 1455/349 1442/336
f 595/150 530/350 618/152
f 530/350 521/351 618/152
f 618/152 521/351 617/154
f 521/351 528/352 617/154
f 617/154 528/352 616/156
f 528/352 522/353 616/156
f 616/156 522/353 615/158
f 522/353 523/354 615/158
f 615/158 523/354 614/160
f 523/354 510/355 614/160
f 614/160 510/355 613/162
f 510/355 509/356 613/162
f 613/162 509/356 612/164
f 509/356 511/357 612/164
f 612/164 511/357 611/166
f 511/357 507/358 611/166
f 611/166 507/358 610/168
f 507/358 508/359 610/168
f 610/168 508/359 609/170
f 508/359 524/360 609/170
f 609/170 524/360 608/172
f 524/360 514/361 608/172
f 608/172 514/361 607/174
f 514/361 525/362 607/174
f 607/174 525/362 606/176
f 525/362 526/363 606/176
f 606/176 526/363 605/178
f 526/363 516/364 605/178
f 605/178 516/364 604/180
f 516/364 515/365 604/180
f 604/180 515/365 603/182
f 515/365 518/366 603/182
f 603/182 518/366 602/184
f 518/366 517/367 602/184
f 602/184 517/367 601/186
f 517/367 519/368 601/186
f 601/186 519/368 600/190
f 519/368 520/369 600/190
f 600/190 520/369 599/192
f 520/369 513/370 599/192
f 599/192 513/370 598/194
f 513/370 512/371 598/194
f 598/194 512/371 597/196
f 512/371 527/372 597/196
f 597/196 527/372 596/198
f 527/372 529/373 596/198
f 596/198 529/373 595/200
f 529/373 530/374 595/200
f 625/186 624/190 65/189
f 65/189 624/190 66/191
f 624/190 623/192 66/191
f 66/191 623/192 68/193
f 623/192 622/194 68/193
f 68/193 622/194 69/195
f 622/194 621/196 69/195
f 69/195 621/196 87/197
f 65/189 84/185 625/186
f 84/185 101/375 625/186
f 625/186 101/375 626/184
f 101/375 50/183 626/184
f 626/184 50/183 627/182
f 50/183 54/181 627/182
f 627/182 54/181 628/180
f 54/181 95/179 628/180
f 628/180 95/179 629/178
f 95/179 57/177 629/178
f 629/178 57/177 630/176
f 57/177 73/175 630/176
f 630/176 73/175 631/174
f 73/175 111/173 631/174
f 631/174 111/173 632/172
f 111/173 97/171 632/172
f 632/172 97/171 633/170
f 97/171 96/169 633/170
f 633/170 96/169 634/168
f 96/169 126/167 634/168
f 634/168 126/167 635/166
f 126/167 115/165 635/166
f 635/166 115/165 636/164
f 115/165 116/163 636/164
f 636/164 116/163 637/162
f 116/163 75/161 637/162
f 637/162 75/161 638/160
f 75/161 61/159 638/160
f 638/160 61/159 639/158
f 61/159 76/157 639/158
f 639/158 76/157 640/156
f 76/157 79/155 640/156
f 640/156 79/155 641/154
f 79/155 64/153 641/154
f 641/154 64/153 642/152
f 64/153 80/151 642/152
f 642/152 80/151 643/150
f 80/151 99/149 643/150
f 643/150 99/149 619/376
f 99/149 87/377 619/376
f 619/376 87/377 620/378
f 87/377 621/379 620/378
f 1944/380 1946/381 1906/382
f 1896/383 1895/384 1934/385
f 1941/386 1942/387 1939/388
f 1934/385 1895/384 1889/389
f 1895/384 1894/390 1889/389
f 1889/389 1894/390 1893/391
f 1941/386 1939/388 1934/385
f 1939/388 1940/392 1934/385
f 1934/385 1940/392 1945/393
f 1946/381 1943/394 1906/382
f 1943/394 1937/395 1906/382
f 1906/382 1937/395 1938/396
f 1938/396 1935/397 1906/382
f 1935/397 1936/398 1906/382
f 1906/382 1936/398 1947/399
f 1901/400 1900/401 1896/383
f 1900/401 1899/402 1896/383
f 1899/402 1898/403 1896/383
f 1896/383 1898/403 1897/404
f 1893/391 1892/405 1889/389
f 1892/405 1891/406 1889/389
f 1889/389 1891/406 1890/407
f 1945/393 1944/380 1934/385
f 1944/380 1906/382 1934/385
f 1934/385 1906/382 1896/383
f 1906/382 1902/408 1896/383
f 1896/383 1902/408 1901/400
f 2031/409 2039/410 2030/411
f 2039/410 2042/412 2030/411
f 2030/411 2042/412 2033/413
f 2042/412 2041/414 2033/413
f 2033/413 2041/414 2034/415
f 2041/414 2040/416 2034/415
f 2034/415 2040/416 2032/417
f 2040/416 2038/418 2032/417
f 2032/417 2038/418 2035/419
f 2038/418 2037/420 2035/419
f 2035/419 2037/420 2036/421
f 2037/420 2043/422 2036/421
f 2015/423 2006/424 2029/425
f 2006/424 2027/426 2029/425
f 2029/425 2027/426 2028/427
f 2027/426 2025/428 2028/427
f 2028/427 2025/428 2026/429
f 2025/428 2023/430 2026/429
f 2026/429 2023/430 2024/431
f 2023/430 2021/432 2024/431
f 2024/431 2021/432 2022/433
f 2021/432 2018/434 2022/433
f 2022/433 2018/434 2020/409
f 2018/434 2019/410 2020/409
f 1969/435 1973/436 1967/437
f 1967/437 1973/436 1865/438
f 1974/439 1973/436 1964/440
f 1971/441 1972/442 1970/443
f 1972/442 1975/444 1970/443
f 1970/443 1975/444 1967/437
f 1975/444 1968/445 1967/437
f 1967/437 1968/445 1969/435
f 1874/446 1873/447 1867/448
f 1873/447 1871/449 1867/448
f 1867/448 1871/449 1869/450
f 1962/451 1963/452 1961/453
f 1963/452 1965/454 1961/453
f 1961/453 1965/454 1964/440
f 1965/454 1966/455 1964/440
f 1964/440 1966/455 1974/439
f 1867/448 1865/438 1874/446
f 1865/438 1973/436 1874/446
f 1874/446 1973/436 1862/456
f 1973/436 1974/439 1862/456
f 1862/456 1974/439 1846/457
f 1974/439 1852/458 1846/457
f 1846/457 1852/458 1851/459
f 1848/460 1847/461 1849/462
f 1847/461 1846/457 1849/462
f 1849/462 1846/457 1850/463
f 1846/457 1851/459 1850/463
f 2020/464 2019/465 2031/466
f 2019/465 2039/467 2031/466
f 1918/468 1916/469 1917/470
f 1916/469 1914/471 1917/470
f 1917/470 1914/471 1915/472
f 1914/471 1912/473 1915/472
f 1915/472 1912/473 1913/474
f 1912/473 1910/475 1913/474
f 1913/474 1910/475 1911/476
f 1910/475 1908/477 1911/476
f 1911/476 1908/477 1909/478
f 1908/477 1907/479 1909/478
f 1909/478 1907/479 1905/423
f 1907/479 1903/424 1905/423
f 1926/480 1919/481 1918/482
f 1919/481 1916/483 1918/482
f 1932/484 1925/485 1931/486
f 1925/485 1921/487 1931/486
f 1931/486 1921/487 1930/488
f 1921/487 1920/489 1930/488
f 1930/488 1920/489 1929/490
f 1920/489 1923/491 1929/490
f 1929/490 1923/491 1928/492
f 1923/491 1922/493 1928/492
f 1928/492 1922/493 1927/494
f 1922/493 1924/495 1927/494
f 1927/494 1924/495 1926/468
f 1924/495 1919/469 1926/468
f 1884/408 984/496 1883/400
f 984/496 979/497 1883/400
f 1883/400 979/497 1886/401
f 356/498 1880/405 1881/391
f 362/499 360/500 1877/384
f 360/500 356/498 1877/384
f 1877/384 356/498 1887/390
f 356/498 1881/391 1887/390
f 1886/401 979/497 1879/402
f 979/497 383/501 1879/402
f 1879/402 383/501 1885/403
f 1880/405 356/498 1878/406
f 356/498 354/502 1878/406
f 1878/406 354/502 1882/407
f 354/502 355/503 1882/407
f 1882/407 355/503 1888/389
f 368/504 366/505 1877/384
f 366/505 364/506 1877/384
f 1877/384 364/506 362/499
f 382/507 380/508 1875/383
f 380/508 378/509 1875/383
f 1875/383 378/509 376/510
f 382/507 1875/383 383/501
f 1875/383 1876/404 383/501
f 383/501 1876/404 1885/403
f 376/510 374/511 1875/383
f 374/511 371/512 1875/383
f 1875/383 371/512 1877/384
f 371/512 369/513 1877/384
f 1877/384 369/513 368/504
f 1282/514 1080/515 1298/516
f 1282/514 1298/516 1297/517
f 1298/516 1296/518 1297/517
f 1297/517 1296/518 1295/519
f 1296/518 1294/520 1295/519
f 1295/519 1294/520 1293/521
f 1294/520 1292/522 1293/521
f 1293/521 1292/522 1291/523
f 1292/522 1290/524 1291/523
f 1291/523 1290/524 1289/525
f 1290/524 1288/526 1289/525
f 1289/525 1288/526 1287/527
f 1288/526 1286/528 1287/527
f 1287/527 1286/528 1285/529
f 1286/528 1283/530 1285/529
f 1285/529 1283/530 1284/531
f 1284/532 1283/533 1313/534
f 1283/533 1372/535 1313/534
f 1313/534 1372/535 1393/536
f 1372/535 1394/537 1393/536
f 499/538 496/539 498/540
f 496/539 497/541 498/540
f 465/542 239/543 496/539
f 239/543 198/544 496/539
f 496/539 198/544 497/541
f 1282/545 1281/546 1080/547
f 1281/546 972/548 1080/547
f 970/549 969/550 1281/546
f 969/550 968/551 1281/546
f 1281/546 968/551 972/548
f 239/552 465/553 464/554
f 239/552 464/554 384/555
f 464/554 463/556 384/555
f 384/555 463/556 385/557
f 463/556 462/558 385/557
f 385/557 462/558 386/559
f 462/558 461/560 386/559
f 386/559 461/560 387/561
f 461/560 460/562 387/561
f 387/561 460/562 388/563
f 460/562 459/564 388/563
f 388/563 459/564 389/565
f 459/564 458/566 389/565
f 389/565 458/566 390/567
f 458/566 457/568 390/567
f 390/567 457/568 391/569
f 495/570 493/571 494/572
f 493/571 445/573 494/572
f 494/572 445/573 457/574
f 445/573 391/575 457/574
f 1843/576 1838/577 1820/578
f 1818/579 1854/580 1861/581
f 1862/582 1846/583 1861/581
f 1846/583 1843/576 1861/581
f 1861/581 1843/576 1818/579
f 1843/576 1820/578 1818/579
f 1402/584 1405/585 1398/586
f 1405/585 1399/587 1398/586
f 2008/588 2013/589 1864/590
f 1860/591 1819/592 1864/590
f 1819/592 1393/593 1864/590
f 2012/594 2014/595 1865/596
f 2007/597 2016/598 1990/599
f 2016/598 2006/600 1990/599
f 1990/599 2006/600 2015/601
f 1864/590 2013/589 1865/596
f 2013/589 2011/602 1865/596
f 1865/596 2011/602 2012/594
f 1393/593 2009/603 2003/604
f 1990/599 1967/605 2007/597
f 1967/605 1865/596 2007/597
f 2007/597 1865/596 2010/606
f 1865/596 2014/595 2010/606
f 2016/598 2017/607 2006/600
f 2017/607 2002/608 2006/600
f 2006/600 2002/608 1405/585
f 2002/608 2001/609 1405/585
f 1405/585 2001/609 1399/587
f 2001/609 2005/610 1399/587
f 1399/587 2005/610 1397/611
f 2005/610 2004/612 1397/611
f 1397/611 2004/612 1395/613
f 2004/612 1997/614 1395/613
f 1395/613 1997/614 1396/615
f 1997/614 1996/616 1396/615
f 1396/615 1996/616 1394/617
f 1996/616 1994/618 1394/617
f 1394/617 1994/618 1393/593
f 1994/618 1995/619 1393/593
f 1393/593 1995/619 2009/603
f 2003/604 1999/620 1393/593
f 1999/620 2000/621 1393/593
f 1393/593 2000/621 1864/590
f 2000/621 1993/622 1864/590
f 1864/590 1993/622 1991/623
f 1991/623 1992/624 1864/590
f 1992/624 1998/625 1864/590
f 1864/590 1998/625 2008/588
f 1862/626 1861/627 1874/628
f 1861/627 1872/629 1874/628
f 1874/628 1872/629 1873/630
f 1872/629 1870/631 1873/630
f 1873/630 1870/631 1871/632
f 1870/631 1868/633 1871/632
f 1871/632 1868/633 1869/634
f 1868/633 1866/635 1869/634
f 1869/634 1866/635 1867/636
f 1866/635 1863/637 1867/636
f 1867/636 1863/637 1865/638
f 1863/637 1864/639 1865/638
f 1852/640 1845/641 1851/642
f 1845/641 1842/643 1851/642
f 1851/642 1842/643 1850/644
f 1842/643 1841/645 1850/644
f 1850/644 1841/645 1849/646
f 1841/645 1840/647 1849/646
f 1849/646 1840/647 1848/648
f 1840/647 1839/649 1848/648
f 1848/648 1839/649 1847/650
f 1839/649 1844/651 1847/650
f 1847/650 1844/651 1846/626
f 1844/651 1843/627 1846/626
f 1400/652 1404/653 1401/654
f 1404/653 1403/655 1401/654
f 495/656 1826/657 1845/658
f 1826/657 1833/659 1845/658
f 2036/660 2043/661 2059/662
f 2065/663 2062/664 1852/665
f 2062/664 2063/666 1852/665
f 1852/665 2063/666 2057/667
f 2065/663 1852/665 2058/668
f 1852/665 1974/669 2058/668
f 2058/668 1974/669 2059/662
f 1974/669 1979/670 2059/662
f 2059/662 1979/670 2036/660
f 2057/667 2053/671 1852/665
f 2053/671 2054/672 1852/665
f 1852/665 2054/672 1845/658
f 2054/672 2051/673 1845/658
f 2051/673 2048/674 1845/658
f 1845/658 2048/674 2049/675
f 2049/675 2050/676 1845/658
f 2050/676 2047/677 1845/658
f 1845/658 2047/677 495/656
f 2047/677 2052/678 495/656
f 495/656 2052/678 2045/679
f 2045/679 2046/680 495/656
f 2046/680 2044/681 495/656
f 495/656 2044/681 493/682
f 2044/681 2056/683 493/682
f 493/682 2056/683 492/684
f 2056/683 2055/685 492/684
f 492/684 2055/685 491/686
f 2055/685 2066/687 491/686
f 491/686 2066/687 531/688
f 2066/687 2064/689 531/688
f 531/688 2064/689 1400/652
f 2064/689 2061/690 1400/652
f 1400/652 2061/690 1404/653
f 2061/690 2060/691 1404/653
f 1404/653 2060/691 2043/661
f 2060/691 2067/692 2043/661
f 2043/661 2067/692 2059/662
f 503/693 919/694 918/695
f 917/696 505/697 918/695
f 505/697 504/698 918/695
f 918/695 504/698 503/693
f 916/699 497/700 917/696
f 497/700 506/701 917/696
f 917/696 506/701 505/697
f 911/702 499/703 916/699
f 499/703 498/704 916/699
f 916/699 498/704 497/700
f 920/705 914/706 915/707
f 914/706 912/708 915/707
f 915/707 912/708 913/709
f 912/708 909/710 913/709
f 913/709 909/710 911/702
f 909/710 910/711 911/702
f 911/702 910/711 499/703
f 924/712 923/713 920/714
f 923/713 914/715 920/714
f 942/716 945/717 969/718
f 965/719 966/720 944/721
f 966/720 967/722 944/721
f 944/721 967/722 945/717
f 967/722 968/723 945/717
f 945/717 968/723 969/718
f 944/721 949/724 965/719
f 949/724 950/725 965/719
f 965/719 950/725 961/726
f 969/718 970/727 942/716
f 970/727 964/728 942/716
f 942/716 964/728 943/729
f 964/728 963/730 943/729
f 943/729 963/730 951/731
f 963/730 962/732 951/731
f 951/731 962/732 924/705
f 962/732 923/706 924/705
f 1116/733 1114/734 1115/735
f 1114/734 1112/736 1115/735
f 1114/734 1113/737 1112/736
f 1113/737 1111/738 1112/736
f 1112/736 1111/738 1109/739
f 1111/738 1110/740 1109/739
f 1110/740 1108/741 1109/739
f 1109/739 1108/741 1105/742
f 1108/741 1107/743 1105/742
f 1107/743 1106/744 1105/742
f 1105/742 1106/744 1102/745
f 1106/744 1104/746 1102/745
f 1104/746 1103/747 1102/745
f 1102/745 1103/747 1099/748
f 1079/749 1078/750 1100/751
f 1078/750 1099/748 1100/751
f 1100/751 1099/748 1101/752
f 1099/748 1103/747 1101/752
f 1035/753 1034/754 1079/548
f 1034/754 1078/755 1079/548
f 1034/750 1035/749 1033/756
f 1034/750 1033/756 1032/757
f 1033/756 1024/758 1032/757
f 1032/757 1024/758 1025/759
f 191/760 163/761 255/762
f 163/761 182/763 255/762
f 255/762 182/763 256/764
f 182/763 252/765 256/764
f 163/766 191/767 161/768
f 191/767 189/769 161/768
f 161/768 189/769 160/770
f 189/769 190/771 160/770
f 199/772 505/773 198/774
f 505/773 506/775 198/774
f 198/774 506/775 497/776
f 200/777 503/778 199/772
f 503/778 504/779 199/772
f 199/772 504/779 505/773
f 170/770 500/780 201/781
f 500/780 501/782 201/781
f 201/781 501/782 200/777
f 501/782 502/783 200/777
f 200/777 502/783 503/778
f 1394/784 1372/530 1385/785
f 1394/784 1385/785 1396/786
f 1385/785 1387/787 1396/786
f 1396/786 1387/787 1395/788
f 1397/789 1395/790 1248/791
f 1395/790 1387/792 1248/791
f 1118/793 1116/794 1117/795
f 1116/794 1115/796 1117/795
f 1522/797 1521/798 1126/799
f 1126/799 1521/798 1098/800
f 1521/798 1520/801 1098/800
f 1098/800 1520/801 1067/802
f 1466/803 1467/804 1048/805
f 1514/806 1454/807 1516/808
f 1454/807 1490/809 1516/808
f 1520/801 1526/810 1067/802
f 1526/810 1519/811 1067/802
f 1067/802 1519/811 1068/812
f 1519/811 1505/813 1068/812
f 1068/812 1505/813 1031/814
f 1505/813 1017/815 1031/814
f 1048/805 1467/804 1091/816
f 1510/817 1175/818 1509/819
f 1175/818 1174/820 1509/819
f 1509/819 1174/820 1513/821
f 1172/822 1179/823 1503/824
f 1179/823 1178/825 1503/824
f 1503/824 1178/825 1508/826
f 1178/825 1177/827 1508/826
f 1508/826 1177/827 1510/817
f 1177/827 1176/828 1510/817
f 1510/817 1176/828 1175/818
f 1331/829 1477/830 1455/831
f 1467/804 1468/832 1091/816
f 1468/832 1469/833 1091/816
f 1091/816 1469/833 1324/834
f 1469/833 1470/835 1324/834
f 1324/834 1470/835 1325/836
f 1470/835 1471/837 1325/836
f 1325/836 1471/837 1326/838
f 1471/837 1472/839 1326/838
f 1326/838 1472/839 1327/840
f 1472/839 1473/841 1327/840
f 1327/840 1473/841 1328/842
f 1126/799 1125/843 1522/797
f 1125/843 1124/844 1522/797
f 1522/797 1124/844 1523/845
f 1124/844 1123/846 1523/845
f 1523/845 1123/846 1524/847
f 1123/846 1122/848 1524/847
f 1524/847 1122/848 1525/849
f 1122/848 1121/850 1525/849
f 1525/849 1121/850 1517/851
f 1121/850 1120/852 1517/851
f 1517/851 1120/852 1518/853
f 1120/852 1172/822 1518/853
f 1518/853 1172/822 1504/854
f 1172/822 1503/824 1504/854
f 1328/842 1473/841 1329/855
f 1473/841 1474/856 1329/855
f 1329/855 1474/856 1330/857
f 1474/856 1475/858 1330/857
f 1330/857 1475/858 1331/829
f 1475/858 1476/859 1331/829
f 1331/829 1476/859 1477/830
f 1514/806 1515/860 1454/807
f 1515/860 1512/861 1454/807
f 1454/807 1512/861 1455/831
f 1512/861 1502/862 1455/831
f 1455/831 1502/862 1331/829
f 1238/863 1501/864 1239/865
f 1501/864 1500/866 1239/865
f 1239/865 1500/866 1240/867
f 1500/866 1494/868 1240/867
f 1240/867 1494/868 1241/869
f 1486/870 1491/871 1236/872
f 1491/871 1493/873 1236/872
f 1236/872 1493/873 1174/820
f 1493/873 1511/874 1174/820
f 1174/820 1511/874 1513/821
f 1505/813 1506/875 1017/815
f 1506/875 1499/876 1017/815
f 1017/815 1499/876 1015/877
f 1046/878 1049/879 1464/880
f 1454/807 1456/881 1490/809
f 1456/881 1457/882 1490/809
f 1490/809 1457/882 1458/883
f 1479/884 1489/885 1460/886
f 1489/885 1490/809 1460/886
f 1460/886 1490/809 1459/887
f 1490/809 1458/883 1459/887
f 1502/862 1498/888 1331/829
f 1498/888 1488/889 1331/829
f 1331/829 1488/889 1378/890
f 1488/889 1497/891 1378/890
f 1497/891 1487/892 1378/890
f 1378/890 1487/892 1379/893
f 1487/892 1496/894 1379/893
f 1379/893 1496/894 1380/895
f 1496/894 1495/896 1380/895
f 1380/895 1495/896 1238/863
f 1495/896 1507/897 1238/863
f 1238/863 1507/897 1501/864
f 1478/898 1484/899 1483/900
f 1491/871 1492/901 1493/873
f 1492/901 1483/900 1493/873
f 1493/873 1483/900 1485/902
f 1483/900 1484/899 1485/902
f 1241/869 1494/868 1242/903
f 1494/868 1482/904 1242/903
f 1242/903 1482/904 1243/905
f 1482/904 1480/906 1243/905
f 1243/905 1480/906 1236/872
f 1480/906 1481/907 1236/872
f 1236/872 1481/907 1486/870
f 1049/879 1050/908 1479/884
f 1050/908 1003/909 1479/884
f 1460/886 1461/910 1479/884
f 1461/910 1462/911 1479/884
f 1479/884 1462/911 1049/879
f 1462/911 1463/912 1049/879
f 1049/879 1463/912 1464/880
f 1483/900 1479/884 1478/898
f 1479/884 1003/909 1478/898
f 1478/898 1003/909 1499/876
f 1003/909 1002/913 1499/876
f 1499/876 1002/913 1015/877
f 1046/878 1464/880 1048/805
f 1464/880 1465/914 1048/805
f 1048/805 1465/914 1466/803
f 259/915 310/916 260/917
f 310/916 309/918 260/917
f 260/917 309/918 261/919
f 261/919 309/918 263/920
f 309/918 308/921 263/920
f 263/920 308/921 262/922
f 262/922 308/921 265/923
f 308/921 307/924 265/923
f 265/923 307/924 264/925
f 264/925 307/924 266/926
f 307/924 306/927 266/926
f 266/926 306/927 267/928
f 267/928 306/927 269/929
f 306/927 305/930 269/929
f 269/929 305/930 268/931
f 268/931 305/930 270/932
f 305/930 257/933 270/932
f 270/932 257/933 247/934
f 254/935 221/936 257/937
f 221/936 247/544 257/937
f 221/934 254/933 253/938
f 221/934 253/938 222/939
f 253/938 252/940 222/939
f 222/939 252/940 182/941
f 1024/942 983/943 981/944
f 981/944 980/945 1024/942
f 980/945 985/946 1024/942
f 1024/942 985/946 1025/947
f 981/948 983/949 978/950
f 983/949 982/951 978/950
f 978/950 982/951 977/952
f 982/951 976/953 977/952
f 922/954 500/955 170/956
f 358/957 170/956 357/958
f 170/956 160/544 357/958
f 357/958 160/544 190/959
f 358/957 359/960 170/956
f 359/960 361/961 170/956
f 170/956 361/961 363/962
f 375/963 377/964 975/965
f 377/964 379/966 975/965
f 975/965 379/966 976/548
f 379/966 381/967 976/548
f 976/548 381/967 977/968
f 958/969 953/970 975/965
f 953/970 952/971 975/965
f 975/965 952/971 375/963
f 363/962 932/972 170/956
f 932/972 934/973 170/956
f 170/956 934/973 922/954
f 952/971 954/974 375/963
f 954/974 955/975 375/963
f 375/963 955/975 373/976
f 955/975 956/977 373/976
f 373/976 956/977 372/978
f 956/977 370/979 372/978
f 956/977 957/980 370/979
f 957/980 937/981 370/979
f 370/979 937/981 367/982
f 937/981 926/983 367/982
f 926/983 925/984 367/982
f 367/982 925/984 365/985
f 925/984 928/986 365/985
f 365/985 928/986 363/962
f 928/986 930/987 363/962
f 363/962 930/987 932/972
f 971/988 966/989 965/990
f 971/988 965/990 973/991
f 958/992 975/953 959/993
f 975/953 974/994 959/993
f 959/993 974/994 960/995
f 974/994 973/991 960/995
f 960/995 973/991 961/996
f 973/991 965/990 961/996
f 966/989 971/988 967/997
f 971/988 972/998 967/997
f 967/997 972/998 968/999
f 445/569 493/1000 492/1001
f 445/569 492/1001 466/1002
f 492/1001 491/1003 466/1002
f 466/1002 491/1003 467/1004
f 485/1005 467/1006 531/1007
f 467/1006 491/1008 531/1007
f 1397/1009 1248/1010 1249/1011
f 1401/1012 1403/1013 534/1014
f 1403/1013 1402/1015 534/1014
f 534/1014 533/1016 1401/1012
f 533/1016 532/1017 1401/1012
f 1401/1012 532/1017 1400/1018
f 532/1017 485/1019 1400/1018
f 1400/1018 485/1019 531/1020
f 1397/1009 1249/1011 1399/1021
f 1249/1011 1250/1022 1399/1021
f 1399/1021 1250/1022 1398/1023
f 1398/1023 1250/1022 1402/1015
f 1250/1022 1251/1024 1402/1015
f 1402/1015 1251/1024 534/1014
f 1251/1024 1252/1025 534/1014
f 534/1014 1252/1025 535/1026
f 1252/1025 1253/1027 535/1026
f 535/1026 1253/1027 536/1028
f 1253/1027 569/953 536/1028
f 536/1028 569/953 537/770
f 569/1029 568/1030 537/1031
f 568/1030 319/1032 537/1031
f 1229/1033 1228/1034 322/1035
f 1227/1036 1229/1033 1192/1037
f 322/1035 1228/1034 323/1038
f 1192/1037 1193/1039 1227/1036
f 1193/1039 1194/1040 1227/1036
f 1227/1036 1194/1040 1226/1041
f 1194/1040 1118/733 1226/1041
f 1226/1041 1118/733 1117/735
f 1228/1034 1230/1042 323/1038
f 1230/1042 1225/1043 323/1038
f 323/1038 1225/1043 324/1044
f 1225/1043 317/916 324/1044
f 324/1044 317/916 311/915
f 1229/1033 322/1035 1192/1037
f 322/1035 321/1045 1192/1037
f 1192/1037 321/1045 1191/1046
f 321/1045 320/1047 1191/1046
f 1191/1046 320/1047 1190/1048
f 320/1047 319/770 1190/1048
f 1190/1048 319/770 568/953
f 317/1049 310/1050 311/1051
f 310/1050 259/1052 311/1051
f 129/885 51/884 101/1053
f 133/822 49/853 48/854
f 101/1053 51/884 50/910
f 133/822 48/854 141/823
f 48/854 47/824 141/823
f 141/823 47/824 140/825
f 47/824 46/826 140/825
f 140/825 46/826 143/827
f 138/815 136/877 38/898
f 136/877 137/913 38/898
f 137/913 55/909 38/898
f 38/898 55/909 39/899
f 139/871 142/870 109/872
f 142/870 124/906 109/872
f 109/872 124/906 123/905
f 124/906 122/904 123/905
f 117/863 130/865 118/866
f 130/865 131/867 118/866
f 118/866 131/867 132/868
f 131/867 120/869 132/868
f 132/868 120/869 122/904
f 120/869 121/903 122/904
f 122/904 121/903 123/905
f 90/890 87/807 99/831
f 49/853 133/822 26/851
f 133/822 134/852 26/851
f 26/851 134/852 27/849
f 134/852 106/850 27/849
f 27/849 106/850 28/847
f 106/850 91/848 28/847
f 28/847 91/848 29/845
f 118/866 119/864 117/863
f 119/864 105/897 117/863
f 117/863 105/897 103/895
f 105/897 104/896 103/895
f 103/895 104/896 102/893
f 104/896 88/894 102/893
f 102/893 88/894 90/890
f 87/807 100/888 70/862
f 90/890 99/831 63/829
f 111/803 58/878 97/804
f 58/878 98/805 97/804
f 97/804 98/805 96/832
f 98/805 113/816 96/832
f 96/832 113/816 126/833
f 41/873 40/902 56/900
f 88/894 89/892 90/890
f 89/892 85/891 90/890
f 90/890 85/891 87/807
f 85/891 86/889 87/807
f 87/807 86/889 100/888
f 67/861 81/860 65/887
f 81/860 82/806 65/887
f 65/887 82/806 84/886
f 82/806 83/808 84/886
f 84/886 83/808 101/1053
f 83/808 128/809 101/1053
f 101/1053 128/809 129/885
f 143/827 46/826 112/828
f 46/826 45/817 112/828
f 112/828 45/817 74/818
f 45/817 44/819 74/818
f 74/818 44/819 72/820
f 44/819 43/821 72/820
f 72/820 43/821 42/874
f 38/898 37/876 138/815
f 37/876 36/875 138/815
f 138/815 36/875 135/814
f 36/875 35/813 135/814
f 135/814 35/813 125/812
f 35/813 34/811 125/812
f 125/812 34/811 108/802
f 34/811 33/810 108/802
f 108/802 33/810 94/800
f 33/810 32/801 94/800
f 94/800 32/801 93/799
f 32/801 31/798 93/799
f 93/799 31/798 107/843
f 31/798 30/797 107/843
f 107/843 30/797 71/844
f 30/797 29/845 71/844
f 71/844 29/845 92/846
f 29/845 91/848 92/846
f 65/887 66/883 67/861
f 66/883 68/882 67/861
f 67/861 68/882 70/862
f 68/882 69/881 70/862
f 70/862 69/881 87/807
f 61/841 77/842 76/856
f 77/842 78/855 76/856
f 76/856 78/855 79/858
f 78/855 62/857 79/858
f 79/858 62/857 64/859
f 62/857 63/829 64/859
f 64/859 63/829 80/830
f 63/829 99/831 80/830
f 126/833 113/816 115/835
f 113/816 114/834 115/835
f 115/835 114/834 116/837
f 114/834 127/836 116/837
f 116/837 127/836 75/839
f 127/836 59/838 75/839
f 75/839 59/838 61/841
f 59/838 60/840 61/841
f 61/841 60/840 77/842
f 111/803 73/914 58/878
f 73/914 57/880 58/878
f 58/878 57/880 52/879
f 57/880 95/912 52/879
f 52/879 95/912 54/911
f 139/871 109/872 110/901
f 109/872 72/820 110/901
f 110/901 72/820 56/900
f 72/820 42/874 56/900
f 56/900 42/874 41/873
f 54/911 50/910 52/879
f 50/910 51/884 52/879
f 52/879 51/884 53/908
f 51/884 56/900 53/908
f 53/908 56/900 55/909
f 56/900 40/902 55/909
f 55/909 40/902 39/899
f 355/1054 354/1055 256/1056
f 354/1055 255/1057 256/1056
f 979/1058 984/1059 980/1060
f 984/1059 985/1061 980/1060
f 255/1062 354/1063 191/1064
f 354/1063 189/1065 191/1064
f 189/1065 354/1063 190/1066
f 354/1063 356/1067 190/1066
f 190/1066 356/1067 357/1068
f 369/1069 367/1070 368/1071
f 367/1070 365/1072 368/1071
f 368/1071 365/1072 366/1073
f 365/1072 363/1074 366/1073
f 366/1073 363/1074 364/1075
f 363/1074 361/1076 364/1075
f 364/1075 361/1076 362/1077
f 361/1076 359/1078 362/1077
f 362/1077 359/1078 360/1079
f 359/1078 358/1080 360/1079
f 360/1079 358/1080 356/1081
f 358/1080 357/1082 356/1081
f 371/1083 370/1084 369/1085
f 370/1084 367/1086 369/1085
f 383/1058 381/1087 382/1088
f 381/1087 379/1089 382/1088
f 382/1088 379/1089 380/1090
f 379/1089 377/1091 380/1090
f 380/1090 377/1091 378/1092
f 377/1091 375/1093 378/1092
f 378/1092 375/1093 376/1094
f 375/1093 373/1095 376/1094
f 376/1094 373/1095 374/1096
f 373/1095 372/1097 374/1096
f 374/1096 372/1097 371/1069
f 372/1097 370/1070 371/1069
f 980/1098 981/1099 979/1100
f 981/1099 978/1101 979/1100
f 979/1100 978/1101 383/1102
f 978/1101 977/1103 383/1102
f 383/1102 977/1103 381/1104
f 985/1105 984/1106 1025/1107
f 984/1106 1884/1108 1025/1107
f 1025/1107 1884/1108 1032/1109
f 1884/1108 1034/1110 1032/1109
f 1102/1111 1099/1112 1884/1108
f 1099/1112 1078/1113 1884/1108
f 1884/1108 1078/1113 1034/1110
f 1905/1114 1903/1115 1904/1116
f 1903/1115 1884/1108 1904/1116
f 1904/1116 1884/1108 1906/1117
f 1884/1108 1902/1118 1906/1117
f 1112/1119 1109/1120 1884/1108
f 1109/1120 1105/1121 1884/1108
f 1884/1108 1105/1121 1102/1111
f 1229/1122 1227/1123 1279/1124
f 1227/1123 1226/1125 1279/1124
f 1279/1124 1226/1125 1903/1115
f 1226/1125 1117/1126 1903/1115
f 1903/1115 1117/1126 1884/1108
f 1117/1126 1115/1127 1884/1108
f 1884/1108 1115/1127 1112/1119
f 1230/1128 1228/1129 1280/1130
f 1925/1131 1932/1132 1933/1133
f 355/1134 256/1135 1888/1136
f 256/1135 252/1137 1888/1136
f 1888/1136 252/1137 253/1138
f 253/1138 254/1139 1888/1136
f 254/1139 257/1140 1888/1136
f 1888/1136 257/1140 305/1141
f 305/1141 306/1142 1888/1136
f 306/1142 307/1143 1888/1136
f 1888/1136 307/1143 308/1144
f 308/1144 309/1145 1888/1136
f 309/1145 310/1146 1888/1136
f 1888/1136 310/1146 317/1147
f 1934/1148 1889/1149 1933/1133
f 1889/1149 1888/1136 1933/1133
f 1933/1133 1888/1136 1925/1131
f 1888/1136 317/1147 1925/1131
f 1925/1131 317/1147 1280/1130
f 317/1147 1225/1150 1280/1130
f 1280/1130 1225/1150 1230/1128
f 938/1151 937/1152 948/1153
f 937/1152 957/1154 948/1153
f 948/1153 957/1154 940/1155
f 957/1154 956/1156 940/1155
f 940/1155 956/1156 941/1157
f 956/1156 955/1158 941/1157
f 941/1157 955/1158 946/1159
f 955/1158 954/1160 946/1159
f 946/1159 954/1160 939/1161
f 954/1160 952/1162 939/1161
f 939/1161 952/1162 947/725
f 952/1162 953/1087 947/725
f 927/1163 926/1164 938/1165
f 926/1164 937/1166 938/1165
f 921/1167 922/1168 936/1169
f 922/1168 934/1170 936/1169
f 936/1169 934/1170 935/1171
f 934/1170 932/1172 935/1171
f 935/1171 932/1172 933/1173
f 932/1172 930/1174 933/1173
f 933/1173 930/1174 931/1175
f 930/1174 928/1176 931/1175
f 931/1175 928/1176 929/1177
f 928/1176 925/1178 929/1177
f 929/1177 925/1178 927/1151
f 925/1178 926/1152 927/1151
f 503/1179 502/1180 919/1181
f 502/1180 501/1182 919/1181
f 919/1181 501/1182 921/1183
f 501/1182 500/1184 921/1183
f 921/1183 500/1184 922/1185
f 391/1186 445/1187 393/1188
f 445/1187 446/1189 393/1188
f 393/1188 446/1189 392/1190
f 446/1189 447/1191 392/1190
f 392/1190 447/1191 395/1192
f 447/1191 448/1193 395/1192
f 395/1192 448/1193 394/1194
f 448/1193 450/1195 394/1194
f 394/1194 450/1195 397/1196
f 450/1195 449/1197 397/1196
f 397/1196 449/1197 396/1198
f 449/1197 451/1199 396/1198
f 396/1198 451/1199 399/1200
f 451/1199 452/1201 399/1200
f 399/1200 452/1201 398/1202
f 452/1201 453/1203 398/1202
f 398/1202 453/1203 401/1204
f 453/1203 454/1205 401/1204
f 401/1204 454/1205 400/1206
f 454/1205 455/1207 400/1206
f 400/1206 455/1207 402/1208
f 455/1207 456/1209 402/1208
f 402/1208 456/1209 63/1210
f 456/1209 90/1211 63/1210
f 134/1212 133/1213 316/1214
f 134/1212 316/1214 274/1215
f 316/1214 315/1216 274/1215
f 274/1215 315/1216 273/1217
f 315/1216 314/1218 273/1217
f 273/1217 314/1218 272/1219
f 314/1218 313/1220 272/1219
f 272/1219 313/1220 271/1221
f 313/1220 312/1222 271/1221
f 271/1221 312/1222 258/1223
f 312/1222 311/1224 258/1223
f 258/1223 311/1224 259/1225
f 470/1226 473/1227 479/1228
f 451/1229 449/1230 479/1228
f 472/1231 475/1232 480/1233
f 453/1234 452/1235 480/1233
f 481/1236 102/1237 90/1238
f 103/1239 102/1237 478/1240
f 102/1237 481/1236 478/1240
f 478/1240 481/1236 476/1241
f 481/1236 482/1242 476/1241
f 476/1241 482/1242 477/1243
f 482/1242 474/1244 477/1243
f 454/1245 482/1242 455/1246
f 482/1242 481/1236 455/1246
f 455/1246 481/1236 456/1247
f 481/1236 90/1238 456/1247
f 454/1245 453/1234 482/1242
f 453/1234 480/1233 482/1242
f 482/1242 480/1233 474/1244
f 480/1233 475/1232 474/1244
f 452/1235 451/1229 480/1233
f 451/1229 479/1228 480/1233
f 480/1233 479/1228 472/1231
f 479/1228 473/1227 472/1231
f 449/1230 450/1248 479/1228
f 450/1248 483/1249 479/1228
f 479/1228 483/1249 470/1226
f 484/1250 468/1251 483/1249
f 468/1251 471/1252 483/1249
f 483/1249 471/1252 470/1226
f 466/1253 467/1254 484/1250
f 467/1254 469/1255 484/1250
f 484/1250 469/1255 468/1251
f 450/1248 448/1256 483/1249
f 448/1256 447/1257 483/1249
f 483/1249 447/1257 484/1250
f 447/1257 446/1258 484/1250
f 484/1250 446/1258 466/1253
f 446/1258 445/1259 466/1253
f 133/1260 141/1261 316/1262
f 141/1261 329/1263 316/1262
f 316/1262 329/1263 315/1264
f 329/1263 330/1265 315/1264
f 315/1264 330/1265 314/1266
f 330/1265 331/1267 314/1266
f 314/1266 331/1267 313/1268
f 331/1267 332/1269 313/1268
f 313/1268 332/1269 312/1270
f 332/1269 333/1271 312/1270
f 312/1270 333/1271 311/1272
f 333/1271 324/1273 311/1272
f 141/1261 140/1274 329/1263
f 140/1274 334/1275 329/1263
f 329/1263 334/1275 330/1265
f 334/1275 335/1276 330/1265
f 330/1265 335/1276 331/1267
f 335/1276 336/1277 331/1267
f 331/1267 336/1277 332/1269
f 336/1277 337/1278 332/1269
f 332/1269 337/1278 333/1271
f 337/1278 338/1279 333/1271
f 333/1271 338/1279 324/1273
f 338/1279 323/1280 324/1273
f 140/1274 143/1281 334/1275
f 143/1281 339/1282 334/1275
f 334/1275 339/1282 335/1276
f 339/1282 340/1283 335/1276
f 335/1276 340/1283 336/1277
f 340/1283 341/1284 336/1277
f 336/1277 341/1284 337/1278
f 341/1284 342/1285 337/1278
f 337/1278 342/1285 338/1279
f 342/1285 343/1286 338/1279
f 338/1279 343/1286 323/1280
f 343/1286 322/1287 323/1280
f 143/1281 112/1288 339/1282
f 112/1288 344/1289 339/1282
f 339/1282 344/1289 340/1283
f 344/1289 345/1290 340/1283
f 340/1283 345/1290 341/1284
f 345/1290 346/1291 341/1284
f 341/1284 346/1291 342/1285
f 346/1291 347/1292 342/1285
f 342/1285 347/1292 343/1286
f 347/1292 348/1293 343/1286
f 343/1286 348/1293 322/1287
f 348/1293 321/1294 322/1287
f 112/1288 74/1295 344/1289
f 74/1295 349/1296 344/1289
f 344/1289 349/1296 345/1290
f 349/1296 350/1297 345/1290
f 345/1290 350/1297 346/1291
f 350/1297 351/1298 346/1291
f 346/1291 351/1298 347/1292
f 351/1298 352/1299 347/1292
f 347/1292 352/1299 348/1293
f 352/1299 353/1300 348/1293
f 348/1293 353/1300 321/1294
f 353/1300 320/1301 321/1294
f 74/1295 72/1302 349/1296
f 72/1302 328/1303 349/1296
f 349/1296 328/1303 350/1297
f 328/1303 327/1304 350/1297
f 350/1297 327/1304 351/1298
f 327/1304 326/1305 351/1298
f 351/1298 326/1305 352/1299
f 326/1305 325/1306 352/1299
f 352/1299 325/1306 353/1300
f 325/1306 318/1307 353/1300
f 353/1300 318/1307 320/1301
f 318/1307 319/1308 320/1301
f 103/1309 478/1310 117/1311
f 478/1310 490/1312 117/1311
f 478/1310 476/1313 490/1312
f 476/1313 477/1314 490/1312
f 490/1312 477/1314 489/1315
f 477/1314 474/1316 489/1315
f 474/1316 475/1317 489/1315
f 489/1315 475/1317 488/1318
f 475/1317 472/1319 488/1318
f 472/1319 473/1320 488/1318
f 488/1318 473/1320 487/1321
f 473/1320 470/1322 487/1321
f 470/1322 471/1323 487/1321
f 487/1321 471/1323 486/1324
f 467/1325 485/1326 469/1327
f 485/1326 486/1324 469/1327
f 469/1327 486/1324 468/1328
f 486/1324 471/1323 468/1328
f 72/1329 109/1330 542/1331
f 72/1329 542/1331 328/1332
f 542/1331 541/1333 328/1332
f 328/1332 541/1333 327/1334
f 541/1333 540/1335 327/1334
f 327/1334 540/1335 326/1336
f 540/1335 539/1337 326/1336
f 326/1336 539/1337 325/1338
f 539/1337 538/1339 325/1338
f 325/1338 538/1339 318/1340
f 538/1339 537/1341 318/1340
f 318/1340 537/1341 319/1342
f 109/1302 123/1343 542/1303
f 123/1343 543/1344 542/1303
f 542/1303 543/1344 541/1304
f 543/1344 544/1345 541/1304
f 541/1304 544/1345 540/1305
f 544/1345 545/1346 540/1305
f 540/1305 545/1346 539/1306
f 545/1346 546/1347 539/1306
f 539/1306 546/1347 538/1307
f 546/1347 547/1348 538/1307
f 538/1307 547/1348 537/1308
f 547/1348 536/1349 537/1308
f 123/1343 121/1350 543/1344
f 121/1350 548/1351 543/1344
f 543/1344 548/1351 544/1345
f 548/1351 549/1352 544/1345
f 544/1345 549/1352 545/1346
f 549/1352 550/1353 545/1346
f 545/1346 550/1353 546/1347
f 550/1353 551/1354 546/1347
f 546/1347 551/1354 547/1348
f 551/1354 552/1355 547/1348
f 547/1348 552/1355 536/1349
f 552/1355 535/1356 536/1349
f 121/1350 120/1357 548/1351
f 120/1357 553/1358 548/1351
f 548/1351 553/1358 549/1352
f 553/1358 554/1359 549/1352
f 549/1352 554/1359 550/1353
f 554/1359 555/1360 550/1353
f 550/1353 555/1360 551/1354
f 555/1360 556/1361 551/1354
f 551/1354 556/1361 552/1355
f 556/1361 557/1362 552/1355
f 552/1355 557/1362 535/1356
f 557/1362 534/1363 535/1356
f 120/1357 131/1364 553/1358
f 131/1364 558/1365 553/1358
f 553/1358 558/1365 554/1359
f 558/1365 559/1366 554/1359
f 554/1359 559/1366 555/1360
f 559/1366 560/1367 555/1360
f 555/1360 560/1367 556/1361
f 560/1367 561/1368 556/1361
f 556/1361 561/1368 557/1362
f 561/1368 562/1369 557/1362
f 557/1362 562/1369 534/1363
f 562/1369 533/1370 534/1363
f 131/1364 130/1371 558/1365
f 130/1371 563/1372 558/1365
f 558/1365 563/1372 559/1366
f 563/1372 564/1373 559/1366
f 559/1366 564/1373 560/1367
f 564/1373 565/1374 560/1367
f 560/1367 565/1374 561/1368
f 565/1374 566/1375 561/1368
f 561/1368 566/1375 562/1369
f 566/1375 567/1376 562/1369
f 562/1369 567/1376 533/1370
f 567/1376 532/1377 533/1370
f 130/1371 117/1239 563/1372
f 117/1239 490/1378 563/1372
f 563/1372 490/1378 564/1373
f 490/1378 489/1379 564/1373
f 564/1373 489/1379 565/1374
f 489/1379 488/1231 565/1374
f 565/1374 488/1231 566/1375
f 488/1231 487/1380 566/1375
f 566/1375 487/1380 567/1376
f 487/1380 486/1381 567/1376
f 567/1376 486/1381 532/1377
f 486/1381 485/1254 532/1377
f 924/1382 920/1383 927/1384
f 918/1385 919/1386 920/1383
f 927/1384 938/1387 924/1382
f 938/1387 947/1388 924/1382
f 924/1382 947/1388 950/1389
f 920/1383 919/1386 927/1384
f 919/1386 921/1390 927/1384
f 927/1384 921/1390 929/1391
f 950/1389 949/1392 924/1382
f 949/1392 944/1393 924/1382
f 924/1382 944/1393 945/1394
f 945/1394 942/1395 924/1382
f 942/1395 943/1396 924/1382
f 924/1382 943/1396 951/1397
f 911/1398 920/1383 913/1399
f 920/1383 915/1400 913/1399
f 936/1401 935/1402 933/1403
f 938/1387 948/1404 947/1388
f 948/1404 940/1405 947/1388
f 947/1388 940/1405 939/1406
f 940/1405 941/1407 939/1406
f 939/1406 941/1407 946/1408
f 911/1398 916/1409 920/1383
f 916/1409 917/1410 920/1383
f 920/1383 917/1410 918/1385
f 936/1401 933/1403 921/1390
f 933/1403 931/1411 921/1390
f 921/1390 931/1411 929/1391
f 1403/1412 1404/1413 1402/1414
f 1404/1413 1405/1415 1402/1414
f 1229/1416 1279/1417 1228/1418
f 1279/1417 1280/1419 1228/1418
f 1872/1420 1861/1421 1854/1422
f 1866/1423 1860/1424 1863/1425
f 1860/1424 1864/1426 1863/1425
f 1872/1420 1854/1422 1870/1427
f 1856/1428 1868/1429 1855/1430
f 1868/1429 1870/1427 1855/1430
f 1855/1430 1870/1427 1853/1431
f 1870/1427 1854/1422 1853/1431
f 1856/1428 1857/1432 1868/1429
f 1857/1432 1858/1433 1868/1429
f 1868/1429 1858/1433 1866/1423
f 1858/1433 1859/1434 1866/1423
f 1866/1423 1859/1434 1860/1424
f 1839/1435 1838/1436 1844/1437
f 1838/1436 1843/1438 1844/1437
f 1832/1439 1834/1440 1841/1441
f 1834/1440 1840/1442 1841/1441
f 1832/1439 1841/1441 1833/1443
f 1841/1441 1842/1444 1833/1443
f 1833/1443 1842/1444 1845/1445
f 1834/1440 1835/1446 1840/1442
f 1835/1446 1836/1447 1840/1442
f 1840/1442 1836/1447 1839/1435
f 1836/1447 1837/1448 1839/1435
f 1839/1435 1837/1448 1838/1436
f 1820/1449 1838/1450 1821/1451
f 1838/1450 1837/1452 1821/1451
f 1821/1451 1837/1452 1829/1453
f 1837/1452 1836/1454 1829/1453
f 1829/1453 1836/1454 1827/1455
f 1836/1454 1835/1456 1827/1455
f 1827/1455 1835/1456 1828/1457
f 1835/1456 1834/1458 1828/1457
f 1828/1457 1834/1458 1831/1459
f 1834/1458 1832/1460 1831/1459
f 1831/1459 1832/1460 1826/1461
f 1832/1460 1833/1462 1826/1461
f 1819/1463 1860/1464 1822/1465
f 1860/1464 1859/1466 1822/1465
f 1822/1465 1859/1466 1825/1467
f 1859/1466 1858/1468 1825/1467
f 1825/1467 1858/1468 1823/1469
f 1858/1468 1857/1470 1823/1469
f 1823/1469 1857/1470 1824/1471
f 1857/1470 1856/1472 1824/1471
f 1824/1471 1856/1472 1830/1473
f 1856/1472 1855/1474 1830/1473
f 1830/1473 1855/1474 1817/1475
f 1855/1474 1853/1476 1817/1475
f 1817/1475 1853/1476 1818/1449
f 1853/1476 1854/1450 1818/1449
f 642/1477 643/1478 595/1479
f 643/1478 619/1480 595/1479
f 595/1479 619/1480 596/1481
f 619/1480 620/1482 596/1481
f 596/1481 620/1482 597/1483
f 620/1482 621/1484 597/1483
f 597/1483 621/1484 598/1485
f 621/1484 622/1486 598/1485
f 598/1485 622/1486 599/1487
f 622/1486 623/1488 599/1487
f 599/1487 623/1488 600/1489
f 623/1488 624/1490 600/1489
f 600/1489 624/1490 601/1491
f 624/1490 625/1492 601/1491
f 601/1491 625/1492 602/1493
f 625/1492 626/1494 602/1493
f 602/1493 626/1494 603/1495
f 626/1494 627/1496 603/1495
f 603/1495 627/1496 604/1497
f 627/1496 628/1498 604/1497
f 604/1497 628/1498 605/1499
f 628/1498 629/1500 605/1499
f 605/1499 629/1500 606/1501
f 629/1500 630/1502 606/1501
f 606/1501 630/1502 607/1503
f 630/1502 631/1504 607/1503
f 607/1503 631/1504 608/1505
f 631/1504 632/1506 608/1505
f 608/1505 632/1506 609/1507
f 632/1506 633/1508 609/1507
f 609/1507 633/1508 610/1509
f 633/1508 634/1510 610/1509
f 610/1509 634/1510 611/1511
f 634/1510 635/1512 611/1511
f 611/1511 635/1512 612/1513
f 635/1512 636/1514 612/1513
f 612/1513 636/1514 613/1515
f 636/1514 637/1516 613/1515
f 613/1515 637/1516 614/1517
f 637/1516 638/1518 614/1517
f 614/1517 638/1518 615/1519
f 638/1518 639/1520 615/1519
f 615/1519 639/1520 616/1521
f 639/1520 640/1522 616/1521
f 616/1521 640/1522 617/1523
f 640/1522 641/1524 617/1523
f 617/1523 641/1524 618/1525
f 641/1524 642/1477 618/1525
f 618/1525 642/1477 595/1479
f 1422/1526 1431/1527 1421/1528
f 1431/1527 1435/1529 1421/1528
f 1421/1528 1435/1529 1420/1530
f 1435/1529 1446/1531 1420/1530
f 1420/1530 1446/1531 1419/1532
f 1446/1531 1447/1533 1419/1532
f 1419/1532 1447/1533 1418/1534
f 1447/1533 1448/1535 1418/1534
f 1418/1534 1448/1535 1417/1536
f 1448/1535 1436/1537 1417/1536
f 1417/1536 1436/1537 1416/1538
f 1436/1537 1437/1539 1416/1538
f 1416/1538 1437/1539 1415/1540
f 1437/1539 1438/1541 1415/1540
f 1415/1540 1438/1541 1414/1542
f 1438/1541 1439/1543 1414/1542
f 1414/1542 1439/1543 1413/1544
f 1439/1543 1449/1545 1413/1544
f 1413/1544 1449/1545 1412/1546
f 1449/1545 1440/1547 1412/1546
f 1412/1546 1440/1547 1411/1548
f 1440/1547 1432/1549 1411/1548
f 1411/1548 1432/1549 1410/1550
f 1432/1549 1433/1551 1410/1550
f 1410/1550 1433/1551 1409/1552
f 1433/1551 1441/1553 1409/1552
f 1409/1552 1441/1553 1408/1554
f 1441/1553 1450/1555 1408/1554
f 1408/1554 1450/1555 1406/1556
f 1450/1555 1451/1557 1406/1556
f 1406/1556 1451/1557 1407/1558
f 1451/1557 1442/1559 1407/1558
f 1407/1558 1442/1559 1429/1560
f 1442/1559 1443/1561 1429/1560
f 1429/1560 1443/1561 1428/1562
f 1443/1561 1444/1563 1428/1562
f 1428/1562 1444/1563 1427/1564
f 1444/1563 1445/1565 1427/1564
f 1427/1564 1445/1565 1426/1566
f 1445/1565 1452/1567 1426/1566
f 1426/1566 1452/1567 1425/1568
f 1452/1567 1453/1569 1425/1568
f 1425/1568 1453/1569 1424/1570
f 1453/1569 1434/1571 1424/1570
f 1424/1570 1434/1571 1423/1572
f 1434/1571 1430/1573 1423/1572
f 1423/1572 1430/1573 1422/1526
f 1430/1573 1431/1527 1422/1526
f 22/1574 23/1575 25/1342
f 23/1575 24/1576 25/1342
f 25/1342 24/1576 1/1577
f 19/1578 20/1579 25/1342
f 20/1579 21/1511 25/1342
f 25/1342 21/1511 22/1574
f 16/1580 17/1581 25/1342
f 17/1581 18/1582 25/1342
f 25/1342 18/1582 19/1578
f 13/1583 14/1584 25/1342
f 14/1584 15/1585 25/1342
f 25/1342 15/1585 16/1580
f 10/1586 11/1587 25/1342
f 11/1587 12/1588 25/1342
f 25/1342 12/1588 13/1583
f 7/1589 8/1590 25/1342
f 8/1590 9/1591 25/1342
f 25/1342 9/1591 10/1586
f 4/1592 5/1495 25/1342
f 5/1495 6/1593 25/1342
f 25/1342 6/1593 7/1589
f 1/1577 2/1594 25/1342
f 2/1594 3/1595 25/1342
f 25/1342 3/1595 4/1592
f 583/1596 581/1597 645/1598
f 581/1597 582/1599 645/1598
f 645/1598 582/1599 644/1600
f 582/1599 580/1601 644/1600
f 644/1600 580/1601 657/1602
f 580/1601 579/1603 657/1602
f 657/1602 579/1603 650/1604
f 579/1603 578/1605 650/1604
f 650/1604 578/1605 651/1606
f 578/1605 577/1607 651/1606
f 651/1606 577/1607 665/1608
f 577/1607 576/1609 665/1608
f 665/1608 576/1609 658/1610
f 576/1609 575/1611 658/1610
f 658/1610 575/1611 659/1612
f 575/1611 574/1613 659/1612
f 659/1612 574/1613 666/1614
f 574/1613 573/1615 666/1614
f 666/1614 573/1615 652/1616
f 573/1615 572/1617 652/1616
f 652/1616 572/1617 653/1618
f 572/1617 571/1619 653/1618
f 653/1618 571/1619 660/1620
f 571/1619 570/1621 660/1620
f 660/1620 570/1621 667/1622
f 570/1621 594/1623 667/1622
f 667/1622 594/1623 661/1624
f 594/1623 593/1625 661/1624
f 661/1624 593/1625 662/1626
f 593/1625 592/1627 662/1626
f 662/1626 592/1627 654/1628
f 592/1627 591/1629 654/1628
f 654/1628 591/1629 646/1630
f 591/1629 590/1631 646/1630
f 646/1630 590/1631 647/1632
f 590/1631 589/1633 647/1632
f 647/1632 589/1633 655/1634
f 589/1633 588/1635 655/1634
f 655/1634 588/1635 656/1636
f 588/1635 587/1637 656/1636
f 656/1636 587/1637 663/1638
f 587/1637 586/1639 663/1638
f 663/1638 586/1639 664/1640
f 586/1639 585/1641 664/1640
f 664/1640 585/1641 648/1642
f 585/1641 584/1643 648/1642
f 648/1642 584/1643 649/1644
f 584/1643 583/1596 649/1644
f 649/1644 583/1596 645/1598
f 1556/1645 1557/1646 1588/1647
f 1557/1646 1559/1648 1588/1647
f 1588/1647 1559/1648 1595/1649
f 1559/1648 1558/1650 1595/1649
f 1595/1649 1558/1650 1596/1651
f 1558/1650 1560/1652 1596/1651
f 1596/1651 1560/1652 1597/1653
f 1560/1652 1561/1654 1597/1653
f 1597/1653 1561/1654 1600/1655
f 1561/1654 1562/1656 1600/1655
f 1600/1655 1562/1656 1585/1657
f 1562/1656 1563/1658 1585/1657
f 1585/1657 1563/1658 1580/1659
f 1563/1658 1564/1660 1580/1659
f 1580/1659 1564/1660 1581/1661
f 1564/1660 1565/1662 1581/1661
f 1581/1661 1565/1662 1589/1663
f 1565/1662 1566/1664 1589/1663
f 1589/1663 1566/1664 1598/1665
f 1566/1664 1567/1666 1598/1665
f 1598/1665 1567/1666 1599/1667
f 1567/1666 1568/1668 1599/1667
f 1599/1667 1568/1668 1590/1669
f 1568/1668 1569/1670 1590/1669
f 1590/1669 1569/1670 1591/1671
f 1569/1670 1570/1672 1591/1671
f 1591/1671 1570/1672 1582/1673
f 1570/1672 1571/1674 1582/1673
f 1582/1673 1571/1674 1583/1675
f 1571/1674 1572/1676 1583/1675
f 1583/1675 1572/1676 1586/1677
f 1572/1676 1573/1678 1586/1677
f 1586/1677 1573/1678 1587/1679
f 1573/1678 1574/1680 1587/1679
f 1587/1679 1574/1680 1579/1681
f 1574/1680 1575/1682 1579/1681
f 1579/1681 1575/1682 1577/1683
f 1575/1682 1576/1684 1577/1683
f 1577/1683 1576/1684 1578/1685
f 1576/1684 1553/1686 1578/1685
f 1578/1685 1553/1686 1584/1687
f 1553/1686 1552/1688 1584/1687
f 1584/1687 1552/1688 1592/1689
f 1552/1688 1554/1690 1592/1689
f 1592/1689 1554/1690 1593/1691
f 1554/1690 1555/1692 1593/1691
f 1593/1691 1555/1692 1594/1693
f 1555/1692 1556/1645 1594/1693
f 1594/1693 1556/1645 1588/1647
f 1547/1592 1548/1595 1551/1342
f 1548/1595 1549/1594 1551/1342
f 1551/1342 1549/1594 1550/1577
f 1544/1589 1545/1593 1551/1342
f 1545/1593 1546/1495 1551/1342
f 1551/1342 1546/1495 1547/1592
f 1541/1586 1542/1591 1551/1342
f 1542/1591 1543/1590 1551/1342
f 1551/1342 1543/1590 1544/1589
f 1538/1583 1539/1588 1551/1342
f 1539/1588 1540/1587 1551/1342
f 1551/1342 1540/1587 1541/1586
f 1535/1580 1536/1585 1551/1342
f 1536/1585 1537/1584 1551/1342
f 1551/1342 1537/1584 1538/1583
f 1532/1578 1533/1582 1551/1342
f 1533/1582 1534/1581 1551/1342
f 1551/1342 1534/1581 1535/1580
f 1529/1574 1530/1511 1551/1342
f 1530/1511 1531/1579 1551/1342
f 1551/1342 1531/1579 1532/1578
f 1550/1577 1527/1576 1551/1342
f 1527/1576 1528/1575 1551/1342
f 1551/1342 1528/1575 1529/1574
f 655/1694 669/1695 647/1696
f 669/1695 670/1697 647/1696
f 647/1696 670/1697 646/1698
f 670/1697 671/1699 646/1698
f 646/1698 671/1699 654/1700
f 671/1699 672/1701 654/1700
f 654/1700 672/1701 662/1702
f 672/1701 673/1703 662/1702
f 662/1702 673/1703 661/1704
f 673/1703 674/1705 661/1704
f 661/1704 674/1705 667/1706
f 674/1705 675/1707 667/1706
f 667/1706 675/1707 660/1708
f 675/1707 676/1709 660/1708
f 660/1708 676/1709 653/1710
f 676/1709 677/1711 653/1710
f 653/1710 677/1711 652/1712
f 677/1711 678/1713 652/1712
f 652/1712 678/1713 666/1714
f 678/1713 679/1715 666/1714
f 666/1714 679/1715 659/1716
f 679/1715 680/1717 659/1716
f 659/1716 680/1717 658/1718
f 680/1717 681/1719 658/1718
f 658/1718 681/1719 665/1720
f 681/1719 682/1721 665/1720
f 665/1720 682/1721 651/1722
f 682/1721 683/1723 651/1722
f 651/1722 683/1723 650/1724
f 683/1723 684/1725 650/1724
f 650/1724 684/1725 657/1726
f 684/1725 685/1727 657/1726
f 657/1726 685/1727 644/1728
f 685/1727 686/1729 644/1728
f 644/1728 686/1729 645/1730
f 686/1729 687/1731 645/1730
f 645/1730 687/1731 649/1732
f 687/1731 688/1733 649/1732
f 649/1732 688/1733 648/1734
f 688/1733 689/1735 648/1734
f 648/1734 689/1735 664/1736
f 689/1735 690/1737 664/1736
f 664/1736 690/1737 663/1738
f 690/1737 691/1739 663/1738
f 663/1738 691/1739 656/1740
f 691/1739 668/1741 656/1740
f 656/1740 668/1741 655/1742
f 668/1741 669/1743 655/1742
f 2077/1744 2092/1745 2064/18
f 2092/1745 2076/1746 2064/18
f 2064/18 2076/1746 2061/16
f 2076/1746 2075/1747 2061/16
f 2061/16 2075/1747 2060/14
f 2075/1747 2074/1748 2060/14
f 2060/14 2074/1748 2067/12
f 2074/1748 2073/1749 2067/12
f 2067/12 2073/1749 2059/10
f 2073/1749 2072/1750 2059/10
f 2059/10 2072/1750 2058/8
f 2072/1750 2071/1751 2058/8
f 2058/8 2071/1751 2065/6
f 2071/1751 2070/1752 2065/6
f 2065/6 2070/1752 2062/4
f 2070/1752 2069/1753 2062/4
f 2062/4 2069/1753 2063/2
f 2069/1753 2068/1754 2063/2
f 2063/2 2068/1754 2057/1755
f 2068/1754 2091/1756 2057/1755
f 2057/1755 2091/1756 2053/1757
f 2091/1756 2090/1758 2053/1757
f 2053/1757 2090/1758 2054/1759
f 2090/1758 2089/1760 2054/1759
f 2054/1759 2089/1760 2051/1761
f 2089/1760 2088/1762 2051/1761
f 2051/1761 2088/1762 2048/1763
f 2088/1762 2087/1764 2048/1763
f 2048/1763 2087/1764 2049/1765
f 2087/1764 2086/1766 2049/1765
f 2049/1765 2086/1766 2050/1767
f 2086/1766 2085/1768 2050/1767
f 2050/1767 2085/1768 2047/1769
f 2085/1768 2084/1770 2047/1769
f 2047/1769 2084/1770 2052/1771
f 2084/1770 2083/1772 2052/1771
f 2052/1771 2083/1772 2045/1773
f 2083/1772 2082/1774 2045/1773
f 2045/1773 2082/1774 2046/1775
f 2082/1774 2081/1776 2046/1775
f 2046/1775 2081/1776 2044/1777
f 2081/1776 2080/1778 2044/1777
f 2044/1777 2080/1778 2056/1779
f 2080/1778 2079/1780 2056/1779
f 2056/1779 2079/1780 2055/1781
f 2079/1780 2078/1782 2055/1781
f 2055/1781 2078/1782 2066/1783
f 2078/1782 2077/1784 2066/1783
f 2066/1783 2077/1784 2064/1785
f 2092/1786 2077/1787 2093/1788
f 2074/1789 2075/1790 2093/1788
f 2075/1790 2076/1791 2093/1788
f 2093/1788 2076/1791 2092/1786
f 2071/1792 2072/1793 2093/1788
f 2072/1793 2073/1794 2093/1788
f 2093/1788 2073/1794 2074/1789
f 2068/1795 2069/1796 2093/1788
f 2069/1796 2070/1797 2093/1788
f 2093/1788 2070/1797 2071/1792
f 2089/1798 2090/1799 2093/1788
f 2090/1799 2091/1800 2093/1788
f 2093/1788 2091/1800 2068/1795
f 2086/1801 2087/1802 2093/1788
f 2087/1802 2088/1803 2093/1788
f 2093/1788 2088/1803 2089/1798
f 2083/1804 2084/1805 2093/1788
f 2084/1805 2085/1806 2093/1788
f 2093/1788 2085/1806 2086/1801
f 2080/1807 2081/1808 2093/1788
f 2081/1808 2082/1809 2093/1788
f 2093/1788 2082/1809 2083/1804
f 2077/1787 2078/1810 2093/1788
f 2078/1810 2079/1811 2093/1788
f 2093/1788 2079/1811 2080/1807
f 1997/1812 2106/1813 1996/1814
f 2106/1813 2107/1815 1996/1814
f 1996/1814 2107/1815 1994/1816
f 2107/1815 2108/1817 1994/1816
f 1994/1816 2108/1817 1995/1818
f 2108/1817 2109/1819 1995/1818
f 1995/1818 2109/1819 2009/1820
f 2109/1819 2110/1821 2009/1820
f 2009/1820 2110/1821 2003/1822
f 2110/1821 2111/1823 2003/1822
f 2003/1822 2111/1823 1999/1824
f 2111/1823 2112/1825 1999/1824
f 1999/1824 2112/1825 2000/1826
f 2112/1825 2113/1827 2000/1826
f 2000/1826 2113/1827 1993/1828
f 2113/1827 2114/1829 1993/1828
f 1993/1828 2114/1829 1991/1830
f 1991/1830 2114/1829 1992/1831
f 2114/1829 2115/1832 1992/1831
f 1992/1831 2115/1832 1998/1833
f 2115/1832 2116/1834 1998/1833
f 1998/1833 2116/1834 2008/1835
f 2116/1834 2117/1836 2008/1835
f 2008/1835 2117/1836 2013/1837
f 2117/1836 2118/1838 2013/1837
f 2013/1837 2118/1838 2011/1839
f 2118/1838 2094/1840 2011/1839
f 2011/1839 2094/1840 2012/1841
f 2094/1840 2095/1842 2012/1841
f 2012/1841 2095/1842 2014/1843
f 2095/1842 2096/1844 2014/1843
f 2014/1843 2096/1844 2010/1845
f 2096/1844 2097/1846 2010/1845
f 2010/1845 2097/1846 2007/1847
f 2097/1846 2098/1848 2007/1847
f 2007/1847 2098/1848 2016/1849
f 2098/1848 2099/1850 2016/1849
f 2016/1849 2099/1850 2017/1851
f 2099/1850 2100/1852 2017/1851
f 2017/1851 2100/1852 2002/1853
f 2100/1852 2101/1854 2002/1853
f 2002/1853 2101/1854 2001/1855
f 2101/1854 2102/1856 2001/1855
f 2001/1855 2102/1856 2005/1857
f 2102/1856 2103/1858 2005/1857
f 2005/1857 2103/1858 2004/1859
f 2103/1858 2104/1860 2004/1859
f 2004/1859 2104/1860 1997/1861
f 2104/1860 2105/1862 1997/1861
f 1997/1861 2105/1862 2106/1863
f 2105/1864 2104/1865 2119/1866
f 2108/1867 2107/1868 2119/1866
f 2107/1868 2106/1869 2119/1866
f 2119/1866 2106/1869 2105/1864
f 2111/1870 2110/1871 2119/1866
f 2110/1871 2109/1872 2119/1866
f 2119/1866 2109/1872 2108/1867
f 2114/1873 2113/1874 2119/1866
f 2113/1874 2112/1875 2119/1866
f 2119/1866 2112/1875 2111/1870
f 2117/1876 2116/1877 2119/1866
f 2116/1877 2115/1878 2119/1866
f 2119/1866 2115/1878 2114/1873
f 2095/1879 2094/1880 2119/1866
f 2094/1880 2118/1881 2119/1866
f 2119/1866 2118/1881 2117/1876
f 2098/1882 2097/1883 2119/1866
f 2097/1883 2096/1884 2119/1866
f 2119/1866 2096/1884 2095/1879
f 2101/1885 2100/1886 2119/1866
f 2100/1886 2099/1887 2119/1866
f 2119/1866 2099/1887 2098/1882
f 2104/1865 2103/1888 2119/1866
f 2103/1888 2102/1889 2119/1866
f 2119/1866 2102/1889 2101/1885
f 712/1890 716/1891 668/1892
f 716/1891 713/1893 668/1892
f 668/1892 713/1893 669/1894
f 713/1893 714/1895 669/1894
f 669/1894 714/1895 670/1896
f 714/1895 715/1897 670/1896
f 670/1896 715/1897 671/1898
f 715/1897 703/1899 671/1898
f 671/1898 703/1899 672/1900
f 703/1899 694/1901 672/1900
f 672/1900 694/1901 673/1902
f 694/1901 695/1903 673/1902
f 673/1902 695/1903 674/1904
f 695/1903 692/1905 674/1904
f 674/1904 692/1905 675/1906
f 692/1905 693/1907 675/1906
f 675/1906 693/1907 676/1908
f 693/1907 696/1909 676/1908
f 676/1908 696/1909 677/1910
f 696/1909 697/1911 677/1910
f 677/1910 697/1911 678/1912
f 697/1911 698/1913 678/1912
f 678/1912 698/1913 679/1914
f 698/1913 704/1915 679/1914
f 679/1914 704/1915 680/1916
f 704/1915 708/1917 680/1916
f 680/1916 708/1917 681/1918
f 708/1917 709/1919 681/1918
f 681/1918 709/1919 682/1920
f 709/1919 699/1921 682/1920
f 682/1920 699/1921 683/1922
f 699/1921 700/1923 683/1922
f 683/1922 700/1923 684/1924
f 700/1923 701/1925 684/1924
f 684/1924 701/1925 685/1926
f 701/1925 702/1927 685/1926
f 685/1926 702/1927 686/1928
f 702/1927 705/1929 686/1928
f 686/1928 705/1929 687/1930
f 705/1929 706/1931 687/1930
f 687/1930 706/1931 688/1932
f 706/1931 707/1933 688/1932
f 688/1932 707/1933 689/1934
f 707/1933 710/1935 689/1934
f 689/1934 710/1935 690/1936
f 710/1935 711/1937 690/1936
f 690/1936 711/1937 691/1938
f 711/1937 712/1890 691/1938
f 691/1938 712/1890 668/1892
f 261/1939 263/1940 275/1941
f 262/1942 265/1943 276/1944
f 264/1945 266/1946 277/1947
f 268/1948 270/1949 278/1950
f 107/1951 71/1952 279/1953
f 71/1952 280/1954 279/1953
f 279/1953 280/1954 281/1955
f 280/1954 282/1956 281/1955
f 281/1955 282/1956 283/1957
f 282/1956 284/1958 283/1957
f 283/1957 284/1958 285/1959
f 284/1958 286/1960 285/1959
f 285/1959 286/1960 287/1961
f 286/1960 277/1947 287/1961
f 94/1962 93/1963 251/1964
f 93/1963 288/1965 251/1964
f 251/1964 288/1965 250/1966
f 288/1965 289/1967 250/1966
f 250/1966 289/1967 249/1968
f 289/1967 290/1969 249/1968
f 249/1968 290/1969 248/1970
f 290/1969 291/1971 248/1970
f 248/1970 291/1971 246/1972
f 291/1971 278/1950 246/1972
f 246/1972 278/1950 247/1973
f 278/1950 270/1949 247/1973
f 269/1974 268/1948 287/1961
f 268/1948 278/1950 287/1961
f 287/1961 278/1950 285/1959
f 278/1950 291/1971 285/1959
f 285/1959 291/1971 283/1957
f 291/1971 290/1969 283/1957
f 283/1957 290/1969 281/1955
f 290/1969 289/1967 281/1955
f 281/1955 289/1967 279/1953
f 289/1967 288/1965 279/1953
f 279/1953 288/1965 107/1951
f 288/1965 93/1963 107/1951
f 277/1947 266/1946 287/1961
f 266/1946 267/1975 287/1961
f 287/1961 267/1975 269/1974
f 265/1943 264/1945 276/1944
f 264/1945 277/1947 276/1944
f 276/1944 277/1947 292/1976
f 277/1947 286/1960 292/1976
f 292/1976 286/1960 293/1977
f 286/1960 284/1958 293/1977
f 293/1977 284/1958 294/1978
f 284/1958 282/1956 294/1978
f 294/1978 282/1956 295/1979
f 282/1956 280/1954 295/1979
f 295/1979 280/1954 92/1980
f 280/1954 71/1952 92/1980
f 263/1940 262/1942 275/1941
f 262/1942 276/1944 275/1941
f 275/1941 276/1944 296/1981
f 276/1944 292/1976 296/1981
f 296/1981 292/1976 297/1982
f 292/1976 293/1977 297/1982
f 297/1982 293/1977 298/1983
f 293/1977 294/1978 298/1983
f 298/1983 294/1978 299/1984
f 294/1978 295/1979 299/1984
f 299/1984 295/1979 91/1985
f 295/1979 92/1980 91/1985
f 260/1986 261/1939 300/1987
f 261/1939 275/1941 300/1987
f 300/1987 275/1941 301/1988
f 275/1941 296/1981 301/1988
f 301/1988 296/1981 302/1989
f 296/1981 297/1982 302/1989
f 302/1989 297/1982 303/1990
f 297/1982 298/1983 303/1990
f 303/1990 298/1983 304/1991
f 298/1983 299/1984 304/1991
f 304/1991 299/1984 106/1992
f 299/1984 91/1985 106/1992
f 106/1992 134/1993 304/1991
f 134/1993 274/1994 304/1991
f 304/1991 274/1994 303/1990
f 274/1994 273/1995 303/1990
f 303/1990 273/1995 302/1989
f 273/1995 272/1996 302/1989
f 302/1989 272/1996 301/1988
f 272/1996 271/1997 301/1988
f 301/1988 271/1997 300/1987
f 271/1997 258/1998 300/1987
f 300/1987 258/1998 260/1986
f 258/1998 259/1999 260/1986
f 400/1246 402/1247 403/2000
f 402/1247 63/1238 62/2001
f 402/1247 62/2001 403/2000
f 62/2001 78/2002 403/2000
f 403/2000 78/2002 404/2003
f 78/2002 77/2004 404/2003
f 404/2003 77/2004 405/2005
f 77/2004 60/2006 405/2005
f 405/2005 60/2006 406/2007
f 60/2006 59/2008 406/2007
f 406/2007 59/2008 407/2009
f 59/2008 127/2010 407/2009
f 407/2009 127/2010 408/2011
f 127/2010 114/2012 408/2011
f 408/2011 114/2012 409/2013
f 114/2012 113/2014 409/2013
f 409/2013 113/2014 245/2015
f 398/1234 401/1245 410/2016
f 401/1245 400/1246 410/2016
f 400/1246 403/2000 410/2016
f 403/2000 404/2003 410/2016
f 410/2016 404/2003 411/2017
f 404/2003 405/2005 411/2017
f 411/2017 405/2005 412/2018
f 405/2005 406/2007 412/2018
f 412/2018 406/2007 413/2019
f 406/2007 407/2009 413/2019
f 413/2019 407/2009 414/2020
f 407/2009 408/2011 414/2020
f 414/2020 408/2011 415/2021
f 408/2011 409/2013 415/2021
f 415/2021 409/2013 416/2022
f 409/2013 245/2015 416/2022
f 416/2022 245/2015 244/2023
f 396/1229 399/1235 417/2024
f 399/1235 398/1234 417/2024
f 398/1234 410/2016 417/2024
f 410/2016 411/2017 417/2024
f 417/2024 411/2017 418/2025
f 411/2017 412/2018 418/2025
f 418/2025 412/2018 419/2026
f 412/2018 413/2019 419/2026
f 419/2026 413/2019 420/2027
f 413/2019 414/2020 420/2027
f 420/2027 414/2020 421/2028
f 414/2020 415/2021 421/2028
f 421/2028 415/2021 422/2029
f 415/2021 416/2022 422/2029
f 422/2029 416/2022 423/2030
f 416/2022 244/2023 423/2030
f 423/2030 244/2023 243/2031
f 394/1248 397/1230 424/2032
f 397/1230 396/1229 424/2032
f 396/1229 417/2024 424/2032
f 417/2024 418/2025 424/2032
f 424/2032 418/2025 425/2033
f 418/2025 419/2026 425/2033
f 425/2033 419/2026 426/2034
f 419/2026 420/2027 426/2034
f 426/2034 420/2027 427/2035
f 420/2027 421/2028 427/2035
f 427/2035 421/2028 428/2036
f 421/2028 422/2029 428/2036
f 428/2036 422/2029 429/2037
f 422/2029 423/2030 429/2037
f 429/2037 423/2030 430/2038
f 423/2030 243/2031 430/2038
f 430/2038 243/2031 242/2039
f 392/1257 395/1256 431/2040
f 395/1256 394/1248 431/2040
f 394/1248 424/2032 431/2040
f 424/2032 425/2033 431/2040
f 431/2040 425/2033 432/2041
f 425/2033 426/2034 432/2041
f 432/2041 426/2034 433/2042
f 426/2034 427/2035 433/2042
f 433/2042 427/2035 434/2043
f 427/2035 428/2036 434/2043
f 434/2043 428/2036 435/2044
f 428/2036 429/2037 435/2044
f 435/2044 429/2037 436/2045
f 429/2037 430/2038 436/2045
f 436/2045 430/2038 437/2046
f 430/2038 242/2039 437/2046
f 437/2046 242/2039 241/2047
f 391/1259 393/1258 438/2048
f 393/1258 392/1257 438/2048
f 392/1257 431/2040 438/2048
f 431/2040 432/2041 438/2048
f 438/2048 432/2041 439/2049
f 432/2041 433/2042 439/2049
f 439/2049 433/2042 440/2050
f 433/2042 434/2043 440/2050
f 440/2050 434/2043 441/2051
f 434/2043 435/2044 441/2051
f 441/2051 435/2044 442/2052
f 435/2044 436/2045 442/2052
f 442/2052 436/2045 443/2053
f 436/2045 437/2046 443/2053
f 443/2053 437/2046 444/2054
f 437/2046 241/2047 444/2054
f 444/2054 241/2047 240/2055
f 391/1259 438/2048 390/2056
f 438/2048 439/2049 390/2056
f 390/2056 439/2049 389/2057
f 439/2049 440/2050 389/2057
f 389/2057 440/2050 388/2058
f 440/2050 441/2051 388/2058
f 388/2058 441/2051 387/2059
f 441/2051 442/2052 387/2059
f 387/2059 442/2052 386/2060
f 442/2052 443/2053 386/2060
f 386/2060 443/2053 385/2061
f 443/2053 444/2054 385/2061
f 385/2061 444/2054 384/2062
f 444/2054 240/2055 384/2062
f 384/2062 240/2055 239/2063
f 108/2064 94/2065 232/2066
f 94/2065 251/2067 232/2066
f 232/2066 251/2067 231/2068
f 231/2068 251/2067 230/2069
f 251/2067 250/2070 230/2069
f 230/2069 250/2070 229/2071
f 229/2071 250/2070 228/2072
f 250/2070 249/2073 228/2072
f 228/2072 249/2073 227/2074
f 227/2074 249/2073 226/2075
f 249/2073 248/2076 226/2075
f 226/2075 248/2076 225/2077
f 225/2077 248/2076 224/2078
f 248/2076 246/2079 224/2078
f 224/2078 246/2079 223/2080
f 223/2080 246/2079 220/2081
f 246/2079 247/2082 220/2081
f 220/2081 247/2082 221/2083
f 113/2084 98/2085 192/2086
f 113/2084 192/2086 245/2087
f 192/2086 193/2088 245/2087
f 245/2087 193/2088 244/2089
f 193/2088 194/2090 244/2089
f 244/2089 194/2090 243/2091
f 194/2090 195/2092 243/2091
f 243/2091 195/2092 242/2093
f 195/2092 196/2094 242/2093
f 242/2093 196/2094 241/2095
f 196/2094 197/2096 241/2095
f 241/2095 197/2096 240/2097
f 197/2096 198/2098 240/2097
f 240/2097 198/2098 239/2099
f 233/2100 125/2101 108/1962
f 108/1962 232/2102 233/2100
f 232/2102 231/2103 233/2100
f 233/2100 231/2103 234/2104
f 231/2103 230/2105 234/2104
f 230/2105 229/2106 234/2104
f 234/2104 229/2106 235/2107
f 229/2106 228/2108 235/2107
f 228/2108 227/1968 235/2107
f 235/2107 227/1968 236/2109
f 227/1968 226/2110 236/2109
f 226/2110 225/2111 236/2109
f 236/2109 225/2111 237/2112
f 135/2113 125/2101 188/2114
f 125/2101 233/2100 188/2114
f 188/2114 233/2100 187/2115
f 233/2100 234/2104 187/2115
f 187/2115 234/2104 186/2116
f 234/2104 235/2107 186/2116
f 186/2116 235/2107 185/2117
f 235/2107 236/2109 185/2117
f 185/2117 236/2109 184/2118
f 236/2109 237/2112 184/2118
f 184/2118 237/2112 183/2119
f 237/2112 238/2120 183/2119
f 183/2119 238/2120 182/2121
f 238/2120 222/2122 182/2121
f 225/2111 224/2123 237/2112
f 224/2123 223/2124 237/2112
f 237/2112 223/2124 238/2120
f 223/2124 220/2125 238/2120
f 238/2120 220/2125 222/2122
f 220/2125 221/1973 222/2122
f 170/2126 201/2127 171/2128
f 201/2127 202/2129 171/2128
f 171/2128 202/2129 172/2130
f 202/2129 203/2131 172/2130
f 204/2132 175/2133 203/2131
f 175/2133 173/2134 203/2131
f 203/2131 173/2134 172/2130
f 205/2135 177/2136 204/2132
f 177/2136 174/2137 204/2132
f 204/2132 174/2137 175/2133
f 206/2138 179/2139 205/2135
f 179/2139 176/2140 205/2135
f 205/2135 176/2140 177/2136
f 207/2141 180/2142 206/2138
f 180/2142 178/2143 206/2138
f 206/2138 178/2143 179/2139
f 53/2144 55/1302 207/2141
f 55/1302 181/2145 207/2141
f 207/2141 181/2145 180/2142
f 201/2127 200/2146 202/2129
f 200/2146 208/2147 202/2129
f 202/2129 208/2147 203/2131
f 208/2147 209/2148 203/2131
f 203/2131 209/2148 204/2132
f 209/2148 210/2149 204/2132
f 204/2132 210/2149 205/2135
f 210/2149 211/2150 205/2135
f 205/2135 211/2150 206/2138
f 211/2150 212/2151 206/2138
f 206/2138 212/2151 207/2141
f 212/2151 213/2152 207/2141
f 207/2141 213/2152 53/2144
f 213/2152 52/2153 53/2144
f 200/2146 199/2154 208/2147
f 199/2154 214/2155 208/2147
f 208/2147 214/2155 209/2148
f 214/2155 215/2156 209/2148
f 209/2148 215/2156 210/2149
f 215/2156 216/2157 210/2149
f 210/2149 216/2157 211/2150
f 216/2157 217/2158 211/2150
f 211/2150 217/2158 212/2151
f 217/2158 218/2159 212/2151
f 212/2151 218/2159 213/2152
f 218/2159 219/2160 213/2152
f 213/2152 219/2160 52/2153
f 219/2160 58/2161 52/2153
f 199/2154 198/2162 214/2155
f 198/2162 197/2163 214/2155
f 214/2155 197/2163 215/2156
f 197/2163 196/2164 215/2156
f 215/2156 196/2164 216/2157
f 196/2164 195/2165 216/2157
f 216/2157 195/2165 217/2158
f 195/2165 194/2166 217/2158
f 217/2158 194/2166 218/2159
f 194/2166 193/2167 218/2159
f 218/2159 193/2167 219/2160
f 193/2167 192/2168 219/2160
f 219/2160 192/2168 58/2161
f 192/2168 98/2169 58/2161
f 138/2170 135/2171 188/2172
f 138/2170 188/2172 147/2173
f 188/2172 187/2174 147/2173
f 147/2173 187/2174 150/2175
f 187/2174 186/2176 150/2175
f 150/2175 186/2176 153/2177
f 186/2176 185/2178 153/2177
f 153/2177 185/2178 156/2179
f 185/2178 184/2180 156/2179
f 156/2179 184/2180 159/2181
f 184/2180 183/2182 159/2181
f 159/2181 183/2182 162/2183
f 183/2182 182/2184 162/2183
f 162/2183 182/2184 163/2185
f 160/2186 170/2187 158/2188
f 170/2187 171/2189 158/2188
f 158/2188 171/2189 157/2190
f 171/2189 172/2191 157/2190
f 157/2190 172/2191 155/2192
f 172/2191 173/2193 155/2192
f 155/2192 173/2193 154/2194
f 173/2193 175/2195 154/2194
f 154/2194 175/2195 152/2196
f 175/2195 174/2197 152/2196
f 152/2196 174/2197 151/2198
f 174/2197 177/2199 151/2198
f 151/2198 177/2199 149/2200
f 177/2199 176/2201 149/2200
f 149/2200 176/2201 148/2202
f 176/2201 179/2203 148/2202
f 148/2202 179/2203 146/2204
f 179/2203 178/2205 146/2204
f 146/2204 178/2205 145/2206
f 178/2205 180/2207 145/2206
f 145/2206 180/2207 144/2208
f 180/2207 181/2209 144/2208
f 144/2208 181/2209 137/2210
f 181/2209 55/2211 137/2210
f 164/2212 161/2213 160/2126
f 160/2126 158/2128 164/2212
f 158/2128 157/2130 164/2212
f 164/2212 157/2130 165/2214
f 157/2130 155/2134 165/2214
f 155/2134 154/2133 165/2214
f 165/2214 154/2133 166/2215
f 154/2133 152/2137 166/2215
f 152/2137 151/2136 166/2215
f 166/2215 151/2136 167/2216
f 151/2136 149/2140 167/2216
f 149/2140 148/2139 167/2216
f 167/2216 148/2139 168/2217
f 163/2218 161/2213 162/2219
f 161/2213 164/2212 162/2219
f 162/2219 164/2212 159/2220
f 164/2212 165/2214 159/2220
f 159/2220 165/2214 156/2221
f 165/2214 166/2215 156/2221
f 156/2221 166/2215 153/2222
f 166/2215 167/2216 153/2222
f 153/2222 167/2216 150/2223
f 167/2216 168/2217 150/2223
f 150/2223 168/2217 147/2224
f 168/2217 169/2225 147/2224
f 147/2224 169/2225 138/2226
f 169/2225 136/2227 138/2226
f 148/2139 146/2143 168/2217
f 146/2143 145/2142 168/2217
f 168/2217 145/2142 169/2225
f 145/2142 144/2145 169/2225
f 169/2225 144/2145 136/2227
f 144/2145 137/1302 136/2227
f 569/36 1253/34 1231/2228
f 1253/34 1254/2229 1231/2228
f 1231/2228 1254/2229 1232/2230
f 1254/2229 1255/2231 1232/2230
f 1232/2230 1255/2231 1233/2232
f 1255/2231 1256/2233 1233/2232
f 1233/2232 1256/2233 1234/2234
f 1256/2233 1257/2235 1234/2234
f 1234/2234 1257/2235 1235/2236
f 1257/2235 1258/2237 1235/2236
f 1235/2236 1258/2237 1236/2238
f 1258/2237 1243/2239 1236/2238
f 1253/34 1252/32 1254/2229
f 1252/32 1259/2240 1254/2229
f 1254/2229 1259/2240 1255/2231
f 1259/2240 1260/2241 1255/2231
f 1255/2231 1260/2241 1256/2233
f 1260/2241 1261/2242 1256/2233
f 1256/2233 1261/2242 1257/2235
f 1261/2242 1262/2243 1257/2235
f 1257/2235 1262/2243 1258/2237
f 1262/2243 1263/2244 1258/2237
f 1258/2237 1263/2244 1243/2239
f 1263/2244 1242/2245 1243/2239
f 1252/32 1251/30 1259/2240
f 1251/30 1264/2246 1259/2240
f 1259/2240 1264/2246 1260/2241
f 1264/2246 1265/2247 1260/2241
f 1260/2241 1265/2247 1261/2242
f 1265/2247 1266/2248 1261/2242
f 1261/2242 1266/2248 1262/2243
f 1266/2248 1267/2249 1262/2243
f 1262/2243 1267/2249 1263/2244
f 1267/2249 1268/2250 1263/2244
f 1263/2244 1268/2250 1242/2245
f 1268/2250 1241/2251 1242/2245
f 1251/30 1250/28 1264/2246
f 1250/28 1269/2252 1264/2246
f 1264/2246 1269/2252 1265/2247
f 1269/2252 1270/2253 1265/2247
f 1265/2247 1270/2253 1266/2248
f 1270/2253 1271/2254 1266/2248
f 1266/2248 1271/2254 1267/2249
f 1271/2254 1272/2255 1267/2249
f 1267/2249 1272/2255 1268/2250
f 1272/2255 1273/2256 1268/2250
f 1268/2250 1273/2256 1241/2251
f 1273/2256 1240/2257 1241/2251
f 1250/28 1249/26 1269/2252
f 1249/26 1274/2258 1269/2252
f 1269/2252 1274/2258 1270/2253
f 1274/2258 1275/2259 1270/2253
f 1270/2253 1275/2259 1271/2254
f 1275/2259 1276/2260 1271/2254
f 1271/2254 1276/2260 1272/2255
f 1276/2260 1277/2261 1272/2255
f 1272/2255 1277/2261 1273/2256
f 1277/2261 1278/2262 1273/2256
f 1273/2256 1278/2262 1240/2257
f 1278/2262 1239/2263 1240/2257
f 1249/26 1248/2065 1274/2258
f 1248/2065 1247/2264 1274/2258
f 1274/2258 1247/2264 1275/2259
f 1247/2264 1246/2265 1275/2259
f 1275/2259 1246/2265 1276/2260
f 1246/2265 1245/2266 1276/2260
f 1276/2260 1245/2266 1277/2261
f 1245/2266 1244/2267 1277/2261
f 1277/2261 1244/2267 1278/2262
f 1244/2267 1237/2268 1278/2262
f 1278/2262 1237/2268 1239/2263
f 1237/2268 1238/2269 1239/2263
f 1174/2270 1173/2271 1236/2272
f 1173/2271 1235/2273 1236/2272
f 1173/2271 1180/2274 1235/2273
f 1180/2274 1181/2275 1235/2273
f 1235/2273 1181/2275 1234/2276
f 1181/2275 1182/2277 1234/2276
f 1182/2277 1183/2278 1234/2276
f 1234/2276 1183/2278 1233/2279
f 1183/2278 1184/2280 1233/2279
f 1233/2279 1184/2280 1232/2281
f 1184/2280 1185/2282 1232/2281
f 1185/2282 1186/2283 1232/2281
f 1232/2281 1186/2283 1231/2284
f 1186/2283 1187/2285 1231/2284
f 1187/2285 1188/2286 1231/2284
f 1231/2284 1188/2286 569/2287
f 1188/2286 1189/2288 569/2287
f 569/2287 1189/2288 568/2289
f 1380/2290 1238/2291 1237/2292
f 1380/2290 1237/2292 1381/2293
f 1237/2292 1244/2294 1381/2293
f 1381/2293 1244/2294 1382/2295
f 1244/2294 1245/2296 1382/2295
f 1382/2295 1245/2296 1383/2297
f 1245/2296 1246/2298 1383/2297
f 1383/2297 1246/2298 1384/2299
f 1246/2298 1247/2300 1384/2299
f 1384/2299 1247/2300 1386/2301
f 1247/2300 1248/2302 1386/2301
f 1386/2301 1248/2302 1387/2303
f 1195/2304 1190/38 568/36
f 1118/48 1194/46 1161/2305
f 1194/46 1196/2306 1161/2305
f 1161/2305 1196/2306 1163/2307
f 1196/2306 1197/2308 1163/2307
f 568/36 1189/2309 1195/2304
f 1189/2309 1188/2310 1195/2304
f 1195/2304 1188/2310 1198/2311
f 1199/2312 1165/2313 1197/2308
f 1165/2313 1162/2314 1197/2308
f 1197/2308 1162/2314 1163/2307
f 1188/2310 1187/2315 1198/2311
f 1187/2315 1186/2316 1198/2311
f 1198/2311 1186/2316 1200/2317
f 1201/2318 1167/2319 1199/2312
f 1167/2319 1164/2320 1199/2312
f 1199/2312 1164/2320 1165/2313
f 1186/2316 1185/2321 1200/2317
f 1185/2321 1184/2232 1200/2317
f 1200/2317 1184/2232 1202/2322
f 1171/2323 1168/2324 1203/2325
f 1168/2324 1169/2326 1203/2325
f 1203/2325 1169/2326 1201/2318
f 1169/2326 1166/2327 1201/2318
f 1201/2318 1166/2327 1167/2319
f 1194/46 1193/44 1196/2306
f 1193/44 1204/2328 1196/2306
f 1196/2306 1204/2328 1197/2308
f 1204/2328 1205/2329 1197/2308
f 1197/2308 1205/2329 1199/2312
f 1205/2329 1206/2330 1199/2312
f 1199/2312 1206/2330 1201/2318
f 1206/2330 1207/2331 1201/2318
f 1201/2318 1207/2331 1203/2325
f 1207/2331 1208/2332 1203/2325
f 1193/44 1192/42 1204/2328
f 1192/42 1209/2333 1204/2328
f 1204/2328 1209/2333 1205/2329
f 1209/2333 1210/2334 1205/2329
f 1205/2329 1210/2334 1206/2330
f 1210/2334 1211/2335 1206/2330
f 1206/2330 1211/2335 1207/2331
f 1211/2335 1212/2336 1207/2331
f 1207/2331 1212/2336 1208/2332
f 1212/2336 1213/2337 1208/2332
f 1192/42 1191/40 1209/2333
f 1191/40 1214/2338 1209/2333
f 1209/2333 1214/2338 1210/2334
f 1214/2338 1215/2339 1210/2334
f 1210/2334 1215/2339 1211/2335
f 1215/2339 1216/2340 1211/2335
f 1211/2335 1216/2340 1212/2336
f 1216/2340 1217/2341 1212/2336
f 1212/2336 1217/2341 1213/2337
f 1217/2341 1218/2342 1213/2337
f 1191/40 1190/38 1214/2338
f 1190/38 1195/2304 1214/2338
f 1214/2338 1195/2304 1215/2339
f 1195/2304 1198/2311 1215/2339
f 1215/2339 1198/2311 1216/2340
f 1198/2311 1200/2317 1216/2340
f 1216/2340 1200/2317 1217/2341
f 1200/2317 1202/2322 1217/2341
f 1217/2341 1202/2322 1218/2342
f 1202/2322 1219/2343 1218/2342
f 1172/2344 1170/2345 1220/2346
f 1170/2345 1171/2323 1220/2346
f 1184/2232 1183/2347 1202/2322
f 1183/2347 1182/2348 1202/2322
f 1202/2322 1182/2348 1219/2343
f 1182/2348 1181/2349 1219/2343
f 1219/2343 1181/2349 1180/2350
f 1171/2323 1203/2325 1220/2346
f 1203/2325 1208/2332 1220/2346
f 1220/2346 1208/2332 1221/2351
f 1208/2332 1213/2337 1221/2351
f 1221/2351 1213/2337 1222/2352
f 1213/2337 1218/2342 1222/2352
f 1222/2352 1218/2342 1223/2353
f 1218/2342 1219/2343 1223/2353
f 1223/2353 1219/2343 1224/2354
f 1219/2343 1180/2350 1224/2354
f 1224/2354 1180/2350 1173/2355
f 1172/2344 1220/2346 1179/2356
f 1220/2346 1221/2351 1179/2356
f 1179/2356 1221/2351 1178/2357
f 1221/2351 1222/2352 1178/2357
f 1178/2357 1222/2352 1177/2358
f 1222/2352 1223/2353 1177/2358
f 1177/2358 1223/2353 1176/2359
f 1223/2353 1224/2354 1176/2359
f 1176/2359 1224/2354 1175/2360
f 1224/2354 1173/2355 1175/2360
f 1175/2360 1173/2355 1174/2238
f 1387/2065 1385/2361 1386/2264
f 1385/2361 1388/2362 1386/2264
f 1386/2264 1388/2362 1384/2265
f 1388/2362 1389/2363 1384/2265
f 1384/2265 1389/2363 1383/2266
f 1389/2363 1390/2364 1383/2266
f 1383/2266 1390/2364 1382/2267
f 1390/2364 1391/2365 1382/2267
f 1382/2267 1391/2365 1381/2268
f 1391/2365 1392/2366 1381/2268
f 1381/2268 1392/2366 1380/2269
f 1392/2366 1379/2367 1380/2269
f 1385/2361 1372/2368 1388/2362
f 1372/2368 1373/2369 1388/2362
f 1388/2362 1373/2369 1389/2363
f 1373/2369 1374/2370 1389/2363
f 1389/2363 1374/2370 1390/2364
f 1374/2370 1375/2371 1390/2364
f 1390/2364 1375/2371 1391/2365
f 1375/2371 1376/2372 1391/2365
f 1391/2365 1376/2372 1392/2366
f 1376/2372 1377/2373 1392/2366
f 1392/2366 1377/2373 1379/2367
f 1377/2373 1378/2374 1379/2367
f 1172/2375 1120/2376 1170/2377
f 1120/2376 1119/2378 1170/2377
f 1170/2377 1119/2378 1171/2379
f 1171/2379 1119/2378 1168/2380
f 1119/2378 1127/2381 1168/2380
f 1168/2380 1127/2381 1169/2382
f 1169/2382 1127/2381 1166/2383
f 1127/2381 1128/2384 1166/2383
f 1166/2383 1128/2384 1167/2385
f 1167/2385 1128/2384 1164/2386
f 1128/2384 1129/2387 1164/2386
f 1164/2386 1129/2387 1165/2388
f 1165/2388 1129/2387 1162/2389
f 1129/2387 1130/2390 1162/2389
f 1162/2389 1130/2390 1163/2391
f 1163/2391 1130/2390 1161/2392
f 1130/2390 1116/2393 1161/2392
f 1161/2392 1116/2393 1118/2394
f 1331/2395 1378/1827 1377/1825
f 1331/2395 1377/1825 1332/2396
f 1377/1825 1376/1823 1332/2396
f 1332/2396 1376/1823 1333/2397
f 1376/1823 1375/1821 1333/2397
f 1333/2397 1375/1821 1334/2398
f 1375/1821 1374/1819 1334/2398
f 1334/2398 1374/1819 1335/2399
f 1374/1819 1373/1817 1335/2399
f 1335/2399 1373/1817 1336/2400
f 1373/1817 1372/1815 1336/2400
f 1336/2400 1372/1815 1283/2401
f 1098/2402 1097/2403 1131/2404
f 1097/2403 1096/2405 1132/2406
f 1096/2405 1095/2407 1133/2408
f 1095/2407 1094/2409 1134/2410
f 1094/2409 1093/2411 1135/2412
f 1093/2411 1079/12 1100/2413
f 1093/2411 1100/2413 1135/2412
f 1100/2413 1101/2414 1135/2412
f 1135/2412 1101/2414 1136/2415
f 1101/2414 1103/2416 1136/2415
f 1103/2416 1104/2417 1136/2415
f 1136/2415 1104/2417 1137/2418
f 1104/2417 1106/2419 1137/2418
f 1137/2418 1106/2419 1138/2420
f 1106/2419 1107/2421 1138/2420
f 1107/2421 1108/2422 1138/2420
f 1138/2420 1108/2422 1139/2423
f 1108/2422 1110/2424 1139/2423
f 1110/2424 1111/2425 1139/2423
f 1111/2425 1113/2426 1139/2423
f 1139/2423 1113/2426 1140/2427
f 1113/2426 1114/2428 1140/2427
f 1114/2428 1116/2429 1140/2427
f 1140/2427 1116/2429 1130/2430
f 1094/2409 1135/2412 1134/2410
f 1135/2412 1136/2415 1134/2410
f 1134/2410 1136/2415 1141/2431
f 1136/2415 1137/2418 1141/2431
f 1141/2431 1137/2418 1142/2432
f 1137/2418 1138/2420 1142/2432
f 1142/2432 1138/2420 1143/2433
f 1138/2420 1139/2423 1143/2433
f 1143/2433 1139/2423 1144/2434
f 1139/2423 1140/2427 1144/2434
f 1144/2434 1140/2427 1145/2435
f 1140/2427 1130/2430 1145/2435
f 1145/2435 1130/2430 1129/2436
f 1095/2407 1134/2410 1133/2408
f 1134/2410 1141/2431 1133/2408
f 1133/2408 1141/2431 1146/2437
f 1141/2431 1142/2432 1146/2437
f 1146/2437 1142/2432 1147/2438
f 1142/2432 1143/2433 1147/2438
f 1147/2438 1143/2433 1148/2439
f 1143/2433 1144/2434 1148/2439
f 1148/2439 1144/2434 1149/2440
f 1144/2434 1145/2435 1149/2440
f 1149/2440 1145/2435 1150/2441
f 1145/2435 1129/2436 1150/2441
f 1150/2441 1129/2436 1128/2442
f 1096/2405 1133/2408 1132/2406
f 1133/2408 1146/2437 1132/2406
f 1132/2406 1146/2437 1151/2443
f 1146/2437 1147/2438 1151/2443
f 1151/2443 1147/2438 1152/2444
f 1147/2438 1148/2439 1152/2444
f 1152/2444 1148/2439 1153/2445
f 1148/2439 1149/2440 1153/2445
f 1153/2445 1149/2440 1154/2446
f 1149/2440 1150/2441 1154/2446
f 1154/2446 1150/2441 1155/2447
f 1150/2441 1128/2442 1155/2447
f 1155/2447 1128/2442 1127/2448
f 1097/2403 1132/2406 1131/2404
f 1132/2406 1151/2443 1131/2404
f 1131/2404 1151/2443 1156/2449
f 1151/2443 1152/2444 1156/2449
f 1156/2449 1152/2444 1157/2450
f 1152/2444 1153/2445 1157/2450
f 1157/2450 1153/2445 1158/2451
f 1153/2445 1154/2446 1158/2451
f 1158/2451 1154/2446 1159/2452
f 1154/2446 1155/2447 1159/2452
f 1159/2452 1155/2447 1160/2453
f 1155/2447 1127/2448 1160/2453
f 1160/2453 1127/2448 1119/2454
f 1098/2402 1131/2404 1126/2455
f 1131/2404 1156/2449 1126/2455
f 1126/2455 1156/2449 1125/2456
f 1156/2449 1157/2450 1125/2456
f 1125/2456 1157/2450 1124/2457
f 1157/2450 1158/2451 1124/2457
f 1124/2457 1158/2451 1123/2458
f 1158/2451 1159/2452 1123/2458
f 1123/2458 1159/2452 1122/2459
f 1159/2452 1160/2453 1122/2459
f 1122/2459 1160/2453 1121/2460
f 1160/2453 1119/2454 1121/2460
f 1121/2460 1119/2454 1120/2461
f 1331/2374 1332/2373 1337/2462
f 1332/2373 1333/2372 1338/2463
f 1334/2371 1335/2370 1339/2464
f 1336/2369 1283/2368 1286/2465
f 1336/2369 1286/2465 1340/2466
f 1286/2465 1288/2467 1340/2466
f 1340/2466 1288/2467 1341/2468
f 1288/2467 1290/2469 1341/2468
f 1341/2468 1290/2469 1342/2470
f 1290/2469 1292/2471 1342/2470
f 1342/2470 1292/2471 1343/2472
f 1292/2471 1294/2473 1343/2472
f 1343/2472 1294/2473 1344/2474
f 1294/2473 1296/2475 1344/2474
f 1344/2474 1296/2475 1345/2476
f 1296/2475 1298/2477 1345/2476
f 1345/2476 1298/2477 1346/2478
f 1298/2477 1080/2479 1092/2480
f 1298/2477 1092/2480 1346/2478
f 1092/2480 1081/2481 1346/2478
f 1346/2478 1081/2481 1082/2482
f 1082/2482 1347/2483 1346/2478
f 1347/2483 1348/2484 1346/2478
f 1346/2478 1348/2484 1345/2476
f 1348/2484 1349/2485 1345/2476
f 1345/2476 1349/2485 1344/2474
f 1349/2485 1350/2486 1344/2474
f 1344/2474 1350/2486 1343/2472
f 1350/2486 1351/2487 1343/2472
f 1343/2472 1351/2487 1342/2470
f 1351/2487 1352/2488 1342/2470
f 1342/2470 1352/2488 1341/2468
f 1352/2488 1339/2464 1341/2468
f 1341/2468 1339/2464 1340/2466
f 1339/2464 1335/2370 1340/2466
f 1340/2466 1335/2370 1336/2369
f 1334/2371 1339/2464 1353/2489
f 1339/2464 1352/2488 1353/2489
f 1353/2489 1352/2488 1354/2490
f 1352/2488 1351/2487 1354/2490
f 1354/2490 1351/2487 1355/2491
f 1351/2487 1350/2486 1355/2491
f 1355/2491 1350/2486 1356/2492
f 1350/2486 1349/2485 1356/2492
f 1356/2492 1349/2485 1357/2493
f 1349/2485 1348/2484 1357/2493
f 1357/2493 1348/2484 1358/2494
f 1348/2484 1347/2483 1358/2494
f 1358/2494 1347/2483 1359/2495
f 1082/2482 1084/2496 1347/2483
f 1084/2496 1083/2497 1347/2483
f 1347/2483 1083/2497 1359/2495
f 1083/2497 1085/2498 1359/2495
f 1359/2495 1085/2498 1086/2499
f 1086/2499 1360/2500 1359/2495
f 1360/2500 1361/2501 1359/2495
f 1359/2495 1361/2501 1358/2494
f 1361/2501 1362/2502 1358/2494
f 1358/2494 1362/2502 1357/2493
f 1362/2502 1363/2503 1357/2493
f 1357/2493 1363/2503 1356/2492
f 1363/2503 1364/2504 1356/2492
f 1356/2492 1364/2504 1355/2491
f 1364/2504 1365/2505 1355/2491
f 1355/2491 1365/2505 1354/2490
f 1365/2505 1338/2463 1354/2490
f 1354/2490 1338/2463 1353/2489
f 1338/2463 1333/2372 1353/2489
f 1353/2489 1333/2372 1334/2371
f 1332/2373 1338/2463 1337/2462
f 1338/2463 1365/2505 1337/2462
f 1337/2462 1365/2505 1366/2506
f 1365/2505 1364/2504 1366/2506
f 1366/2506 1364/2504 1367/2507
f 1364/2504 1363/2503 1367/2507
f 1367/2507 1363/2503 1368/2508
f 1363/2503 1362/2502 1368/2508
f 1368/2508 1362/2502 1369/2509
f 1362/2502 1361/2501 1369/2509
f 1369/2509 1361/2501 1370/2510
f 1361/2501 1360/2500 1370/2510
f 1370/2510 1360/2500 1371/2511
f 1086/2499 1087/2512 1360/2500
f 1087/2512 1088/2513 1360/2500
f 1360/2500 1088/2513 1371/2511
f 1088/2513 1090/2514 1371/2511
f 1371/2511 1090/2514 1089/2515
f 1331/2374 1337/2462 1330/2516
f 1337/2462 1366/2506 1330/2516
f 1330/2516 1366/2506 1329/2517
f 1366/2506 1367/2507 1329/2517
f 1329/2517 1367/2507 1328/2518
f 1367/2507 1368/2508 1328/2518
f 1328/2518 1368/2508 1327/2519
f 1368/2508 1369/2509 1327/2519
f 1327/2519 1369/2509 1326/2520
f 1369/2509 1370/2510 1326/2520
f 1326/2520 1370/2510 1325/2521
f 1370/2510 1371/2511 1325/2521
f 1325/2521 1371/2511 1324/2522
f 1371/2511 1089/2515 1324/2522
f 1324/2522 1089/2515 1091/2523
f 1098/2065 1067/2524 1066/2525
f 1098/2065 1066/2525 1097/22
f 1066/2525 1069/2526 1097/22
f 1097/22 1069/2526 1096/20
f 1069/2526 1070/2527 1096/20
f 1096/20 1070/2527 1095/18
f 1070/2527 1071/2528 1095/18
f 1095/18 1071/2528 1094/16
f 1071/2528 1072/2529 1094/16
f 1094/16 1072/2529 1093/14
f 1072/2529 1035/2530 1093/14
f 1093/14 1035/2530 1079/2531
f 1091/2532 1089/2533 1048/2534
f 1089/2533 1047/2535 1048/2534
f 1047/2535 1089/2533 1045/2536
f 1089/2533 1090/2537 1045/2536
f 1045/2536 1090/2537 1044/2538
f 1090/2537 1088/2539 1044/2538
f 1044/2538 1088/2539 1043/2540
f 1088/2539 1087/2541 1043/2540
f 1043/2540 1087/2541 1042/2542
f 1087/2541 1086/2543 1042/2542
f 1042/2542 1086/2543 1041/2544
f 1086/2543 1085/2545 1041/2544
f 1041/2544 1085/2545 1040/2546
f 1085/2545 1083/2547 1040/2546
f 1040/2546 1083/2547 1039/2548
f 1083/2547 1084/2549 1039/2548
f 1039/2548 1084/2549 1038/2550
f 1084/2549 1082/2551 1038/2550
f 1038/2550 1082/2551 1037/2552
f 1082/2551 1081/2553 1037/2552
f 1037/2552 1081/2553 1036/2554
f 1081/2553 1092/2555 1036/2554
f 1092/2555 1080/2556 1036/2554
f 1036/2554 1080/2556 972/2557
f 1024/2558 1033/2559 1026/2560
f 1033/2559 1073/2561 1026/2560
f 1026/2560 1073/2561 1027/2562
f 1073/2561 1074/2563 1027/2562
f 1027/2562 1074/2563 1028/2564
f 1074/2563 1075/2565 1028/2564
f 1028/2564 1075/2565 1029/2566
f 1075/2565 1076/2567 1029/2566
f 1029/2566 1076/2567 1030/2568
f 1076/2567 1077/2569 1030/2568
f 1030/2568 1077/2569 1031/2570
f 1077/2569 1068/2571 1031/2570
f 1033/2559 1035/12 1073/2561
f 1035/12 1072/2411 1073/2561
f 1073/2561 1072/2411 1074/2563
f 1072/2411 1071/2409 1074/2563
f 1074/2563 1071/2409 1075/2565
f 1071/2409 1070/2407 1075/2565
f 1075/2565 1070/2407 1076/2567
f 1070/2407 1069/2405 1076/2567
f 1076/2567 1069/2405 1077/2569
f 1069/2405 1066/2403 1077/2569
f 1077/2569 1066/2403 1068/2571
f 1066/2403 1067/2402 1068/2571
f 1003/2238 1050/2572 999/2573
f 1050/2572 1051/2574 999/2573
f 1046/2575 1048/2576 1047/2577
f 1046/2575 1047/2577 1052/2578
f 1053/2579 998/2580 1051/2574
f 998/2580 1000/2581 1051/2574
f 1051/2574 1000/2581 999/2573
f 1047/2577 1045/2582 1052/2578
f 1045/2582 1044/2583 1052/2578
f 1052/2578 1044/2583 1054/2584
f 1055/2585 995/2586 1053/2579
f 995/2586 997/2587 1053/2579
f 1053/2579 997/2587 998/2580
f 1044/2583 1043/2588 1054/2584
f 1043/2588 1042/2589 1054/2584
f 1054/2584 1042/2589 1056/2590
f 1057/2591 992/2592 1055/2585
f 992/2592 994/2593 1055/2585
f 1055/2585 994/2593 995/2586
f 1042/2589 1041/2594 1056/2590
f 1041/2594 1040/2595 1056/2590
f 1056/2590 1040/2595 1058/2596
f 1004/2597 987/2598 1059/2599
f 987/2598 989/2600 1059/2599
f 1059/2599 989/2600 1057/2591
f 989/2600 990/2601 1057/2591
f 1057/2591 990/2601 992/2592
f 1050/2572 1049/2602 1051/2574
f 1049/2602 1060/2603 1051/2574
f 1051/2574 1060/2603 1053/2579
f 1060/2603 1061/2604 1053/2579
f 1053/2579 1061/2604 1055/2585
f 1061/2604 1062/2605 1055/2585
f 1055/2585 1062/2605 1057/2591
f 1062/2605 1063/2606 1057/2591
f 1057/2591 1063/2606 1059/2599
f 1063/2606 1064/2607 1059/2599
f 1049/2602 1046/2575 1060/2603
f 1046/2575 1052/2578 1060/2603
f 1060/2603 1052/2578 1061/2604
f 1052/2578 1054/2584 1061/2604
f 1061/2604 1054/2584 1062/2605
f 1054/2584 1056/2590 1062/2605
f 1062/2605 1056/2590 1063/2606
f 1056/2590 1058/2596 1063/2606
f 1063/2606 1058/2596 1064/2607
f 1058/2596 1065/2608 1064/2607
f 974/2609 975/2610 1004/2597
f 1040/2595 1039/2611 1058/2596
f 1039/2611 1038/2612 1058/2596
f 1058/2596 1038/2612 1065/2608
f 1038/2612 1037/2613 1065/2608
f 1065/2608 1037/2613 1036/2614
f 1004/2597 1059/2599 974/2609
f 1059/2599 1064/2607 974/2609
f 974/2609 1064/2607 973/2615
f 1064/2607 1065/2608 973/2615
f 973/2615 1065/2608 971/2616
f 1065/2608 1036/2614 971/2616
f 971/2616 1036/2614 972/2617
f 1017/2618 1016/2619 1031/2620
f 1016/2619 1030/2621 1031/2620
f 1016/2619 1013/2622 1030/2621
f 1013/2622 1014/2623 1030/2621
f 1030/2621 1014/2623 1029/2624
f 1014/2623 1011/2625 1029/2624
f 1011/2625 1012/2626 1029/2624
f 1029/2624 1012/2626 1028/2627
f 1012/2626 1009/2628 1028/2627
f 1009/2628 1010/2629 1028/2627
f 1028/2627 1010/2629 1027/2630
f 1010/2629 1007/2631 1027/2630
f 1007/2631 1008/2632 1027/2630
f 1027/2630 1008/2632 1026/2633
f 983/2634 1024/2635 1006/2636
f 1024/2635 1026/2633 1006/2636
f 1006/2636 1026/2633 1005/2637
f 1026/2633 1008/2632 1005/2637
f 1002/2638 1003/2639 999/2640
f 1000/2641 996/2642 999/2640
f 996/2642 1001/2643 999/2640
f 999/2640 1001/2643 1002/2638
f 1000/2641 998/2644 996/2642
f 998/2644 997/2645 996/2642
f 996/2642 997/2645 993/2646
f 997/2645 995/2647 993/2646
f 995/2647 994/2648 993/2646
f 993/2646 994/2648 991/2649
f 994/2648 992/2650 991/2649
f 992/2650 990/2651 991/2649
f 991/2649 990/2651 988/2652
f 990/2651 989/2653 988/2652
f 989/2653 987/2654 988/2652
f 988/2652 987/2654 986/2655
f 987/2654 1004/2656 986/2655
f 1004/2656 975/2657 986/2655
f 986/2655 975/2657 976/2065
f 1017/2658 1015/2659 1016/2660
f 1015/2659 1018/2661 1016/2660
f 1016/2660 1018/2661 1013/2662
f 1018/2661 1019/2663 1013/2662
f 1020/2664 1011/2665 1019/2663
f 1011/2665 1014/2666 1019/2663
f 1019/2663 1014/2666 1013/2662
f 1021/2667 1009/2668 1020/2664
f 1009/2668 1012/2669 1020/2664
f 1020/2664 1012/2669 1011/2665
f 1022/2670 1007/2671 1021/2667
f 1007/2671 1010/2672 1021/2667
f 1021/2667 1010/2672 1009/2668
f 1023/2673 1005/2674 1022/2670
f 1005/2674 1008/2675 1022/2670
f 1022/2670 1008/2675 1007/2671
f 982/2676 983/2677 1023/2673
f 983/2677 1006/2678 1023/2673
f 1023/2673 1006/2678 1005/2674
f 1015/2659 1002/2238 1018/2661
f 1002/2238 1001/2679 1018/2661
f 1018/2661 1001/2679 1019/2663
f 1001/2679 996/2680 1019/2663
f 1019/2663 996/2680 1020/2664
f 996/2680 993/2681 1020/2664
f 1020/2664 993/2681 1021/2667
f 993/2681 991/2682 1021/2667
f 1021/2667 991/2682 1022/2670
f 991/2682 988/2683 1022/2670
f 1022/2670 988/2683 1023/2673
f 988/2683 986/2684 1023/2673
f 1023/2673 986/2684 982/2676
f 986/2684 976/2610 982/2676
f 1904/2685 1906/2686 1956/2687
f 1906/2686 1947/2688 1956/2687
f 1956/2687 1947/2688 1954/2689
f 1947/2688 1936/2690 1954/2689
f 1954/2689 1936/2690 1955/2691
f 1936/2690 1935/2692 1955/2691
f 1955/2691 1935/2692 1953/2693
f 1935/2692 1938/2694 1953/2693
f 1953/2693 1938/2694 1952/2695
f 1938/2694 1937/2696 1952/2695
f 1952/2695 1937/2696 1949/2697
f 1937/2696 1943/2698 1949/2697
f 1949/2697 1943/2698 1948/2699
f 1943/2698 1946/2700 1948/2699
f 1950/2701 1944/2702 1951/2703
f 1944/2702 1945/2704 1951/2703
f 1951/2703 1945/2704 1959/2705
f 1945/2704 1940/2706 1959/2705
f 1959/2705 1940/2706 1957/2707
f 1940/2706 1939/2708 1957/2707
f 1957/2707 1939/2708 1958/2709
f 1939/2708 1942/2710 1958/2709
f 1958/2709 1942/2710 1960/2711
f 1942/2710 1941/2712 1960/2711
f 1960/2711 1941/2712 1933/2713
f 1941/2712 1934/2714 1933/2713
f 1967/2715 1990/2716 1970/2717
f 1990/2716 1989/2718 1970/2717
f 1970/2717 1989/2718 1971/2719
f 1989/2718 1988/2720 1971/2719
f 1971/2719 1988/2720 1972/2721
f 1988/2720 1987/2722 1972/2721
f 1972/2721 1987/2722 1975/2723
f 1987/2722 1986/2724 1975/2723
f 1975/2723 1986/2724 1968/2725
f 1986/2724 1985/2726 1968/2725
f 1968/2725 1985/2726 1969/2727
f 1985/2726 1984/2728 1969/2727
f 1969/2727 1984/2728 1973/2729
f 1984/2728 1976/2730 1973/2729
f 1964/2731 1977/2732 1961/2733
f 1977/2732 1983/2734 1961/2733
f 1961/2733 1983/2734 1962/2735
f 1983/2734 1982/2736 1962/2735
f 1962/2735 1982/2736 1963/2737
f 1982/2736 1981/2738 1963/2737
f 1963/2737 1981/2738 1965/2739
f 1981/2738 1980/2740 1965/2739
f 1965/2739 1980/2740 1966/2741
f 1980/2740 1978/2742 1966/2741
f 1966/2741 1978/2742 1974/2743
f 1978/2742 1979/2744 1974/2743
f 1960/2745 1933/2746 1932/2747
f 1951/2748 1959/2749 1929/2750
f 1929/2750 1959/2749 1930/2751
f 1959/2749 1957/2752 1930/2751
f 1930/2751 1957/2752 1931/2753
f 1931/2753 1957/2752 1932/2747
f 1957/2752 1958/2754 1932/2747
f 1932/2747 1958/2754 1960/2745
f 1904/2755 1956/2756 1905/2757
f 1956/2756 1954/2758 1905/2757
f 1905/2757 1954/2758 1909/2759
f 1954/2758 1955/2760 1909/2759
f 1909/2759 1955/2760 1911/2761
f 1955/2760 1953/2762 1911/2761
f 1911/2761 1953/2762 1913/2763
f 1953/2762 1952/2764 1913/2763
f 1913/2763 1952/2764 1915/2765
f 1952/2764 1949/2766 1915/2765
f 1929/2750 1928/2767 1951/2748
f 1928/2767 1927/2768 1951/2748
f 1951/2748 1927/2768 1950/2769
f 1927/2768 1926/2770 1950/2769
f 1950/2769 1926/2770 1948/2771
f 1926/2770 1918/2772 1948/2771
f 1948/2771 1918/2772 1949/2766
f 1918/2772 1917/2773 1949/2766
f 1949/2766 1917/2773 1915/2765
f 1950/2774 1948/2775 1944/2776
f 1948/2775 1946/2777 1944/2776
f 1979/2778 1978/2779 2036/2780
f 1978/2779 1980/2781 2036/2780
f 2036/2780 1980/2781 2035/2782
f 1980/2781 1981/2783 2035/2782
f 2035/2782 1981/2783 2032/2784
f 1981/2783 1982/2785 2032/2784
f 1990/2786 2015/2787 1989/2788
f 2015/2787 1988/2789 1989/2788
f 1977/2790 2030/2791 1983/2792
f 2030/2791 2033/2793 1983/2792
f 1983/2792 2033/2793 1982/2785
f 2033/2793 2034/2794 1982/2785
f 1982/2785 2034/2794 2032/2784
f 1985/2795 2024/2796 1984/2797
f 2024/2796 2022/2798 1984/2797
f 1984/2797 2022/2798 1976/2799
f 2022/2798 2020/2800 1976/2799
f 1976/2799 2020/2800 1977/2790
f 2020/2800 2031/2801 1977/2790
f 1977/2790 2031/2801 2030/2791
f 1988/2789 2015/2787 1987/2802
f 2015/2787 2029/2803 1987/2802
f 1987/2802 2029/2803 1986/2804
f 2029/2803 2028/2805 1986/2804
f 1986/2804 2028/2805 1985/2795
f 2028/2805 2026/2806 1985/2795
f 1985/2795 2026/2806 2024/2796
f 1973/2807 1976/2808 1964/2809
f 1976/2808 1977/2810 1964/2809
f 1404/2811 2043/2812 2037/2813
f 2023/2814 1405/2815 2021/2816
f 1405/2815 2018/2817 2021/2816
f 2023/2814 2025/2818 1405/2815
f 2025/2818 2027/2819 1405/2815
f 1405/2815 2027/2819 2006/2820
f 2041/2821 2042/2822 1404/2811
f 2042/2822 2039/2823 1404/2811
f 1404/2811 2039/2823 1405/2815
f 2039/2823 2019/2824 1405/2815
f 1405/2815 2019/2824 2018/2817
f 2037/2813 2038/2825 1404/2811
f 2038/2825 2040/2826 1404/2811
f 1404/2811 2040/2826 2041/2821
f 1279/2827 1903/2828 1907/2829
f 1924/2830 1922/2831 1280/2832
f 1922/2831 1923/2833 1280/2832
f 1923/2833 1920/2834 1280/2832
f 1920/2834 1921/2835 1280/2832
f 1280/2832 1921/2835 1925/2836
f 1912/2837 1914/2838 1279/2827
f 1914/2838 1916/2839 1279/2827
f 1279/2827 1916/2839 1280/2832
f 1916/2839 1919/2840 1280/2832
f 1280/2832 1919/2840 1924/2830
f 1907/2829 1908/2841 1279/2827
f 1908/2841 1910/2842 1279/2827
f 1279/2827 1910/2842 1912/2837
f 1902/2843 1884/2844 1901/2845
f 1884/2844 1883/2846 1901/2845
f 1901/2845 1883/2846 1900/2847
f 1883/2846 1886/2848 1900/2847
f 1900/2847 1886/2848 1899/2849
f 1886/2848 1879/2850 1899/2849
f 1899/2849 1879/2850 1898/2851
f 1879/2850 1885/2852 1898/2851
f 1898/2851 1885/2852 1897/2853
f 1885/2852 1876/2854 1897/2853
f 1897/2853 1876/2854 1896/2855
f 1876/2854 1875/2856 1896/2855
f 1896/2857 1875/2858 1895/2859
f 1875/2858 1877/2860 1895/2859
f 1895/2855 1877/2856 1894/2861
f 1877/2856 1887/2862 1894/2861
f 1894/2861 1887/2862 1893/2863
f 1887/2862 1881/2864 1893/2863
f 1893/2863 1881/2864 1892/2865
f 1881/2864 1880/2866 1892/2865
f 1892/2865 1880/2866 1891/2867
f 1880/2866 1878/2868 1891/2867
f 1891/2867 1878/2868 1890/2869
f 1878/2868 1882/2870 1890/2869
f 1890/2869 1882/2870 1889/2871
f 1882/2870 1888/2872 1889/2871
f 1825/2873 1823/2874 1281/2875
f 1829/2876 1827/2877 496/2878
f 1827/2877 1828/2879 496/2878
f 495/2880 494/2881 1826/2882
f 494/2881 496/2878 1826/2882
f 1826/2882 496/2878 1831/2883
f 496/2878 1828/2879 1831/2883
f 1825/2873 1281/2875 1822/2884
f 1823/2874 1824/2885 1281/2875
f 1824/2885 1830/2886 1281/2875
f 1281/2875 1830/2886 970/2887
f 1830/2886 1817/2888 970/2887
f 970/2887 1817/2888 964/2889
f 1817/2888 963/2890 964/2889
f 1829/2876 496/2878 1821/2891
f 496/2878 499/2892 1821/2891
f 1821/2891 499/2892 910/2893
f 1822/2884 1281/2875 1819/2894
f 1281/2875 1313/2895 1819/2894
f 1819/2894 1313/2895 1393/2896
f 910/2893 909/2897 1821/2891
f 909/2897 912/2898 1821/2891
f 1821/2891 912/2898 1820/2899
f 912/2898 914/2900 1820/2899
f 1820/2899 914/2900 1818/2901
f 914/2900 923/2902 1818/2901
f 1818/2901 923/2902 1817/2888
f 923/2902 962/2903 1817/2888
f 1817/2888 962/2903 963/2890
f 510/2904 523/2905 459/2906
f 529/2907 527/2908 494/2909
f 527/2908 512/2910 494/2909
f 459/2906 523/2905 458/2911
f 523/2905 522/2912 458/2911
f 458/2911 522/2912 457/2913
f 522/2912 528/2914 457/2913
f 528/2914 521/2915 457/2913
f 457/2913 521/2915 494/2909
f 521/2915 530/2916 494/2909
f 494/2909 530/2916 529/2907
f 494/2909 519/2917 496/2918
f 519/2917 517/2919 496/2918
f 496/2918 517/2919 518/2920
f 518/2920 515/2921 496/2918
f 515/2921 516/2922 496/2918
f 496/2918 516/2922 526/2923
f 526/2923 525/2924 496/2918
f 525/2924 514/2925 496/2918
f 496/2918 514/2925 465/2926
f 512/2910 513/2927 494/2909
f 513/2927 520/2928 494/2909
f 494/2909 520/2928 519/2917
f 459/2906 460/2929 510/2904
f 460/2929 461/2930 510/2904
f 510/2904 461/2930 509/2931
f 461/2930 462/2932 509/2931
f 509/2931 462/2932 511/2933
f 462/2932 463/2934 511/2933
f 511/2933 463/2934 507/2935
f 463/2934 464/2936 507/2935
f 507/2935 464/2936 508/2937
f 464/2936 465/2926 508/2937
f 508/2937 465/2926 524/2938
f 465/2926 514/2925 524/2938
f 1317/2939 1318/2940 1313/2941
f 1305/2942 1303/2943 1282/2944
f 1317/2939 1313/2941 1315/2945
f 1318/2940 1319/2946 1313/2941
f 1319/2946 1311/2947 1313/2941
f 1313/2941 1311/2947 1284/2948
f 1281/2949 1316/2950 1301/2951
f 1323/2952 1321/2953 1281/2949
f 1321/2953 1320/2954 1281/2949
f 1281/2949 1320/2954 1313/2941
f 1320/2954 1314/2955 1313/2941
f 1313/2941 1314/2955 1315/2945
f 1311/2947 1312/2956 1284/2948
f 1312/2956 1310/2957 1284/2948
f 1284/2948 1310/2957 1285/2958
f 1310/2957 1309/2959 1285/2958
f 1285/2958 1309/2959 1287/2960
f 1309/2959 1308/2961 1287/2960
f 1287/2960 1308/2961 1289/2962
f 1308/2961 1307/2963 1289/2962
f 1289/2962 1307/2963 1291/2964
f 1307/2963 1306/2965 1291/2964
f 1282/2944 1303/2943 1281/2949
f 1303/2943 1304/2966 1281/2949
f 1281/2949 1304/2966 1316/2950
f 1301/2951 1302/2967 1281/2949
f 1302/2967 1322/2968 1281/2949
f 1281/2949 1322/2968 1323/2952
f 1305/2942 1282/2944 1299/2969
f 1282/2944 1297/2970 1299/2969
f 1299/2969 1297/2970 1300/2971
f 1297/2970 1295/2972 1300/2971
f 1300/2971 1295/2972 1306/2965
f 1295/2972 1293/2973 1306/2965
f 1306/2965 1293/2973 1291/2964
f 961/2974 950/2975 960/2976
f 950/2975 959/2977 960/2976
f 959/2977 950/2975 958/2978
f 950/2975 947/2979 958/2978
f 958/2978 947/2979 953/2980
