mtllib materials.mtl
usemtl Pumice
o Defeatured_2F_85_PAD_OPEN_Finger1step

v -0.03435031324625015 0.05482553318142891 0.008249999955296516
v -0.03420212119817734 0.053857870399951935 0.008249999955296516
v -0.03380852937698364 0.05296153202652931 0.008249999955296516
v -0.033196356147527695 0.05219760537147522 0.008249999955296516
v -0.032407328486442566 0.05161815136671066 0.008249999955296516
v -0.03149520978331566 0.05126265436410904 0.008249999955296516
v -0.030522162094712257 0.051155347377061844 0.008249999955296516
v -0.029554497450590134 0.05130353942513466 0.008249999955296516
v -0.02865815907716751 0.051697131246328354 0.008249999955296516
v -0.02789423242211342 0.0523093044757843 0.008249999955296516
v -0.02731477841734886 0.05309833213686943 0.008249999955296516
v -0.026959283277392387 0.05401045083999634 0.008249999955296516
v -0.026851976290345192 0.05498350039124489 0.008249999955296516
v -0.027000168338418007 0.05595116317272186 0.008249999955296516
v -0.027393760159611702 0.056847501546144485 0.008249999955296516
v -0.0280059315264225 0.05761142820119858 0.008249999955296516
v -0.02879496105015278 0.058190882205963135 0.008249999955296516
v -0.029707079753279686 0.05854637548327446 0.008249999955296516
v -0.030680127441883087 0.058653686195611954 0.008249999955296516
v -0.03164779022336006 0.05850549414753914 0.008249999955296516
v -0.032544128596782684 0.058111898601055145 0.008249999955296516
v -0.03330805525183678 0.057499729096889496 0.008249999955296516
v -0.033887509256601334 0.05671069771051407 0.008249999955296516
v -0.03424300625920296 0.05579858273267746 0.008249999955296516
v -0.030601143836975098 0.0549045167863369 0.008249999955296516
v -0.034600257873535156 0.05482026934623718 0.00800000037997961
v -0.034485794603824615 0.05585818365216255 0.00800000037997961
v -0.034106601029634476 0.05683111026883125 0.00800000037997961
v -0.03348851576447487 0.05767274275422096 0.00800000037997961
v -0.032673660665750504 0.05832572653889656 0.00800000037997961
v -0.03171756863594055 0.05874555930495262 0.00800000037997961
v -0.030685393139719963 0.05890363082289696 0.00800000037997961
v -0.029647475108504295 0.05878916755318642 0.00800000037997961
v -0.028674548491835594 0.05840997397899628 0.00800000037997961
v -0.027832917869091034 0.05779188871383667 0.00800000037997961
v -0.027179935947060585 0.056977033615112305 0.00800000037997961
v -0.026760103181004524 0.05602094158530235 0.00800000037997961
v -0.02660203166306019 0.054988764226436615 0.00800000037997961
v -0.02671649307012558 0.05395084619522095 0.00800000037997961
v -0.02709568664431572 0.052977919578552246 0.00800000037997961
v -0.027713771909475327 0.052136290818452835 0.00800000037997961
v -0.028528627008199692 0.05148330703377724 0.00800000037997961
v -0.029484720900654793 0.051063474267721176 0.00800000037997961
v -0.03051689639687538 0.05090540274977684 0.00800000037997961
v -0.03155481442809105 0.05101986601948738 0.00800000037997961
v -0.03252774104475975 0.05139905959367752 0.00800000037997961
v -0.03336936980485916 0.05201714485883713 0.00800000037997961
v -0.03402235358953476 0.05283199995756149 0.00800000037997961
v -0.03444218635559082 0.053788091987371445 0.00800000037997961
v -0.02660203166306019 0.054988764226436615 0.004800000227987766
v -0.026760103181004524 0.05602094158530235 0.004800000227987766
v -0.027179935947060585 0.056977033615112305 0.004800000227987766
v -0.027832917869091034 0.05779188871383667 0.004800000227987766
v -0.028674548491835594 0.05840997397899628 0.004800000227987766
v -0.029647475108504295 0.05878916755318642 0.004800000227987766
v -0.030685393139719963 0.05890363082289696 0.004800000227987766
v -0.03171756863594055 0.05874555930495262 0.004800000227987766
v -0.032673660665750504 0.05832572653889656 0.004800000227987766
v -0.03348851576447487 0.05767274275422096 0.004800000227987766
v -0.034106601029634476 0.05683111026883125 0.004800000227987766
v -0.034485794603824615 0.05585818365216255 0.004800000227987766
v -0.034600257873535156 0.05482026934623718 0.004800000227987766
v -0.03444218635559082 0.053788091987371445 0.004800000227987766
v -0.03402235358953476 0.05283199995756149 0.004800000227987766
v -0.03336936980485916 0.05201714485883713 0.004800000227987766
v -0.03252774104475975 0.05139905959367752 0.004800000227987766
v -0.03155481442809105 0.05101986601948738 0.004800000227987766
v -0.03051689639687538 0.05090540274977684 0.004800000227987766
v -0.029484720900654793 0.051063474267721176 0.004800000227987766
v -0.028528627008199692 0.05148330703377724 0.004800000227987766
v -0.027713771909475327 0.052136290818452835 0.004800000227987766
v -0.02709568664431572 0.052977919578552246 0.004800000227987766
v -0.02671649307012558 0.05395084619522095 0.004800000227987766
v -0.026302097365260124 0.054995082318782806 0.0044999998062849045
v -0.026472024619579315 0.05610467121005058 0.0044999998062849045
v -0.026923345401883125 0.05713247135281563 0.0044999998062849045
v -0.027625299990177155 0.05800843983888626 0.0044999998062849045
v -0.028530053794384003 0.05867288261651993 0.0044999998062849045
v -0.029575949534773827 0.059080515056848526 0.0044999998062849045
v -0.030691711232066154 0.05920356139540672 0.0044999998062849045
v -0.03180130198597908 0.05903363600373268 0.0044999998062849045
v -0.032829102128744125 0.05858231708407402 0.0044999998062849045
v -0.03370507061481476 0.05788036063313484 0.0044999998062849045
v -0.03436950966715813 0.056975606828927994 0.0044999998062849045
v -0.03477714583277702 0.05592970922589302 0.0044999998062849045
v -0.03490019217133522 0.05481395125389099 0.0044999998062849045
v -0.03473026305437088 0.053704358637332916 0.0044999998062849045
v -0.03427894413471222 0.05267655849456787 0.0044999998062849045
v -0.03357698768377304 0.05180059000849724 0.0044999998062849045
v -0.03267223387956619 0.05113615095615387 0.0044999998062849045
v -0.03162634000182152 0.05072851479053497 0.0044999998062849045
v -0.03051057644188404 0.050605468451976776 0.0044999998062849045
v -0.029400987550616264 0.050775397568941116 0.0044999998062849045
v -0.02837318740785122 0.05122671648859978 0.0044999998062849045
v -0.027497218921780586 0.051928672939538956 0.0044999998062849045
v -0.02683277800679207 0.052833426743745804 0.0044999998062849045
v -0.02642514370381832 0.05387932062149048 0.0044999998062849045
v -0.026750287041068077 0.056023795157670975 0.004722354467958212
v -0.027171192690730095 0.05698233097791672 0.004722354467958212
v -0.027825843542814255 0.05779926851391792 0.004722354467958212
v -0.028669625520706177 0.05841893330216408 0.004722354467958212
v -0.0296450387686491 0.05879909545183182 0.004722354467958212
v -0.030685607343912125 0.05891384929418564 0.004722354467958212
v -0.031720422208309174 0.05875537171959877 0.004722354467958212
v -0.032678958028554916 0.05833446979522705 0.004722354467958212
v -0.03349589556455612 0.05767981708049774 0.004722354467958212
v -0.03411556035280228 0.05683603510260582 0.004722354467958212
v -0.034495722502470016 0.055860623717308044 0.004722354467958212
v -0.03461047634482384 0.05482005327939987 0.004722354467958212
v -0.03445200249552727 0.05378523841500282 0.004722354467958212
v -0.03403109684586525 0.05282670259475708 0.004722354467958212
v -0.03337644413113594 0.052009765058755875 0.004722354467958212
v -0.03253266215324402 0.05139010027050972 0.004722354467958212
v -0.03155725076794624 0.05100993812084198 0.004722354467958212
v -0.03051668033003807 0.05089518427848816 0.004722354467958212
v -0.02948186732828617 0.05105365812778473 0.004722354467958212
v -0.02852332964539528 0.05147456377744675 0.004722354467958212
v -0.027706393972039223 0.052129216492176056 0.004722354467958212
v -0.027086729183793068 0.05297299847006798 0.004722354467958212
v -0.02670656517148018 0.05394840985536575 0.004722354467958212
v -0.026591811329126358 0.054988980293273926 0.004722354467958212
v -0.02672150731086731 0.05603215843439102 0.004650000017136335
v -0.02714555896818638 0.05699785798788071 0.004650000017136335
v -0.02780510112643242 0.05782090127468109 0.004650000017136335
v -0.028655190020799637 0.058445196598768234 0.004650000017136335
v -0.02963789366185665 0.0588282011449337 0.004650000017136335
v -0.030686238780617714 0.05894381180405617 0.004650000017136335
v -0.03172878548502922 0.05878415331244469 0.004650000017136335
v -0.032694485038518906 0.05836010351777077 0.004650000017136335
v -0.03351752832531929 0.05770055949687958 0.004650000017136335
v -0.03414182364940643 0.05685047060251236 0.004650000017136335
v -0.0345248281955719 0.055867768824100494 0.004650000017136335
v -0.034640438854694366 0.05481941998004913 0.004650000017136335
v -0.034480780363082886 0.053776875138282776 0.004650000017136335
v -0.034056730568408966 0.05281117558479309 0.004650000017136335
v -0.033397186547517776 0.051988132297992706 0.004650000017136335
v -0.03254709765315056 0.05136383697390556 0.004650000017136335
v -0.03156439587473869 0.0509808324277401 0.004650000017136335
v -0.03051604889333248 0.05086522176861763 0.004650000017136335
v -0.029473502188920975 0.05102488026022911 0.004650000017136335
v -0.02850780263543129 0.05144893005490303 0.004650000017136335
v -0.027684759348630905 0.05210847407579422 0.004650000017136335
v -0.027060464024543762 0.05295856297016144 0.004650000017136335
v -0.026677459478378296 0.0539412647485733 0.004650000017136335
v -0.02656184881925583 0.054989609867334366 0.004650000017136335
v -0.02667572721838951 0.05604546517133713 0.004587867762893438
v -0.027104781940579414 0.05702256038784981 0.004587867762893438
v -0.02777210809290409 0.05785531550645828 0.004587867762893438
v -0.028632227331399918 0.05848697945475578 0.004587867762893438
v -0.029626525938510895 0.058874502778053284 0.004587867762893438
v -0.03068724274635315 0.05899147689342499 0.004587867762893438
v -0.03174209222197533 0.058829933404922485 0.004587867762893438
v -0.03271918743848801 0.05840088054537773 0.004587867762893438
v -0.03355194255709648 0.057733554393053055 0.004587867762893438
v -0.03418360650539398 0.05687343329191208 0.004587867762893438
v -0.03457112982869148 0.0558791346848011 0.004587867762893438
v -0.03468810394406319 0.05481841787695885 0.004587867762893438
v -0.034526560455560684 0.05376356840133667 0.004587867762893438
v -0.03409750759601593 0.05278647318482399 0.004587867762893438
v -0.033430181443691254 0.051953718066215515 0.004587867762893438
v -0.03257006034255028 0.051322054117918015 0.004587867762893438
v -0.0315757617354393 0.050934530794620514 0.004587867762893438
v -0.030515044927597046 0.05081755667924881 0.004587867762893438
v -0.02946019545197487 0.05097910016775131 0.004587867762893438
v -0.02848310023546219 0.051408153027296066 0.004587867762893438
v -0.027650345116853714 0.05207547917962074 0.004587867762893438
v -0.027018683031201363 0.05293560028076172 0.004587867762893438
v -0.026631159707903862 0.053929898887872696 0.004587867762893438
v -0.02651418372988701 0.05499061569571495 0.004587867762893438
v -0.026616064831614494 0.05606280639767647 0.004540192428976297
v -0.027051640674471855 0.057054754346609116 0.004540192428976297
v -0.027729108929634094 0.057900164276361465 0.004540192428976297
v -0.028602302074432373 0.0585414282977581 0.004540192428976297
v -0.02961171232163906 0.05893484130501747 0.004540192428976297
v -0.03068855218589306 0.05905359610915184 0.004540192428976297
v -0.03175943344831467 0.05888959765434265 0.004540192428976297
v -0.032751381397247314 0.05845402181148529 0.004540192428976297
v -0.033596791326999664 0.0577765516936779 0.004540192428976297
v -0.0342380553483963 0.05690335854887962 0.004540192428976297
v -0.03463146835565567 0.055893946439027786 0.004540192428976297
v -0.03475022315979004 0.05481711030006409 0.004540192428976297
v -0.03458622470498085 0.05374622717499733 0.004540192428976297
v -0.03415064886212349 0.05275427922606468 0.004540192428976297
v -0.0334731787443161 0.05190886929631233 0.004540192428976297
v -0.03259998559951782 0.051267605274915695 0.004540192428976297
v -0.031590577214956284 0.050874192267656326 0.004540192428976297
v -0.030513737350702286 0.05075543746352196 0.004540192428976297
v -0.02944285422563553 0.050919435918331146 0.004540192428976297
v -0.02845090813934803 0.05135501176118851 0.004540192428976297
v -0.02760549634695053 0.052032481878995895 0.004540192428976297
v -0.026964232325553894 0.052905675023794174 0.004540192428976297
v -0.026570819318294525 0.05391508340835571 0.004540192428976297
v -0.026452064514160156 0.05499192327260971 0.004540192428976297
v -0.02654658444225788 0.05608300119638443 0.004510222468525171
v -0.026989754289388657 0.05709224194288254 0.004510222468525171
v -0.02767903544008732 0.0579523928463459 0.004510222468525171
v -0.028567451983690262 0.05860483646392822 0.004510222468525171
v -0.029594462364912033 0.05900511145591736 0.004510222468525171
v -0.03069007582962513 0.059125933796167374 0.004510222468525171
v -0.03177962824702263 0.058959074318408966 0.004510222468525171
v -0.03278886899352074 0.05851590633392334 0.004510222468525171
v -0.0336490198969841 0.05782662704586983 0.004510222468525171
v -0.03430146351456642 0.056938208639621735 0.004510222468525171
v -0.03470173850655556 0.05591119825839996 0.004510222468525171
v -0.03482256084680557 0.05481558293104172 0.004510222468525171
v -0.03465570509433746 0.05372603237628937 0.004510222468525171
v -0.03421253338456154 0.05271679162979126 0.004510222468525171
v -0.033523254096508026 0.051856640726327896 0.004510222468525171
v -0.032634835690259933 0.051204197108745575 0.004510222468525171
v -0.03160782530903816 0.05080392211675644 0.004510222468525171
v -0.030512211844325066 0.050683099776506424 0.004510222468525171
v -0.029422659426927567 0.05084995552897453 0.004510222468525171
v -0.02841341868042946 0.05129312723875046 0.004510222468525171
v -0.027553267776966095 0.05198240652680397 0.004510222468525171
v -0.026900824159383774 0.05287082493305206 0.004510222468525171
v -0.026500551030039787 0.053897835314273834 0.004510222468525171
v -0.026379726827144623 0.05499344691634178 0.004510222468525171
v -0.0272288229316473 0.061715349555015564 0.0044999998062849045
v -0.029056265950202942 0.06234584376215935 0.0044999998062849045
v -0.03668023645877838 0.05965139716863632 0.0044999998062849045
v -0.03731517121195793 0.05932135134935379 0.0044999998062849045
v -0.036134522408246994 0.060114290565252304 0.0044999998062849045
v -0.023032475262880325 0.05559389665722847 0.0044999998062849045
v -0.023451250046491623 0.05748114362359047 0.0044999998062849045
v -0.030983664095401764 0.06249488517642021 0.0044999998062849045
v -0.038007572293281555 0.0591406486928463 0.0044999998062849045
v -0.024332623928785324 0.0592016838490963 0.0044999998062849045
v -0.025619570165872574 0.06064419448375702 0.0044999998062849045
v -0.032886311411857605 0.06215282902121544 0.0044999998062849045
v -0.03464110940694809 0.06134180352091789 0.0044999998062849045
v -0.04462127014994621 0.058186791837215424 0.0044999998062849045
v -0.03153916820883751 0.04736262559890747 0.0044999998062849045
v -0.03510222211480141 0.04878076910972595 0.0044999998062849045
v -0.03341161459684372 0.047843266278505325 0.0044999998062849045
v -0.026053816080093384 0.048815034329891205 0.0044999998062849045
v -0.024664567783474922 0.05015930160880089 0.0044999998062849045
v -0.050659675151109695 0.05591210722923279 0.0044999998062849045
v -0.04536399617791176 0.05816682428121567 0.0044999998062849045
v -0.051093101501464844 0.057403307408094406 0.0044999998062849045
v -0.05077822878956795 0.05668623745441437 0.0044999998062849045
v -0.04609130695462227 0.05831867456436157 0.0044999998062849045
v -0.05102991685271263 0.05440397560596466 0.0044999998062849045
v -0.03662770986557007 0.04938092082738876 0.0044999998062849045
v -0.027737276628613472 0.047864753752946854 0.0044999998062849045
v -0.023659415543079376 0.05181058496236801 0.0044999998062849045
v -0.055103957653045654 0.05321982875466347 0.0044999998062849045
v -0.05814134702086449 0.0494186170399189 0.0044999998062849045
v -0.058520540595054626 0.0484456904232502 0.0044999998062849045
v -0.051493480801582336 0.05377275124192238 0.0044999998062849045
v -0.03745420649647713 0.04936957731842995 0.0044999998062849045
v -0.03582588583230972 0.04918018728494644 0.0044999998062849045
v -0.05074552074074745 0.055133670568466187 0.0044999998062849045
v -0.029606029391288757 0.04736994579434395 0.0044999998062849045
v -0.023103393614292145 0.053662046790122986 0.0044999998062849045
v -0.04676399752497673 0.05863416567444801 0.0044999998062849045
v -0.05521339923143387 0.05841482803225517 0.0044999998062849045
v -0.05774328112602234 0.06375586986541748 0.0044999998062849045
v -0.05781351029872894 0.06346243619918823 0.0044999998062849045
v -0.05739882215857506 0.06424550712108612 0.0044999998062849045
v -0.05760207399725914 0.06402251869440079 0.0044999998062849045
v -0.05759664997458458 0.05868974328041077 0.0044999998062849045
v -0.058005377650260925 0.05796119570732117 0.0044999998062849045
v -0.05628810077905655 0.05729386582970619 0.0044999998062849045
v -0.058026883751153946 0.05045653507113457 0.0044999998062849045
v -0.05860478803515434 0.05244480445981026 0.0044999998062849045
v -0.05818495526909828 0.051488712430000305 0.0044999998062849045
v -0.05573517829179764 0.05368339270353317 0.0044999998062849045
v -0.05622491613030434 0.05429453402757645 0.0044999998062849045
v -0.05653978884220123 0.055011603981256485 0.0044999998062849045
v -0.05925777181982994 0.05325965955853462 0.0044999998062849045
v -0.05598838999867439 0.06435200572013855 0.0044999998062849045
v -0.05294375866651535 0.058762408792972565 0.0044999998062849045
v -0.056860681623220444 0.06450779736042023 0.0044999998062849045
v -0.05714637041091919 0.0644107460975647 0.0044999998062849045
v -0.056658342480659485 0.055785734206438065 0.0044999998062849045
v -0.0601111575961113 0.056710533797740936 0.0044999998062849045
v -0.06288248300552368 0.05631083995103836 0.0044999998062849045
v -0.05657249689102173 0.056564170867204666 0.0044999998062849045
v -0.060680091381073 0.04452519118785858 0.0044999998062849045
v -0.059285763651132584 0.04503457993268967 0.0044999998062849045
v -0.0599534809589386 0.04695107787847519 0.0044999998062849045
v -0.05913862586021423 0.04760405793786049 0.0044999998062849045
v -0.05210462212562561 0.05328301340341568 0.0044999998062849045
v -0.05282169207930565 0.052968140691518784 0.0044999998062849045
v -0.05640031769871712 0.04663708806037903 0.0044999998062849045
v -0.052214063704013824 0.058478012681007385 0.0044999998062849045
v -0.05158283933997154 0.05801444873213768 0.0044999998062849045
v -0.05372219532728195 0.05884825438261032 0.0044999998062849045
v -0.056559816002845764 0.06453051418066025 0.0044999998062849045
v -0.05449632927775383 0.05872970074415207 0.0044999998062849045
v -0.0562627911567688 0.06447746604681015 0.0044999998062849045
v -0.05930698290467262 0.056936681270599365 0.0044999998062849045
v -0.05582454055547714 0.057925090193748474 0.0044999998062849045
v -0.062156807631254196 0.04437371343374252 0.0044999998062849045
v -0.06090957298874855 0.04653124511241913 0.0044999998062849045
v -0.06009940057992935 0.05387774482369423 0.0044999998062849045
v -0.06211024522781372 0.05437139794230461 0.0044999998062849045
v -0.06107232719659805 0.05425693839788437 0.0044999998062849045
v -0.06409851461648941 0.05379349738359451 0.0044999998062849045
v -0.06314241886138916 0.054213326424360275 0.0044999998062849045
v -0.06431424617767334 0.05591880902647972 0.0044999998062849045
v -0.057400718331336975 0.06033455580472946 0.0044999998062849045
v -0.05858873948454857 0.05736325681209564 0.0044999998062849045
v -0.06560593843460083 0.05518726631999016 0.0044999998062849045
v -0.057808324694633484 0.06316076219081879 0.0044999998062849045
v -0.05805916711688042 0.04587070271372795 0.0044999998062849045
v -0.05739041417837143 0.05949925258755684 0.0044999998062849045
v -0.05437426269054413 0.05293543264269829 0.0044999998062849045
v -0.05699942260980606 0.0464906319975853 0.0044999998062849045
v -0.0575593039393425 0.046231966465711594 0.0044999998062849045
v -0.06746626645326614 0.052902791649103165 0.0044999998062849045
v -0.06792102754116058 0.0514896996319294 0.0044999998062849045
v -0.06591065227985382 0.051325954496860504 0.0044999998062849045
v -0.06602510809898376 0.050288040190935135 0.0044999998062849045
v -0.06801494210958481 0.05000821128487587 0.0044999998062849045
v -0.067742258310318 0.04854900762438774 0.0044999998062849045
v -0.06586703658103943 0.0492558628320694 0.0044999998062849045
v -0.06544720381498337 0.048299770802259445 0.0044999998062849045
v -0.06194175034761429 0.04637317359447479 0.0044999998062849045
v -0.0666785016655922 0.054160986095666885 0.0044999998062849045
v -0.06491336971521378 0.053140513598918915 0.0044999998062849045
v -0.06553145498037338 0.052298881113529205 0.0044999998062849045
v -0.06711967289447784 0.04720140993595123 0.0044999998062849045
v -0.06618529558181763 0.04604790732264519 0.0044999998062849045
v -0.06499630957841873 0.04515910893678665 0.0044999998062849045
v -0.06395259499549866 0.04686683043837547 0.0044999998062849045
v -0.06297966837882996 0.04648763686418533 0.0044999998062849045
v -0.05359582230448723 0.05284958705306053 0.0044999998062849045
v -0.06479422748088837 0.04748491570353508 0.0044999998062849045
v -0.0636255145072937 0.04458941891789436 0.0044999998062849045
v -0.03510222211480141 0.04878076910972595 -0.0044999998062849045
v -0.03341161459684372 0.047843266278505325 -0.0044999998062849045
v -0.03153916820883751 0.04736262559890747 -0.0044999998062849045
v -0.029606029391288757 0.04736994579434395 -0.0044999998062849045
v -0.027737276628613472 0.047864753752946854 -0.0044999998062849045
v -0.026053816080093384 0.048815034329891205 -0.0044999998062849045
v -0.024664567783474922 0.05015930160880089 -0.0044999998062849045
v -0.023659415543079376 0.05181058496236801 -0.0044999998062849045
v -0.023103393614292145 0.053662046790122986 -0.0044999998062849045
v -0.023032475262880325 0.05559389665722847 -0.0044999998062849045
v -0.023451250046491623 0.05748114362359047 -0.0044999998062849045
v -0.024332623928785324 0.0592016838490963 -0.0044999998062849045
v -0.025619570165872574 0.06064419448375702 -0.0044999998062849045
v -0.0272288229316473 0.061715349555015564 -0.0044999998062849045
v -0.029056265950202942 0.06234584376215935 -0.0044999998062849045
v -0.030983664095401764 0.06249488517642021 -0.0044999998062849045
v -0.032886311411857605 0.06215282902121544 -0.0044999998062849045
v -0.03464110940694809 0.06134180352091789 -0.0044999998062849045
v -0.036134522408246994 0.060114290565252304 -0.0044999998062849045
v -0.057400718331336975 0.06033455580472946 -0.0044999998062849045
v -0.05739041417837143 0.05949925258755684 -0.0044999998062849045
v -0.05759664997458458 0.05868974328041077 -0.0044999998062849045
v -0.058005377650260925 0.05796119570732117 -0.0044999998062849045
v -0.05858873948454857 0.05736325681209564 -0.0044999998062849045
v -0.05930698290467262 0.056936681270599365 -0.0044999998062849045
v -0.0601111575961113 0.056710533797740936 -0.0044999998062849045
v -0.03745420649647713 0.04936957731842995 -0.0044999998062849045
v -0.03662770986557007 0.04938092082738876 -0.0044999998062849045
v -0.03582588583230972 0.04918018728494644 -0.0044999998062849045
v -0.05640031769871712 0.04663708806037903 -0.0044999998062849045
v -0.05805916711688042 0.04587070271372795 -0.0044999998062849045
v -0.0575593039393425 0.046231966465711594 -0.0044999998062849045
v -0.05699942260980606 0.0464906319975853 -0.0044999998062849045
v -0.06288248300552368 0.05631083995103836 -0.0044999998062849045
v -0.06431424617767334 0.05591880902647972 -0.0044999998062849045
v -0.06560593843460083 0.05518726631999016 -0.0044999998062849045
v -0.0666785016655922 0.054160986095666885 -0.0044999998062849045
v -0.06746626645326614 0.052902791649103165 -0.0044999998062849045
v -0.06792102754116058 0.0514896996319294 -0.0044999998062849045
v -0.06801494210958481 0.05000821128487587 -0.0044999998062849045
v -0.067742258310318 0.04854900762438774 -0.0044999998062849045
v -0.06711967289447784 0.04720140993595123 -0.0044999998062849045
v -0.06618529558181763 0.04604790732264519 -0.0044999998062849045
v -0.06499630957841873 0.04515910893678665 -0.0044999998062849045
v -0.0636255145072937 0.04458941891789436 -0.0044999998062849045
v -0.062156807631254196 0.04437371343374252 -0.0044999998062849045
v -0.060680091381073 0.04452519118785858 -0.0044999998062849045
v -0.059285763651132584 0.04503457993268967 -0.0044999998062849045
v -0.057808324694633484 0.06316076219081879 -0.0044999998062849045
v -0.05598838999867439 0.06435200572013855 -0.0044999998062849045
v -0.0562627911567688 0.06447746604681015 -0.0044999998062849045
v -0.056559816002845764 0.06453051418066025 -0.0044999998062849045
v -0.056860681623220444 0.06450779736042023 -0.0044999998062849045
v -0.05714637041091919 0.0644107460975647 -0.0044999998062849045
v -0.05739882215857506 0.06424550712108612 -0.0044999998062849045
v -0.05760207399725914 0.06402251869440079 -0.0044999998062849045
v -0.05774328112602234 0.06375586986541748 -0.0044999998062849045
v -0.05781351029872894 0.06346243619918823 -0.0044999998062849045
v -0.04676399752497673 0.05863416567444801 -0.0044999998062849045
v -0.04462127014994621 0.058186791837215424 -0.0044999998062849045
v -0.04536399617791176 0.05816682428121567 -0.0044999998062849045
v -0.04609130695462227 0.05831867456436157 -0.0044999998062849045
v -0.038007572293281555 0.0591406486928463 -0.0044999998062849045
v -0.03668023645877838 0.05965139716863632 -0.0044999998062849045
v -0.03731517121195793 0.05932135134935379 -0.0044999998062849045
v -0.05125835910439491 0.056546684354543686 0.004000000189989805
v -0.051520753651857376 0.05714424327015877 0.004000000189989805
v -0.051928866654634476 0.057653527706861496 0.004000000189989805
v -0.05245488882064819 0.0580398328602314 0.004000000189989805
v -0.05306296795606613 0.05827682837843895 0.004000000189989805
v -0.0537116639316082 0.058348365128040314 0.004000000189989805
v -0.05435677617788315 0.058249570429325104 0.004000000189989805
v -0.05495433136820793 0.05798717588186264 0.004000000189989805
v -0.05546361580491066 0.05757906287908554 0.004000000189989805
v -0.05584992095828056 0.05705304071307182 0.004000000189989805
v -0.05608691647648811 0.05644496530294418 0.004000000189989805
v -0.05615845322608948 0.055796265602111816 0.004000000189989805
v -0.05605965852737427 0.05515115708112717 0.004000000189989805
v -0.055797263979911804 0.054553598165512085 0.004000000189989805
v -0.055389150977134705 0.05404431372880936 0.004000000189989805
v -0.054863132536411285 0.05365800857543945 0.004000000189989805
v -0.05425505340099335 0.0534210130572319 0.004000000189989805
v -0.05360635370016098 0.05334947630763054 0.004000000189989805
v -0.05296124517917633 0.05344827100634575 0.004000000189989805
v -0.05236368626356125 0.05371066555380821 0.004000000189989805
v -0.05185440182685852 0.05411877855658531 0.004000000189989805
v -0.051468100398778915 0.05464479699730873 0.004000000189989805
v -0.05123110115528107 0.05525287613272667 0.004000000189989805
v -0.0511595644056797 0.055901575833559036 0.004000000189989805
v -0.05605965852737427 0.05515115708112717 -0.004000000189989805
v -0.05615845322608948 0.055796265602111816 -0.004000000189989805
v -0.055797263979911804 0.054553598165512085 -0.004000000189989805
v -0.055389150977134705 0.05404431372880936 -0.004000000189989805
v -0.054863132536411285 0.05365800857543945 -0.004000000189989805
v -0.05425505340099335 0.0534210130572319 -0.004000000189989805
v -0.05360635370016098 0.05334947630763054 -0.004000000189989805
v -0.05296124517917633 0.05344827100634575 -0.004000000189989805
v -0.05236368626356125 0.05371066555380821 -0.004000000189989805
v -0.05185440182685852 0.05411877855658531 -0.004000000189989805
v -0.051468100398778915 0.05464479699730873 -0.004000000189989805
v -0.05123110115528107 0.05525287613272667 -0.004000000189989805
v -0.0511595644056797 0.055901575833559036 -0.004000000189989805
v -0.05125835910439491 0.056546684354543686 -0.004000000189989805
v -0.051520753651857376 0.05714424327015877 -0.004000000189989805
v -0.051928866654634476 0.057653527706861496 -0.004000000189989805
v -0.05245488882064819 0.0580398328602314 -0.004000000189989805
v -0.05306296795606613 0.05827682837843895 -0.004000000189989805
v -0.0537116639316082 0.058348365128040314 -0.004000000189989805
v -0.05435677617788315 0.058249570429325104 -0.004000000189989805
v -0.05495433136820793 0.05798717588186264 -0.004000000189989805
v -0.05546361580491066 0.05757906287908554 -0.004000000189989805
v -0.05584992095828056 0.05705304071307182 -0.004000000189989805
v -0.05608691647648811 0.05644496530294418 -0.004000000189989805
v -0.056658342480659485 0.055785734206438065 -0.0044999998062849045
v -0.05657249689102173 0.056564170867204666 -0.0044999998062849045
v -0.05628810077905655 0.05729386582970619 -0.0044999998062849045
v -0.05582454055547714 0.057925090193748474 -0.0044999998062849045
v -0.05521339923143387 0.05841482803225517 -0.0044999998062849045
v -0.05449632927775383 0.05872970074415207 -0.0044999998062849045
v -0.05372219532728195 0.05884825438261032 -0.0044999998062849045
v -0.05294375866651535 0.058762408792972565 -0.0044999998062849045
v -0.052214063704013824 0.058478012681007385 -0.0044999998062849045
v -0.05158283933997154 0.05801444873213768 -0.0044999998062849045
v -0.051093101501464844 0.057403307408094406 -0.0044999998062849045
v -0.05077822878956795 0.05668623745441437 -0.0044999998062849045
v -0.050659675151109695 0.05591210722923279 -0.0044999998062849045
v -0.05074552074074745 0.055133670568466187 -0.0044999998062849045
v -0.05102991685271263 0.05440397560596466 -0.0044999998062849045
v -0.051493480801582336 0.05377275124192238 -0.0044999998062849045
v -0.05210462212562561 0.05328301340341568 -0.0044999998062849045
v -0.05282169207930565 0.052968140691518784 -0.0044999998062849045
v -0.05359582230448723 0.05284958705306053 -0.0044999998062849045
v -0.05437426269054413 0.05293543264269829 -0.0044999998062849045
v -0.055103957653045654 0.05321982875466347 -0.0044999998062849045
v -0.05573517829179764 0.05368339270353317 -0.0044999998062849045
v -0.05622491613030434 0.05429453402757645 -0.0044999998062849045
v -0.05653978884220123 0.055011603981256485 -0.0044999998062849045
v -0.05866508558392525 0.05134915933012962 0.004000000189989805
v -0.059032440185546875 0.05218574032187462 0.004000000189989805
v -0.059603799134492874 0.05289873853325844 0.004000000189989805
v -0.06034022569656372 0.053439561277627945 0.004000000189989805
v -0.061191536486148834 0.053771357983350754 0.004000000189989805
v -0.06209971383213997 0.053871508687734604 0.004000000189989805
v -0.06300286948680878 0.05373319610953331 0.004000000189989805
v -0.06383945047855377 0.05336584523320198 0.004000000189989805
v -0.06455244868993759 0.05279448628425598 0.004000000189989805
v -0.0650932714343071 0.052058055996894836 0.004000000189989805
v -0.06542506814002991 0.05120674893260002 0.004000000189989805
v -0.06552521884441376 0.05029856786131859 0.004000000189989805
v -0.06538690626621246 0.04939541593194008 0.004000000189989805
v -0.06501955538988113 0.048558834940195084 0.004000000189989805
v -0.06444819271564484 0.047845836728811264 0.004000000189989805
v -0.06371176987886429 0.04730501025915146 0.004000000189989805
v -0.06286045908927917 0.04697321727871895 0.004000000189989805
v -0.06195228174328804 0.0468730628490448 0.004000000189989805
v -0.06104912608861923 0.047011375427246094 0.004000000189989805
v -0.06021254509687424 0.04737873002886772 0.004000000189989805
v -0.05949954688549042 0.04795008897781372 0.004000000189989805
v -0.05895872041583061 0.04868651553988457 0.004000000189989805
v -0.0586269274353981 0.04953782632946968 0.004000000189989805
v -0.05852677300572395 0.050446003675460815 0.004000000189989805
v -0.06538690626621246 0.04939541593194008 -0.004000000189989805
v -0.06552521884441376 0.05029856786131859 -0.004000000189989805
v -0.06501955538988113 0.048558834940195084 -0.004000000189989805
v -0.06444819271564484 0.047845836728811264 -0.004000000189989805
v -0.06371176987886429 0.04730501025915146 -0.004000000189989805
v -0.06286045908927917 0.04697321727871895 -0.004000000189989805
v -0.06195228174328804 0.0468730628490448 -0.004000000189989805
v -0.06104912608861923 0.047011375427246094 -0.004000000189989805
v -0.06021254509687424 0.04737873002886772 -0.004000000189989805
v -0.05949954688549042 0.04795008897781372 -0.004000000189989805
v -0.05895872041583061 0.04868651553988457 -0.004000000189989805
v -0.0586269274353981 0.04953782632946968 -0.004000000189989805
v -0.05852677300572395 0.050446003675460815 -0.004000000189989805
v -0.05866508558392525 0.05134915933012962 -0.004000000189989805
v -0.059032440185546875 0.05218574032187462 -0.004000000189989805
v -0.059603799134492874 0.05289873853325844 -0.004000000189989805
v -0.06034022569656372 0.053439561277627945 -0.004000000189989805
v -0.061191536486148834 0.053771357983350754 -0.004000000189989805
v -0.06209971383213997 0.053871508687734604 -0.004000000189989805
v -0.06300286948680878 0.05373319610953331 -0.004000000189989805
v -0.06383945047855377 0.05336584523320198 -0.004000000189989805
v -0.06455244868993759 0.05279448628425598 -0.004000000189989805
v -0.0650932714343071 0.052058055996894836 -0.004000000189989805
v -0.06542506814002991 0.05120674893260002 -0.004000000189989805
v -0.06602510809898376 0.050288040190935135 -0.0044999998062849045
v -0.06591065227985382 0.051325954496860504 -0.0044999998062849045
v -0.06553145498037338 0.052298881113529205 -0.0044999998062849045
v -0.06491336971521378 0.053140513598918915 -0.0044999998062849045
v -0.06409851461648941 0.05379349738359451 -0.0044999998062849045
v -0.06314241886138916 0.054213326424360275 -0.0044999998062849045
v -0.06211024522781372 0.05437139794230461 -0.0044999998062849045
v -0.06107232719659805 0.05425693839788437 -0.0044999998062849045
v -0.06009940057992935 0.05387774482369423 -0.0044999998062849045
v -0.05925777181982994 0.05325965955853462 -0.0044999998062849045
v -0.05860478803515434 0.05244480445981026 -0.0044999998062849045
v -0.05818495526909828 0.051488712430000305 -0.0044999998062849045
v -0.058026883751153946 0.05045653507113457 -0.0044999998062849045
v -0.05814134702086449 0.0494186170399189 -0.0044999998062849045
v -0.058520540595054626 0.0484456904232502 -0.0044999998062849045
v -0.05913862586021423 0.04760405793786049 -0.0044999998062849045
v -0.0599534809589386 0.04695107787847519 -0.0044999998062849045
v -0.06090957298874855 0.04653124511241913 -0.0044999998062849045
v -0.06194175034761429 0.04637317359447479 -0.0044999998062849045
v -0.06297966837882996 0.04648763686418533 -0.0044999998062849045
v -0.06395259499549866 0.04686683043837547 -0.0044999998062849045
v -0.06479422748088837 0.04748491570353508 -0.0044999998062849045
v -0.06544720381498337 0.048299770802259445 -0.0044999998062849045
v -0.06586703658103943 0.0492558628320694 -0.0044999998062849045
v -0.03162634000182152 0.05072851479053497 -0.0044999998062849045
v -0.03267223387956619 0.05113615095615387 -0.0044999998062849045
v -0.03357698768377304 0.05180059000849724 -0.0044999998062849045
v -0.027497218921780586 0.051928672939538956 -0.0044999998062849045
v -0.02837318740785122 0.05122671648859978 -0.0044999998062849045
v -0.03051057644188404 0.050605468451976776 -0.0044999998062849045
v -0.03427894413471222 0.05267655849456787 -0.0044999998062849045
v -0.02642514370381832 0.05387932062149048 -0.0044999998062849045
v -0.02683277800679207 0.052833426743745804 -0.0044999998062849045
v -0.029400987550616264 0.050775397568941116 -0.0044999998062849045
v -0.03490019217133522 0.05481395125389099 -0.0044999998062849045
v -0.03473026305437088 0.053704358637332916 -0.0044999998062849045
v -0.03370507061481476 0.05788036063313484 -0.0044999998062849045
v -0.03436950966715813 0.056975606828927994 -0.0044999998062849045
v -0.03477714583277702 0.05592970922589302 -0.0044999998062849045
v -0.032829102128744125 0.05858231708407402 -0.0044999998062849045
v -0.029575949534773827 0.059080515056848526 -0.0044999998062849045
v -0.028530053794384003 0.05867288261651993 -0.0044999998062849045
v -0.026472024619579315 0.05610467121005058 -0.0044999998062849045
v -0.026302097365260124 0.054995082318782806 -0.0044999998062849045
v -0.03180130198597908 0.05903363600373268 -0.0044999998062849045
v -0.027625299990177155 0.05800843983888626 -0.0044999998062849045
v -0.026923345401883125 0.05713247135281563 -0.0044999998062849045
v -0.030691711232066154 0.05920356139540672 -0.0044999998062849045
v -0.02660203166306019 0.054988764226436615 -0.004800000227987766
v -0.026760103181004524 0.05602094158530235 -0.004800000227987766
v -0.027179935947060585 0.056977033615112305 -0.004800000227987766
v -0.027832917869091034 0.05779188871383667 -0.004800000227987766
v -0.028674548491835594 0.05840997397899628 -0.004800000227987766
v -0.029647475108504295 0.05878916755318642 -0.004800000227987766
v -0.030685393139719963 0.05890363082289696 -0.004800000227987766
v -0.03171756863594055 0.05874555930495262 -0.004800000227987766
v -0.032673660665750504 0.05832572653889656 -0.004800000227987766
v -0.03348851576447487 0.05767274275422096 -0.004800000227987766
v -0.034106601029634476 0.05683111026883125 -0.004800000227987766
v -0.034485794603824615 0.05585818365216255 -0.004800000227987766
v -0.034600257873535156 0.05482026934623718 -0.004800000227987766
v -0.03444218635559082 0.053788091987371445 -0.004800000227987766
v -0.03402235358953476 0.05283199995756149 -0.004800000227987766
v -0.03336936980485916 0.05201714485883713 -0.004800000227987766
v -0.03252774104475975 0.05139905959367752 -0.004800000227987766
v -0.03155481442809105 0.05101986601948738 -0.004800000227987766
v -0.03051689639687538 0.05090540274977684 -0.004800000227987766
v -0.029484720900654793 0.051063474267721176 -0.004800000227987766
v -0.028528627008199692 0.05148330703377724 -0.004800000227987766
v -0.027713771909475327 0.052136290818452835 -0.004800000227987766
v -0.02709568664431572 0.052977919578552246 -0.004800000227987766
v -0.02671649307012558 0.05395084619522095 -0.004800000227987766
v -0.02654658444225788 0.05608300119638443 -0.004510222468525171
v -0.026989754289388657 0.05709224194288254 -0.004510222468525171
v -0.02767903544008732 0.0579523928463459 -0.004510222468525171
v -0.028567451983690262 0.05860483646392822 -0.004510222468525171
v -0.029594462364912033 0.05900511145591736 -0.004510222468525171
v -0.03069007582962513 0.059125933796167374 -0.004510222468525171
v -0.03177962824702263 0.058959074318408966 -0.004510222468525171
v -0.03278886899352074 0.05851590633392334 -0.004510222468525171
v -0.0336490198969841 0.05782662704586983 -0.004510222468525171
v -0.03430146351456642 0.056938208639621735 -0.004510222468525171
v -0.03470173850655556 0.05591119825839996 -0.004510222468525171
v -0.03482256084680557 0.05481558293104172 -0.004510222468525171
v -0.03465570509433746 0.05372603237628937 -0.004510222468525171
v -0.03421253338456154 0.05271679162979126 -0.004510222468525171
v -0.033523254096508026 0.051856640726327896 -0.004510222468525171
v -0.032634835690259933 0.051204197108745575 -0.004510222468525171
v -0.03160782530903816 0.05080392211675644 -0.004510222468525171
v -0.030512211844325066 0.050683099776506424 -0.004510222468525171
v -0.029422659426927567 0.05084995552897453 -0.004510222468525171
v -0.02841341868042946 0.05129312723875046 -0.004510222468525171
v -0.027553267776966095 0.05198240652680397 -0.004510222468525171
v -0.026900824159383774 0.05287082493305206 -0.004510222468525171
v -0.026500551030039787 0.053897835314273834 -0.004510222468525171
v -0.026379726827144623 0.05499344691634178 -0.004510222468525171
v -0.026616064831614494 0.05606280639767647 -0.004540192428976297
v -0.027051640674471855 0.057054754346609116 -0.004540192428976297
v -0.027729108929634094 0.057900164276361465 -0.004540192428976297
v -0.028602302074432373 0.0585414282977581 -0.004540192428976297
v -0.02961171232163906 0.05893484130501747 -0.004540192428976297
v -0.03068855218589306 0.05905359610915184 -0.004540192428976297
v -0.03175943344831467 0.05888959765434265 -0.004540192428976297
v -0.032751381397247314 0.05845402181148529 -0.004540192428976297
v -0.033596791326999664 0.0577765516936779 -0.004540192428976297
v -0.0342380553483963 0.05690335854887962 -0.004540192428976297
v -0.03463146835565567 0.055893946439027786 -0.004540192428976297
v -0.03475022315979004 0.05481711030006409 -0.004540192428976297
v -0.03458622470498085 0.05374622717499733 -0.004540192428976297
v -0.03415064886212349 0.05275427922606468 -0.004540192428976297
v -0.0334731787443161 0.05190886929631233 -0.004540192428976297
v -0.03259998559951782 0.051267605274915695 -0.004540192428976297
v -0.031590577214956284 0.050874192267656326 -0.004540192428976297
v -0.030513737350702286 0.05075543746352196 -0.004540192428976297
v -0.02944285422563553 0.050919435918331146 -0.004540192428976297
v -0.02845090813934803 0.05135501176118851 -0.004540192428976297
v -0.02760549634695053 0.052032481878995895 -0.004540192428976297
v -0.026964232325553894 0.052905675023794174 -0.004540192428976297
v -0.026570819318294525 0.05391508340835571 -0.004540192428976297
v -0.026452064514160156 0.05499192327260971 -0.004540192428976297
v -0.02667572721838951 0.05604546517133713 -0.004587867762893438
v -0.027104781940579414 0.05702256038784981 -0.004587867762893438
v -0.02777210809290409 0.05785531550645828 -0.004587867762893438
v -0.028632227331399918 0.05848697945475578 -0.004587867762893438
v -0.029626525938510895 0.058874502778053284 -0.004587867762893438
v -0.03068724274635315 0.05899147689342499 -0.004587867762893438
v -0.03174209222197533 0.058829933404922485 -0.004587867762893438
v -0.03271918743848801 0.05840088054537773 -0.004587867762893438
v -0.03355194255709648 0.057733554393053055 -0.004587867762893438
v -0.03418360650539398 0.05687343329191208 -0.004587867762893438
v -0.03457112982869148 0.0558791346848011 -0.004587867762893438
v -0.03468810394406319 0.05481841787695885 -0.004587867762893438
v -0.034526560455560684 0.05376356840133667 -0.004587867762893438
v -0.03409750759601593 0.05278647318482399 -0.004587867762893438
v -0.033430181443691254 0.051953718066215515 -0.004587867762893438
v -0.03257006034255028 0.051322054117918015 -0.004587867762893438
v -0.0315757617354393 0.050934530794620514 -0.004587867762893438
v -0.030515044927597046 0.05081755667924881 -0.004587867762893438
v -0.02946019545197487 0.05097910016775131 -0.004587867762893438
v -0.02848310023546219 0.051408153027296066 -0.004587867762893438
v -0.027650345116853714 0.05207547917962074 -0.004587867762893438
v -0.027018683031201363 0.05293560028076172 -0.004587867762893438
v -0.026631159707903862 0.053929898887872696 -0.004587867762893438
v -0.02651418372988701 0.05499061569571495 -0.004587867762893438
v -0.02672150731086731 0.05603215843439102 -0.004650000017136335
v -0.02714555896818638 0.05699785798788071 -0.004650000017136335
v -0.02780510112643242 0.05782090127468109 -0.004650000017136335
v -0.028655190020799637 0.058445196598768234 -0.004650000017136335
v -0.02963789366185665 0.0588282011449337 -0.004650000017136335
v -0.030686238780617714 0.05894381180405617 -0.004650000017136335
v -0.03172878548502922 0.05878415331244469 -0.004650000017136335
v -0.032694485038518906 0.05836010351777077 -0.004650000017136335
v -0.03351752832531929 0.05770055949687958 -0.004650000017136335
v -0.03414182364940643 0.05685047060251236 -0.004650000017136335
v -0.0345248281955719 0.055867768824100494 -0.004650000017136335
v -0.034640438854694366 0.05481941998004913 -0.004650000017136335
v -0.034480780363082886 0.053776875138282776 -0.004650000017136335
v -0.034056730568408966 0.05281117558479309 -0.004650000017136335
v -0.033397186547517776 0.051988132297992706 -0.004650000017136335
v -0.03254709765315056 0.05136383697390556 -0.004650000017136335
v -0.03156439587473869 0.0509808324277401 -0.004650000017136335
v -0.03051604889333248 0.05086522176861763 -0.004650000017136335
v -0.029473502188920975 0.05102488026022911 -0.004650000017136335
v -0.02850780263543129 0.05144893005490303 -0.004650000017136335
v -0.027684759348630905 0.05210847407579422 -0.004650000017136335
v -0.027060464024543762 0.05295856297016144 -0.004650000017136335
v -0.026677459478378296 0.0539412647485733 -0.004650000017136335
v -0.02656184881925583 0.054989609867334366 -0.004650000017136335
v -0.026750287041068077 0.056023795157670975 -0.004722354467958212
v -0.027171192690730095 0.05698233097791672 -0.004722354467958212
v -0.027825843542814255 0.05779926851391792 -0.004722354467958212
v -0.028669625520706177 0.05841893330216408 -0.004722354467958212
v -0.0296450387686491 0.05879909545183182 -0.004722354467958212
v -0.030685607343912125 0.05891384929418564 -0.004722354467958212
v -0.031720422208309174 0.05875537171959877 -0.004722354467958212
v -0.032678958028554916 0.05833446979522705 -0.004722354467958212
v -0.03349589556455612 0.05767981708049774 -0.004722354467958212
v -0.03411556035280228 0.05683603510260582 -0.004722354467958212
v -0.034495722502470016 0.055860623717308044 -0.004722354467958212
v -0.03461047634482384 0.05482005327939987 -0.004722354467958212
v -0.03445200249552727 0.05378523841500282 -0.004722354467958212
v -0.03403109684586525 0.05282670259475708 -0.004722354467958212
v -0.03337644413113594 0.052009765058755875 -0.004722354467958212
v -0.03253266215324402 0.05139010027050972 -0.004722354467958212
v -0.03155725076794624 0.05100993812084198 -0.004722354467958212
v -0.03051668033003807 0.05089518427848816 -0.004722354467958212
v -0.02948186732828617 0.05105365812778473 -0.004722354467958212
v -0.02852332964539528 0.05147456377744675 -0.004722354467958212
v -0.027706393972039223 0.052129216492176056 -0.004722354467958212
v -0.027086729183793068 0.05297299847006798 -0.004722354467958212
v -0.02670656517148018 0.05394840985536575 -0.004722354467958212
v -0.026591811329126358 0.054988980293273926 -0.004722354467958212
v -0.02660203166306019 0.054988764226436615 -0.00800000037997961
v -0.026760103181004524 0.05602094158530235 -0.00800000037997961
v -0.027179935947060585 0.056977033615112305 -0.00800000037997961
v -0.027832917869091034 0.05779188871383667 -0.00800000037997961
v -0.028674548491835594 0.05840997397899628 -0.00800000037997961
v -0.029647475108504295 0.05878916755318642 -0.00800000037997961
v -0.030685393139719963 0.05890363082289696 -0.00800000037997961
v -0.03171756863594055 0.05874555930495262 -0.00800000037997961
v -0.032673660665750504 0.05832572653889656 -0.00800000037997961
v -0.03348851576447487 0.05767274275422096 -0.00800000037997961
v -0.034106601029634476 0.05683111026883125 -0.00800000037997961
v -0.034485794603824615 0.05585818365216255 -0.00800000037997961
v -0.034600257873535156 0.05482026934623718 -0.00800000037997961
v -0.03444218635559082 0.053788091987371445 -0.00800000037997961
v -0.03402235358953476 0.05283199995756149 -0.00800000037997961
v -0.03336936980485916 0.05201714485883713 -0.00800000037997961
v -0.03252774104475975 0.05139905959367752 -0.00800000037997961
v -0.03155481442809105 0.05101986601948738 -0.00800000037997961
v -0.03051689639687538 0.05090540274977684 -0.00800000037997961
v -0.029484720900654793 0.051063474267721176 -0.00800000037997961
v -0.028528627008199692 0.05148330703377724 -0.00800000037997961
v -0.027713771909475327 0.052136290818452835 -0.00800000037997961
v -0.02709568664431572 0.052977919578552246 -0.00800000037997961
v -0.02671649307012558 0.05395084619522095 -0.00800000037997961
v -0.026851976290345192 0.05498350039124489 -0.008249999955296516
v -0.027000168338418007 0.05595116317272186 -0.008249999955296516
v -0.027393760159611702 0.056847501546144485 -0.008249999955296516
v -0.0280059315264225 0.05761142820119858 -0.008249999955296516
v -0.02879496105015278 0.058190882205963135 -0.008249999955296516
v -0.029707079753279686 0.05854637548327446 -0.008249999955296516
v -0.030680127441883087 0.058653686195611954 -0.008249999955296516
v -0.03164779022336006 0.05850549414753914 -0.008249999955296516
v -0.032544128596782684 0.058111898601055145 -0.008249999955296516
v -0.03330805525183678 0.057499729096889496 -0.008249999955296516
v -0.033887509256601334 0.05671069771051407 -0.008249999955296516
v -0.03424300625920296 0.05579858273267746 -0.008249999955296516
v -0.03435031324625015 0.05482553318142891 -0.008249999955296516
v -0.03420212119817734 0.053857870399951935 -0.008249999955296516
v -0.03380852937698364 0.05296153202652931 -0.008249999955296516
v -0.033196356147527695 0.05219760537147522 -0.008249999955296516
v -0.032407328486442566 0.05161815136671066 -0.008249999955296516
v -0.03149520978331566 0.05126265436410904 -0.008249999955296516
v -0.030522162094712257 0.051155347377061844 -0.008249999955296516
v -0.029554497450590134 0.05130353942513466 -0.008249999955296516
v -0.02865815907716751 0.051697131246328354 -0.008249999955296516
v -0.02789423242211342 0.0523093044757843 -0.008249999955296516
v -0.02731477841734886 0.05309833213686943 -0.008249999955296516
v -0.026959283277392387 0.05401045083999634 -0.008249999955296516
v -0.030601143836975098 0.0549045167863369 -0.008249999955296516
vt 2.6179938316345215 -1.3010426069826053e-18
vt 4.450589656829834 2.879793167114258
vt 0.00036970226210542023 0.0031785720493644476
vt 1.832595705986023 -0.0002500000118743628
vt 4.974188327789307 0.003449999960139394
vt 0.7853981852531433 2.879793167114258
vt -0.003207383444532752 0.0019429851090535522
vt 6.544984817504883 -1.832595705986023
vt 1.0471975803375244 -3.469446951953614e-18
vt -0.025112831965088844 0.008169051259756088
vt 2.356194496154785 1.832595705986023
vt -2.3607292657623577e-19 0.00279999990016222
vt 3.4033920764923096 0.013050000183284283
vt 4.71238899230957 -2.094395160675049
vt 0.003286366118118167 0.0018061830196529627
vt 0.7853981852531433 -1.832595705986023
vt 3.665191411972046 -8.673617379884035e-19
vt 3.665191411972046 -1.832595705986023
vt 0.2617993950843811 2.356194496154785
vt 5.759586334228516 -3.469446951953614e-18
vt 0.005371075589209795 0.00452616810798645
vt -0.022141210734844208 0.0014017117209732533
vt 5.759586334228516 1.832595705986023
vt 3.4033920764923096 3.1415927410125732
vt 2.6179938316345215 -3.469446951953614e-18
vt -0.030744845047593117 0.0023466581478714943
vt 5.497786998748779 0.016249999403953552
vt -0.02368267811834812 -0.0016771577065810561
vt 3.665191411972046 1.5707963705062866
vt 0.006013750098645687 0.01629253663122654
vt 0.5235987901687622 -2.094395160675049
vt 6.02138614654541 -3.1415927410125732
vt 6.02138614654541 -4.336808689942018e-18
vt -0.008999999612569809 1.0199416539825874e-17
vt 3.665191411972046 -2.356194496154785
vt 3.4033920764923096 -0.008500000461935997
vt 1.0471975803375244 -0.0005000000237487257
vt 3.1415927410125732 -3.469446951953614e-18
vt 0.00742146372795105 0.012878168374300003
vt 2.879793167114258 -0.0005000000237487257
vt 4.974188327789307 2.356194496154785
vt 0.0032923445105552673 0.01167801208794117
vt 4.450589656829834 -2.356194496154785
vt -0.02515939250588417 -0.0018286349950358272
vt 2.879793167114258 3.1415927410125732
vt 4.71238899230957 0.016249999403953552
vt 5.235987663269043 3.1415927410125732
vt 4.834561824798584 -1.88533569472985e-18
vt -0.018215984106063843 0.0122124794870615
vt 5.235987663269043 -0.0002500000118743628
vt 0.008467359468340874 0.01247053500264883
vt 2.094395160675049 -3.659266894335748e-33
vt 4.974188327789307 -1.5707963705062866
vt 2.879793167114258 2.094395160675049
vt 4.188790321350098 2.6179938316345215
vt 1.5707963705062866 0.013050000183284283
vt 1.8860020637512207 0.008999999612569809
vt 0.0 0.0
vt 1.0471975803375244 -4.336808689942018e-18
vt 6.544984817504883 -2.6179938316345215
vt 1.0471975803375244 -3.1415927410125732
vt 4.71238899230957 -1.832595705986023
vt 4.188790321350098 2.879793167114258
vt 4.71238899230957 0.0002500000118743628
vt 0.0 0.016249999403953552
vt 1.5707963705062866 -8.666684749742561e-34
vt 6.02138614654541 -1.832595705986023
vt 1.832595705986023 -0.008500000461935997
vt -0.0204033050686121 0.01413220725953579
vt 0.7853981852531433 0.003449999960139394
vt 0.7853981852531433 -0.0005000000237487257
vt 4.421475887298584 -3.687767626156879e-18
vt 1.832595705986023 -8.673617379884035e-19
vt 0.011377844959497452 0.014441846869885921
vt 3.665191411972046 0.016249999403953552
vt 3.665191411972046 -1.5707963705062866
vt 0.7853981852531433 0.0002500000118743628
vt 5.8817596435546875 0.008999999612569809
vt 0.7853981852531433 -1.5707963705062866
vt 3.665191411972046 0.0002500000118743628
vt 1.1749149560928345 0.008999999612569809
vt 0.2617993950843811 -2.879793167114258
vt 4.369141101837158 0.008999999612569809
vt 5.759586334228516 -0.0002500000118743628
vt 1.832595705986023 3.1415927410125732
vt 6.02138614654541 -1.5707963705062866
vt 4.5675859451293945 4.221431883741896e-18
vt 0.0 0.0002500000118743628
vt 6.02138614654541 2.879793167114258
vt -0.0037491682451218367 7.898276089690626e-05
vt 0.007941147312521935 0.016143495216965675
vt 4.71238899230957 1.5707963705062866
vt 2.356194496154785 -1.3010426069826053e-18
vt 6.544984817504883 -1.5707963705062866
vt 1.0471975803375244 1.5707963705062866
vt -0.02040140889585018 0.01804315857589245
vt 3.665191411972046 -3.659266894335748e-33
vt 5.358160972595215 -1.88533569472985e-18
vt -0.002595213009044528 0.002706911414861679
vt 4.974188327789307 0.016249999403953552
vt 5.587796688079834 4.221431883741896e-18
vt 4.71238899230957 2.094395160675049
vt 5.506836414337158 0.008999999612569809
vt 1.832595705986023 0.013050000183284283
vt 0.006486836820840836 0.0044031222350895405
vt 2.356194496154785 2.879793167114258
vt 0.00226715044118464 0.007502012420445681
vt 2.879793167114258 0.0002500000118743628
vt 5.497786998748779 -0.008500000461935997
vt 2.0790348052978516 1.88533569472985e-18
vt 5.759586334228516 -2.879793167114258
vt 1.3089969158172607 -1.3010426069826053e-18
vt 4.188790321350098 2.094395160675049
vt 6.02138614654541 -2.6179938316345215
vt 2.356194496154785 2.6179938316345215
vt 4.974188327789307 2.879793167114258
vt 0.0010466475505381823 0.0036009761970490217
vt 0.0037491682451218367 -7.898276089690626e-05
vt 3.011662483215332 0.008999999612569809
vt -0.02100796438753605 0.011758847162127495
vt 0.009372114203870296 0.011806093156337738
vt 4.669522285461426 -3.687767626156879e-18
vt -0.0019429851090535522 -0.003207383444532752
vt 6.02138614654541 -2.356194496154785
vt 6.2831854820251465 -0.0002500000118743628
vt 1.3089969158172607 -3.469446951953614e-18
vt 3.9269907474517822 -0.0005000000237487257
vt 3.665191411972046 -3.1415927410125732
vt 3.665191411972046 -4.336808689942018e-18
vt 1.5707963705062866 2.094395160675049
vt -0.009093894623219967 0.012116326950490475
vt 1.3089969158172607 2.6179938316345215
vt 4.188790321350098 -3.1415927410125732
vt 3.665191411972046 -3.469446951953614e-18
vt 3.4033920764923096 0.003449999960139394
vt 2.6179938316345215 1.5707963705062866
vt 4.188790321350098 -4.336808689942018e-18
vt -0.01510720793157816 0.007080665789544582
vt 1.5707963705062866 -1.5707963705062866
vt 2.094395160675049 -2.094395160675049
vt 2.6179938316345215 -8.673617379884035e-19
vt 3.4033920764923096 -1.3010426069826053e-18
vt 0.7853981852531433 0.0005000000237487257
vt 2.879793167114258 -8.666684749742561e-34
vt 2.094395160675049 -0.0005000000237487257
vt 4.136430263519287 -1.0313336474172137e-18
vt 2.356194496154785 -3.469446951953614e-18
vt 6.608007431030273 4.221431883741896e-18
vt -0.0036418605595827103 -0.0008940646075643599
vt 0.0023563047870993614 0.01513945683836937
vt 2.759559392929077 0.008999999612569809
vt 1.832595705986023 -1.832595705986023
vt 6.02138614654541 -0.008500000461935997
vt 2.2720675468444824 0.008999999612569809
vt 8.393376350402832 4.221431883741896e-18
vt 0.0026279031299054623 0.010773258283734322
vt 3.4033920764923096 -3.659266894335748e-33
vt 6.02138614654541 2.6179938316345215
vt -0.027316831052303314 0.009716462343931198
vt 2.879793167114258 -3.469446951953614e-18
vt 1.0471975803375244 -3.659266894335748e-33
vt 2.6179938316345215 0.003449999960139394
vt 5.235987663269043 -1.3010426069826053e-18
vt 4.369141101837158 -1.0313336474172137e-18
vt 7.898276089690626e-05 0.0037491682451218367
vt 4.188790321350098 3.1415927410125732
vt 2.094395160675049 -8.666684749742561e-34
vt 2.189061403274536 0.008999999612569809
vt 0.2617993950843811 -2.6179938316345215
vt 5.759586334228516 0.013050000183284283
vt 2.6179938316345215 0.016249999403953552
vt 1.832595705986023 0.003449999960139394
vt 2.879793167114258 0.0005000000237487257
vt 1.832595705986023 2.879793167114258
vt 3.1415927410125732 0.016249999403953552
vt 3.665191411972046 -2.6179938316345215
vt 4.974188327789307 -0.0002500000118743628
vt 0.010943598113954067 0.0026126850862056017
vt -0.015824276953935623 0.006765791680663824
vt 1.5707963705062866 -0.0005000000237487257
vt 4.188790321350098 -8.673617379884035e-19
vt 0.7853981852531433 -0.008500000461935997
vt 1.0471975803375244 0.003449999960139394
vt 2.356194496154785 -2.6179938316345215
vt 4.188790321350098 0.013050000183284283
vt -0.019542377442121506 0.008809254504740238
vt 5.759586334228516 3.1415927410125732
vt 4.71238899230957 0.003449999960139394
vt 5.497786998748779 -2.879793167114258
vt 6.02138614654541 0.0005000000237487257
vt 0.2617993950843811 -0.0002500000118743628
vt 4.1734299659729 -3.687767626156879e-18
vt 2.356194496154785 -0.0005000000237487257
vt 5.497786998748779 2.356194496154785
vt 1.5707963705062866 -3.469446951953614e-18
vt 0.2617993950843811 0.0002500000118743628
vt 0.0008940646075643599 -0.0036418605595827103
vt 6.143558979034424 0.008999999612569809
vt -0.022288348525762558 -0.0011677676811814308
vt 4.822638511657715 0.008999999612569809
vt 5.759586334228516 0.016249999403953552
vt 3.665191411972046 2.879793167114258
vt 5.058653354644775 0.008999999612569809
vt 6.2831854820251465 1.832595705986023
vt 0.7853981852531433 -2.356194496154785
vt 3.4033920764923096 -1.5707963705062866
vt 1.5707963705062866 -1.3010426069826053e-18
vt 6.2831854820251465 -4.336808689942018e-18
vt 3.4033920764923096 0.0002500000118743628
vt 0.7853981852531433 0.013050000183284283
vt 2.879793167114258 -0.008500000461935997
vt 6.2831854820251465 -3.1415927410125732
vt 1.0471975803375244 -8.673617379884035e-19
vt 3.9269907474517822 2.879793167114258
vt 4.71238899230957 -2.879793167114258
vt 3.4033920764923096 2.094395160675049
vt 5.497786998748779 0.003449999960139394
vt 4.057480335235596 0.008999999612569809
vt 6.02138614654541 -2.879793167114258
vt 3.677337884902954 0.008999999612569809
vt -0.028913235291838646 0.005123607814311981
vt 1.3089969158172607 0.0005000000237487257
vt 3.9269907474517822 -2.356194496154785
vt 0.5235987901687622 0.003449999960139394
vt 0.9158877730369568 0.008999999612569809
vt 4.71238899230957 2.356194496154785
vt 1.0471975803375244 3.1415927410125732
vt 1.0471975803375244 0.016249999403953552
vt 4.601851463317871 0.008999999612569809
vt 0.008999999612569809 3.7470388393590596e-17
vt 0.00031717802630737424 0.013449050486087799
vt 2.094395160675049 2.879793167114258
vt 4.71238899230957 -3.1415927410125732
vt 4.71238899230957 -4.336808689942018e-18
vt 6.2831854820251465 -8.673617379884035e-19
vt 1.3089969158172607 1.832595705986023
vt 3.1415927410125732 2.094395160675049
vt 6.2831854820251465 -2.6179938316345215
vt 5.497786998748779 -3.659266894335748e-33
vt 0.5235987901687622 -1.5707963705062866
vt 3.4033920764923096 -2.6179938316345215
vt 1.3089969158172607 0.0002500000118743628
vt 2.094395160675049 -8.673617379884035e-19
vt 2.879793167114258 -1.3010426069826053e-18
vt 4.450589656829834 -0.0005000000237487257
vt 3.4033920764923096 -8.673617379884035e-19
vt 2.094395160675049 -1.3010426069826053e-18
vt 1.832595705986023 -4.336808689942018e-18
vt -0.0018061830196529627 0.003286366118118167
vt 1.832595705986023 -3.1415927410125732
vt 3.1415927410125732 -2.879793167114258
vt 4.974188327789307 0.0005000000237487257
vt 4.312532901763916 0.008999999612569809
vt 3.181245803833008 -3.687767626156879e-18
vt 5.497786998748779 -3.1415927410125732
vt 6.02138614654541 0.016249999403953552
vt 1.3089969158172607 -0.008500000461935997
vt 5.497786998748779 -4.336808689942018e-18
vt 6.2831854820251465 2.094395160675049
vt 6.02138614654541 0.0002500000118743628
vt 3.1415927410125732 -8.673617379884035e-19
vt -0.01940290257334709 0.00043473838013596833
vt 0.5235987901687622 3.1415927410125732
vt -0.00976658146828413 0.012431816197931767
vt -0.0288696251809597 0.003053514752537012
vt 6.02138614654541 0.003449999960139394
vt 0.5235987901687622 -0.0005000000237487257
vt 3.4033920764923096 -2.879793167114258
vt 6.863059997558594 0.008999999612569809
vt 2.6179938316345215 2.6179938316345215
vt 2.094395160675049 2.356194496154785
vt 6.2831854820251465 0.0002500000118743628
vt 6.2831854820251465 -1.5707963705062866
vt 5.235987663269043 -8.666684749742561e-34
vt 0.2617993950843811 1.832595705986023
vt 5.759586334228516 2.356194496154785
vt 0.2617993950843811 -1.832595705986023
vt 3.665191411972046 -1.3010426069826053e-18
vt 0.2617993950843811 0.016249999403953552
vt 2.0032501220703125 0.008999999612569809
vt 1.0471975803375244 2.094395160675049
vt 3.1415927410125732 -0.0002500000118743628
vt 0.5235987901687622 0.016249999403953552
vt 2.6179938316345215 -0.008500000461935997
vt 1.0471975803375244 -8.666684749742561e-34
vt -7.898276089690626e-05 -0.0037491682451218367
vt -0.00031775611569173634 0.013119001872837543
vt 3.9269907474517822 2.356194496154785
vt 0.009260136634111404 0.0016624053241685033
vt 6.02138614654541 1.832595705986023
vt 1.0471975803375244 -1.5707963705062866
vt 2.356194496154785 1.5707963705062866
vt 6.544984817504883 2.356194496154785
vt 3.1415927410125732 -2.356194496154785
vt 1.3089969158172607 0.013050000183284283
vt -0.031017526984214783 0.003805862506851554
vt -8.881784197001252e-16 0.003449999960139394
vt 0.5235987901687622 -3.1415927410125732
vt 6.02138614654541 -8.673617379884035e-19
vt 0.5235987901687622 -4.336808689942018e-18
vt 1.0471975803375244 -0.008500000461935997
vt 2.6179938316345215 -8.666684749742561e-34
vt 5.497786998748779 2.094395160675049
vt 1.0471975803375244 -2.879793167114258
vt 2.6179938316345215 -0.0002500000118743628
vt 7.628218173980713 0.008999999612569809
vt 2.879793167114258 -8.673617379884035e-19
vt 4.057480335235596 -2.3207275868211175e-18
vt 4.188790321350098 -1.3010426069826053e-18
vt 1.832595705986023 -1.3010426069826053e-18
vt 6.2831854820251465 -8.666684749742561e-34
vt 4.71238899230957 -0.008500000461935997
vt 0.013546164147555828 0.011278796009719372
vt 5.759586334228516 2.6179938316345215
vt 0.7853981852531433 -4.336808689942018e-18
vt 0.003585800528526306 0.0016409175004810095
vt 5.077691078186035 4.221431883741896e-18
vt 0.7853981852531433 -3.1415927410125732
vt 1.0471975803375244 2.6179938316345215
vt 4.450589656829834 1.832595705986023
vt 1.3089969158172607 0.016249999403953552
vt 1.3089969158172607 1.5707963705062866
vt 5.235987663269043 -3.1415927410125732
vt 5.235987663269043 -4.336808689942018e-18
vt 5.759586334228516 -3.659266894335748e-33
vt 4.450589656829834 -2.6179938316345215
vt 8.648428916931152 0.008999999612569809
vt 2.933199644088745 0.008999999612569809
vt 2.437107563018799 0.008999999612569809
vt -0.02102947048842907 0.004254186991602182
vt 6.2831854820251465 -3.659266894335748e-33
vt -0.008366582915186882 0.011964474804699421
vt 2.6179938316345215 -2.6179938316345215
vt -0.017498914152383804 0.012527353130280972
vt 8.138323783874512 4.221431883741896e-18
vt 2.879793167114258 0.003449999960139394
vt -0.01873776689171791 0.007481043227016926
vt 6.02138614654541 3.1415927410125732
vt -0.019863266497850418 0.018305448815226555
vt 6.2831854820251465 2.6179938316345215
vt 0.2617993950843811 2.094395160675049
vt 1.5707963705062866 -8.673617379884035e-19
vt 4.71238899230957 -2.356194496154785
vt 0.5235987901687622 -0.008500000461935997
vt 3.1415927410125732 -1.5707963705062866
vt 6.2831854820251465 0.003449999960139394
vt -0.020002009347081184 0.0002882841508835554
vt -0.029187878593802452 -0.00015444135351572186
vt 1.5707963705062866 3.1415927410125732
vt 2.094395160675049 -0.0002500000118743628
vt 0.004111102316528559 0.015950478613376617
vt 1.3089969158172607 2.879793167114258
vt 5.506836414337158 -1.8751570304972317e-18
vt 0.002706911414861679 0.002595213009044528
vt 5.235987663269043 -3.659266894335748e-33
vt 0.5235987901687622 2.879793167114258
vt -0.022956065833568573 0.0007487297989428043
vt 3.1415927410125732 2.6179938316345215
vt 6.352954864501953 4.221431883741896e-18
vt 5.497786998748779 -2.356194496154785
vt 0.010852793231606483 -1.7333369499485123e-33
vt 4.974188327789307 -3.469446951953614e-18
vt 3.1415927410125732 2.356194496154785
vt -0.02844979241490364 0.0020974213257431984
vt 3.9253838062286377 -3.687767626156879e-18
vt 2.5074563026428223 0.008999999612569809
vt 0.009768590331077576 0.015513001941144466
vt 2.2553532123565674 -8.194170055163347e-20
vt 6.544984817504883 -2.879793167114258
vt 1.5707963705062866 0.0002500000118743628
vt 2.879793167114258 -0.0002500000118743628
vt 1.3089969158172607 0.003449999960139394
vt 7.118112564086914 0.008999999612569809
vt -0.024944335222244263 0.0001708261843305081
vt 5.235987663269043 -1.5707963705062866
vt -0.027796810492873192 0.0012825666926801205
vt 0.004168313462287188 0.012379967607557774
vt 1.832595705986023 -2.094395160675049
vt 3.1415927410125732 -1.3010426069826053e-18
vt 0.5235987901687622 -0.0002500000118743628
vt 4.974188327789307 -0.0005000000237487257
vt 5.235987663269043 -0.0005000000237487257
vt 4.917568206787109 0.008999999612569809
vt 1.9410154819488525 0.008999999612569809
vt -1.7763568394002505e-15 -0.008500000461935997
vt 4.71238899230957 -2.6179938316345215
vt 1.5707963705062866 -3.659266894335748e-33
vt 6.544984817504883 1.832595705986023
vt 0.0036009761970490217 -0.0010466475505381823
vt 2.356194496154785 0.003449999960139394
vt 3.665191411972046 0.013050000183284283
vt 2.759559392929077 -8.194170055163347e-20
vt 2.094395160675049 2.094395160675049
vt 0.010164636187255383 0.006631078664213419
vt 1.0471975803375244 -2.6179938316345215
vt 5.759586334228516 -2.6179938316345215
vt 4.188790321350098 -3.659266894335748e-33
vt 5.842849254608154 0.008999999612569809
vt 4.450589656829834 -2.094395160675049
vt 5.332744121551514 0.008999999612569809
vt 3.665191411972046 -0.0002500000118743628
vt 5.759586334228516 -8.673617379884035e-19
vt 0.7853981852531433 -0.0002500000118743628
vt 4.974188327789307 -2.6179938316345215
vt 4.450589656829834 -0.0002500000118743628
vt 0.007391383871436119 0.0011675981804728508
vt 1.5707963705062866 0.003449999960139394
vt 3.665191411972046 3.1415927410125732
vt 0.2617993950843811 0.003449999960139394
vt 1.3089969158172607 -3.1415927410125732
vt 4.450589656829834 -8.666684749742561e-34
vt 4.71238899230957 -0.0002500000118743628
vt 5.759586334228516 -1.3010426069826053e-18
vt 1.3089969158172607 -4.336808689942018e-18
vt 5.282744884490967 0.008999999612569809
vt 6.02138614654541 2.356194496154785
vt 1.832595705986023 0.0002500000118743628
vt 5.235987663269043 -2.356194496154785
vt 4.188790321350098 0.0002500000118743628
vt 3.9269907474517822 -1.832595705986023
vt 0.7853981852531433 1.5707963705062866
vt 5.497786998748779 0.0005000000237487257
vt 3.9269907474517822 0.016249999403953552
vt 6.02138614654541 -3.469446951953614e-18
vt 5.358160972595215 0.008999999612569809
vt 2.879793167114258 0.013050000183284283
vt 0.5235987901687622 -8.666684749742561e-34
vt 5.235987663269043 1.5707963705062866
vt 2.356194496154785 -3.1415927410125732
vt 1.0471975803375244 -1.3010426069826053e-18
vt 2.356194496154785 -4.336808689942018e-18
vt 4.450589656829834 2.6179938316345215
vt 1.3089969158172607 -2.6179938316345215
vt 4.669522285461426 0.008999999612569809
vt 4.71238899230957 -3.659266894335748e-33
vt 5.497786998748779 -8.666684749742561e-34
vt 3.9269907474517822 -3.469446951953614e-18
vt -0.008999999612569809 0.00279999990016222
vt 4.450589656829834 0.0002500000118743628
vt 4.188790321350098 2.356194496154785
vt 1.3089969158172607 -0.0005000000237487257
vt 1.1749149560928345 8.937328763020535e-19
vt 4.974188327789307 -4.336808689942018e-18
vt -0.026145007461309433 0.008010979741811752
vt -0.0036009761970490217 0.0010466475505381823
vt 2.6179938316345215 2.356194496154785
vt 1.3089969158172607 2.356194496154785
vt 4.974188327789307 -3.1415927410125732
vt 5.759586334228516 -3.1415927410125732
vt 2.879793167114258 0.016249999403953552
vt 5.759586334228516 -4.336808689942018e-18
vt 4.974188327789307 -1.832595705986023
vt 3.1415927410125732 8.673617379884035e-19
vt 4.974188327789307 1.832595705986023
vt 1.832595705986023 2.094395160675049
vt 2.933199644088745 -3.687767626156879e-18
vt 4.188790321350098 -8.666684749742561e-34
vt 2.094395160675049 3.1415927410125732
vt 6.2831854820251465 -0.008500000461935997
vt 1.5707963705062866 -2.879793167114258
vt 0.0027184700593352318 0.006474211812019348
vt 6.544984817504883 -3.469446951953614e-18
vt 3.1415927410125732 -1.832595705986023
vt 5.235987663269043 0.013050000183284283
vt 1.5707963705062866 2.6179938316345215
vt 6.02138614654541 -1.3010426069826053e-18
vt 3.263765811920166 0.008999999612569809
vt 0.5235987901687622 2.6179938316345215
vt 4.1734299659729 0.008999999612569809
vt 0.004325179848819971 0.00493380194529891
vt -0.02114393189549446 0.0032162698917090893
vt 2.879793167114258 -2.356194496154785
vt 1.3089969158172607 -1.5707963705062866
vt 6.02138614654541 -2.094395160675049
vt 0.5235987901687622 0.0002500000118743628
vt 2.356194496154785 0.0005000000237487257
vt 0.5235987901687622 -3.659266894335748e-33
vt 1.6929693222045898 3.548217707325814e-18
vt 3.665191411972046 -0.0005000000237487257
vt 6.2831854820251465 3.1415927410125732
vt 2.0790348052978516 0.008999999612569809
vt 2.094395160675049 0.0002500000118743628
vt 2.094395160675049 -1.5707963705062866
vt 1.832595705986023 1.5707963705062866
vt 1.5707963705062866 0.0005000000237487257
vt 2.879793167114258 -2.6179938316345215
vt 0.5235987901687622 -1.3010426069826053e-18
vt 2.879793167114258 -2.879793167114258
vt 6.544984817504883 -8.666684749742561e-34
vt 6.544984817504883 -0.0002500000118743628
vt -0.029027696698904037 0.004085690714418888
vt 3.4033920764923096 2.6179938316345215
vt 3.1415927410125732 1.5707963705062866
vt 5.497786998748779 -1.3010426069826053e-18
vt 0.013964938931167126 0.009391549974679947
vt 2.356194496154785 0.0002500000118743628
vt 2.356194496154785 -1.5707963705062866
vt 4.188790321350098 -2.094395160675049
vt 6.2831854820251465 0.013050000183284283
vt 4.450589656829834 -3.659266894335748e-33
vt 2.2553532123565674 0.008999999612569809
vt 0.7853981852531433 -3.659266894335748e-33
vt 0.0 -0.008999999612569809
vt -0.030122259631752968 0.0009990604594349861
vt -0.021591326221823692 0.01116091012954712
vt 0.7853981852531433 -1.3010426069826053e-18
vt 4.974188327789307 0.013050000183284283
vt 2.356194496154785 -0.008500000461935997
vt 6.544984817504883 2.879793167114258
vt 1.832595705986023 0.016249999403953552
vt 4.188790321350098 0.016249999403953552
vt 0.9948377013206482 0.008999999612569809
vt -0.027101101353764534 0.007591147907078266
vt 4.71238899230957 1.832595705986023
vt 4.450589656829834 -1.3010426069826053e-18
vt 4.71238899230957 -1.3010426069826053e-18
vt 3.9269907474517822 0.0005000000237487257
vt 4.5675859451293945 0.008999999612569809
vt 6.2831854820251465 1.5707963705062866
vt 6.544984817504883 2.6179938316345215
vt 1.3089969158172607 -2.356194496154785
vt 2.879793167114258 -1.5707963705062866
vt 1.5707963705062866 -2.6179938316345215
vt 3.1415927410125732 0.013050000183284283
vt -0.022309567779302597 0.010734333656728268
vt 3.665191411972046 -2.879793167114258
vt 3.4033920764923096 -8.666684749742561e-34
vt 1.0471975803375244 0.0002500000118743628
vt -0.023101989179849625 0.007675396278500557
vt 1.5707963705062866 -0.008500000461935997
vt 0.2617993950843811 -0.008500000461935997
vt 4.974188327789307 1.5707963705062866
vt 5.497786998748779 1.832595705986023
vt 2.6179938316345215 3.1415927410125732
vt 3.9269907474517822 -2.094395160675049
vt 4.450589656829834 -1.832595705986023
vt 2.879793167114258 -3.659266894335748e-33
vt 2.356194496154785 -2.356194496154785
vt 3.665191411972046 -2.094395160675049
vt 0.2617993950843811 3.1415927410125732
vt 2.356194496154785 0.013050000183284283
vt 2.879793167114258 2.6179938316345215
vt 6.02138614654541 2.094395160675049
vt 4.188790321350098 -2.6179938316345215
vt 3.4033920764923096 2.356194496154785
vt 1.5707963705062866 -2.356194496154785
vt 2.094395160675049 -2.879793167114258
vt 0.0 -8.673617379884035e-19
vt 0.013337998650968075 0.005608238745480776
vt 4.974188327789307 -2.356194496154785
vt -0.020599236711859703 0.01248739380389452
vt 6.2831854820251465 -2.879793167114258
vt 3.1415927410125732 -1.734723475976807e-18
vt 7.373165607452393 0.008999999612569809
vt -0.021187542006373405 0.005286362953484058
vt 2.356194496154785 0.016249999403953552
vt 2.6851534843444824 -3.687767626156879e-18
vt 5.235987663269043 0.003449999960139394
vt 6.02138614654541 -0.0002500000118743628
vt 0.5235987901687622 -1.832595705986023
vt 6.02138614654541 -8.666684749742561e-34
vt 6.097901821136475 4.221431883741896e-18
vt 3.1415927410125732 0.0002500000118743628
vt 3.4292917251586914 -3.687767626156879e-18
vt 4.71238899230957 -8.673617379884035e-19
vt 0.2617993950843811 -3.469446951953614e-18
vt 6.608007431030273 0.008999999612569809
vt 2.6179938316345215 1.832595705986023
vt 1.3089969158172607 -2.094395160675049
vt 2.0032501220703125 -8.194170055163347e-20
vt 2.189061403274536 -3.687767626156879e-18
vt 6.143558979034424 -1.88533569472985e-18
vt 3.665191411972046 -8.666684749742561e-34
vt 1.5707963705062866 1.5707963705062866
vt 4.188790321350098 -1.832595705986023
vt 4.188790321350098 1.832595705986023
vt 0.7853981852531433 -8.666684749742561e-34
vt 0.2617993950843811 1.5707963705062866
vt -0.008999999612569809 0.0028554454911500216
vt 5.058653354644775 -1.88533569472985e-18
vt 4.188790321350098 -3.469446951953614e-18
vt 8.393376350402832 0.008999999612569809
vt 7.883270740509033 0.008999999612569809
vt 3.1415927410125732 0.0005000000237487257
vt 5.497786998748779 -2.6179938316345215
vt 1.4990439414978027 -8.194170055163347e-20
vt -0.0010466475505381823 -0.0036009761970490217
vt -0.023912159726023674 0.00032889770227484405
vt 0.009500195272266865 0.005726323928683996
vt 5.0963616371154785 -1.88533569472985e-18
vt 3.665191411972046 2.356194496154785
vt 5.497786998748779 -8.673617379884035e-19
vt 6.40535831451416 0.008999999612569809
vt 4.188790321350098 -2.879793167114258
vt 2.6179938316345215 -3.659266894335748e-33
vt 3.263765811920166 -8.194170055163347e-20
vt 4.917568206787109 -3.687767626156879e-18
vt 4.450589656829834 0.003449999960139394
vt 2.6179938316345215 0.0002500000118743628
vt 3.4033920764923096 -3.1415927410125732
vt 3.4033920764923096 -4.336808689942018e-18
vt -0.007623857352882624 0.0119844451546669
vt 3.4033920764923096 1.832595705986023
vt 3.011662483215332 -8.194170055163347e-20
vt 1.0471975803375244 -2.094395160675049
vt 5.497786998748779 -0.0002500000118743628
vt 4.450589656829834 -1.5707963705062866
vt 2.356194496154785 -0.0002500000118743628
vt 6.544984817504883 2.094395160675049
vt 3.9269907474517822 -1.3010426069826053e-18
vt 4.71238899230957 0.0005000000237487257
vt 4.822638511657715 4.221431883741896e-18
vt -0.020561890676617622 2.961997961392626e-05
vt -0.020604660734534264 0.017820168286561966
vt 5.759586334228516 -0.008500000461935997
vt 4.974188327789307 -2.094395160675049
vt 6.2831854820251465 -3.469446951953614e-18
vt 1.0471975803375244 0.0005000000237487257
vt 4.71238899230957 -8.666684749742561e-34
vt 0.7853981852531433 3.1415927410125732
vt 4.136430263519287 0.008999999612569809
vt 2.6179938316345215 -2.879793167114258
vt 4.450589656829834 3.1415927410125732
vt 0.0 -0.0005000000237487257
vt 2.879793167114258 -1.832595705986023
vt 2.879793167114258 1.832595705986023
vt 4.188790321350098 -1.5707963705062866
vt 1.832595705986023 -1.5707963705062866
vt 1.5707963705062866 -4.336808689942018e-18
vt 5.235987663269043 2.879793167114258
vt 5.619960308074951 -1.88533569472985e-18
vt 1.5707963705062866 -3.1415927410125732
vt -0.026955178007483482 0.0006644815439358354
vt 1.832595705986023 -8.666684749742561e-34
vt -0.015216649509966373 0.012275665067136288
vt 5.332744121551514 4.221431883741896e-18
vt 3.1415927410125732 -2.094395160675049
vt 1.6929693222045898 0.008999999612569809
vt -0.020392999053001404 0.013296903111040592
vt 2.356194496154785 -1.832595705986023
vt 1.3089969158172607 -3.659266894335748e-33
vt 2.094395160675049 1.5707963705062866
vt 4.71238899230957 -0.0005000000237487257
vt -0.01403250265866518 0.008201626129448414
vt 5.235987663269043 -0.008500000461935997
vt 2.6179938316345215 0.0005000000237487257
vt -0.030468853190541267 0.006700444035232067
vt 4.450589656829834 -3.1415927410125732
vt 5.235987663269043 -2.6179938316345215
vt 0.5235987901687622 2.094395160675049
vt 4.450589656829834 -8.673617379884035e-19
vt 4.450589656829834 -4.336808689942018e-18
vt 0.010525388643145561 0.00990232452750206
vt 3.665191411972046 1.832595705986023
vt -0.018990976735949516 0.01814965531229973
vt -0.027998900040984154 -0.0010432390263304114
vt 6.2831854820251465 -1.3010426069826053e-18
vt 1.832595705986023 2.6179938316345215
vt 5.165614128112793 0.008999999612569809
vt 1.832595705986023 -2.356194496154785
vt 1.3089969158172607 -1.832595705986023
vt 6.863059997558594 4.221431883741896e-18
vt 3.665191411972046 2.094395160675049
vt 3.4033920764923096 -0.0002500000118743628
vt 2.356194496154785 2.356194496154785
vt 0.7853981852531433 2.094395160675049
vt 0.0019429851090535522 0.003207383444532752
vt 6.544984817504883 1.5707963705062866
vt 0.5235987901687622 -2.6179938316345215
vt 4.450589656829834 2.094395160675049
vt 1.0471975803375244 -2.356194496154785
vt -0.023113742470741272 0.010508186183869839
vt 0.5235987901687622 -8.673617379884035e-19
vt 3.1415927410125732 -0.0005000000237487257
vt 4.974188327789307 -1.3010426069826053e-18
vt -0.020148957148194313 0.018208401277661324
vt 3.4033920764923096 -2.356194496154785
vt 0.2617993950843811 -8.673617379884035e-19
vt 1.433942198753357 8.937328763020535e-19
vt 5.235987663269043 0.0005000000237487257
vt -0.013780814595520496 0.010483890771865845
vt 4.450589656829834 -0.008500000461935997
vt 1.832595705986023 -2.879793167114258
vt 0.010572269558906555 0.007676974404603243
vt 5.235987663269043 -3.469446951953614e-18
vt 5.497786998748779 0.013050000183284283
vt 2.879793167114258 1.5707963705062866
vt 6.02138614654541 1.5707963705062866
vt 1.8860020637512207 1.88533569472985e-18
vt 4.974188327789307 -3.659266894335748e-33
vt 2.356194496154785 -8.673617379884035e-19
vt -0.019265377894043922 0.018275117501616478
vt 4.974188327789307 0.0002500000118743628
vt -0.014585425145924091 0.011812102049589157
vt 3.1415927410125732 -3.1415927410125732
vt 3.9269907474517822 0.003449999960139394
vt 0.5235987901687622 -2.356194496154785
vt 3.1415927410125732 -4.336808689942018e-18
vt 2.6179938316345215 -2.356194496154785
vt 5.077691078186035 0.008999999612569809
vt 1.2469407320022583 -8.194170055163347e-20
vt 1.5707963705062866 -0.0002500000118743628
vt -0.021607374772429466 0.006242456380277872
vt 0.010695315897464752 0.008792735636234283
vt 4.71238899230957 -1.5707963705062866
vt 0.7853981852531433 -2.879793167114258
vt 4.71238899230957 0.013050000183284283
vt 0.2617993950843811 -1.3010426069826053e-18
vt 4.601851463317871 -1.0313336474172137e-18
vt -0.015946343541145325 0.012560061179101467
vt 5.759586334228516 0.003449999960139394
vt 5.282744884490967 -1.88533569472985e-18
vt 8.648428916931152 4.221431883741896e-18
vt 8.138323783874512 0.008999999612569809
vt 2.094395160675049 -1.832595705986023
vt 4.421475887298584 0.008999999612569809
vt 3.9269907474517822 -2.879793167114258
vt 5.587796688079834 0.008999999612569809
vt 1.832595705986023 0.0005000000237487257
vt -0.019660931080579758 0.009583386592566967
vt 4.974188327789307 -8.673617379884035e-19
vt 0.0018061830196529627 -0.003286366118118167
vt -0.008999999612569809 -0.006682129576802254
vt -0.02598225325345993 0.00028528759139589965
vt 0.007596425712108612 0.004573049023747444
vt 6.2831854820251465 -2.094395160675049
vt 6.544984817504883 -0.0005000000237487257
vt -0.030923614278435707 0.005287352949380875
vt 3.4033920764923096 0.0005000000237487257
vt 0.2617993950843811 -8.666684749742561e-34
vt 5.235987663269043 0.016249999403953552
vt 5.235987663269043 0.0002500000118743628
vt 2.094395160675049 -2.6179938316345215
vt 2.6179938316345215 2.879793167114258
vt 4.188790321350098 -2.356194496154785
vt 5.759586334228516 1.5707963705062866
vt 2.6179938316345215 -1.5707963705062866
vt 1.832595705986023 1.832595705986023
vt 4.974188327789307 2.094395160675049
vt 3.9269907474517822 1.5707963705062866
vt 5.759586334228516 -0.0005000000237487257
vt 6.2831854820251465 0.0005000000237487257
vt 4.834561824798584 0.008999999612569809
vt 3.4033920764923096 -2.094395160675049
vt 0.9948377013206482 5.638997769253622e-19
vt 0.2617993950843811 2.879793167114258
vt 3.1415927410125732 2.879793167114258
vt 2.356194496154785 -8.666684749742561e-34
vt -0.028534039855003357 0.006096533965319395
vt -0.014496066607534885 0.007570402231067419
vt 3.1415927410125732 -2.6179938316345215
vt 0.5235987901687622 2.356194496154785
vt 2.6179938316345215 -1.832595705986023
vt 0.002220269525423646 0.009727362543344498
vt 5.413660049438477 -3.687767626156879e-18
vt 0.0063057029619812965 0.0130012147128582
vt 4.71238899230957 -3.469446951953614e-18
vt 0.2617993950843811 2.6179938316345215
vt -0.016598409041762352 0.006647238042205572
vt -0.0279159564524889 0.006938165985047817
vt 7.845659217555208e-17 -0.019142143428325653
vt 3.9269907474517822 -1.5707963705062866
vt 0.005458247382193804 0.0011602777522057295
vt 4.188790321350098 -0.008500000461935997
vt 0.013894020579755306 0.00745970057323575
vt 0.7853981852531433 -3.469446951953614e-18
vt 0.0036418605595827103 0.0008940646075643599
vt -0.0215231254696846 0.0022433437407016754
vt 3.9269907474517822 2.094395160675049
vt 3.9269907474517822 0.013050000183284283
vt -0.016724782064557076 0.012645906768739223
vt 1.3089969158172607 -8.666684749742561e-34
vt 1.5707963705062866 0.016249999403953552
vt 3.665191411972046 0.0005000000237487257
vt -0.003286366118118167 -0.0018061830196529627
vt 2.094395160675049 -3.469446951953614e-18
vt 2.356194496154785 -2.094395160675049
vt 0.7853981852531433 2.356194496154785
vt 0.2617993950843811 -3.1415927410125732
vt 0.2617993950843811 -4.336808689942018e-18
vt -0.001010158215649426 0.012938302010297775
vt 1.832595705986023 -3.659266894335748e-33
vt 5.8817596435546875 -1.88533569472985e-18
vt 5.759586334228516 2.094395160675049
vt 4.450589656829834 2.356194496154785
vt 3.9269907474517822 3.1415927410125732
vt 5.235987663269043 2.094395160675049
vt 4.974188327789307 -2.879793167114258
vt 1.4990439414978027 0.008999999612569809
vt 6.544984817504883 3.1415927410125732
vt 1.5707963705062866 -2.094395160675049
vt 5.497786998748779 2.6179938316345215
vt 2.6851534843444824 0.008999999612569809
vt 0.2617993950843811 -2.094395160675049
vt 3.9269907474517822 -2.6179938316345215
vt 2.6179938316345215 -3.1415927410125732
vt 2.6179938316345215 -4.336808689942018e-18
vt -0.01810654252767563 0.007017479278147221
vt 1.0471975803375244 2.879793167114258
vt 3.9269907474517822 -8.673617379884035e-19
vt 1.7511470317840576 0.008999999612569809
vt 2.2720675468444824 1.929501969561353e-18
vt 6.40535831451416 2.2497637620701933e-19
vt 4.188790321350098 0.0005000000237487257
vt -0.00045679163304157555 0.003167229238897562
vt 6.544984817504883 0.013050000183284283
vt 3.9269907474517822 -0.008500000461935997
vt 2.879793167114258 2.879793167114258
vt 5.235987663269043 1.832595705986023
vt 0.7853981852531433 -8.673617379884035e-19
vt 5.235987663269043 -1.832595705986023
vt 2.094395160675049 2.6179938316345215
vt 0.7853981852531433 -2.6179938316345215
vt 0.002595213009044528 -0.002706911414861679
vt -0.028608525171875954 0.008984917774796486
vt 2.094395160675049 0.016249999403953552
vt 4.188790321350098 -0.0002500000118743628
vt 0.7853981852531433 1.832595705986023
vt 6.2831854820251465 -2.356194496154785
vt 3.665191411972046 -0.008500000461935997
vt 5.759586334228516 -1.832595705986023
vt 5.235987663269043 -8.673617379884035e-19
vt -0.019575083628296852 0.010361824184656143
vt 0.2617993950843811 0.0005000000237487257
vt 1.0471975803375244 1.832595705986023
vt -0.008999999612569809 2.317031123458771e-19
vt 1.0471975803375244 -1.832595705986023
vt 6.2831854820251465 2.879793167114258
vt 3.2359865977939447e-18 0.0028554454911500216
vt -0.020816097036004066 0.01726008951663971
vt 3.1415927410125732 0.003449999960139394
vt 3.9269907474517822 -3.1415927410125732
vt 1.3089969158172607 -0.0002500000118743628
vt 3.9269907474517822 -4.336808689942018e-18
vt -0.02106175385415554 -0.0003316457732580602
vt 5.497786998748779 -2.094395160675049
vt 5.497786998748779 -0.0005000000237487257
vt 5.165614128112793 -3.687767626156879e-18
vt 3.9269907474517822 1.832595705986023
vt 2.356194496154785 -2.879793167114258
vt 2.094395160675049 0.013050000183284283
vt -0.020810911431908607 0.016958409920334816
vt 0.2617993950843811 -1.5707963705062866
vt 4.188790321350098 -0.0005000000237487257
vt 5.759586334228516 2.879793167114258
vt 2.094395160675049 -2.356194496154785
vt 6.2831854820251465 0.016249999403953552
vt 0.0011715292930603027 0.0029778380412608385
vt 0.2617993950843811 -0.0005000000237487257
vt 3.4292917251586914 0.008999999612569809
vt 1.5707963705062866 2.356194496154785
vt 6.2831854820251465 -1.832595705986023
vt 5.759586334228516 -2.356194496154785
vt 1.2469407320022583 0.008999999612569809
vt -0.020745866000652313 0.017553525045514107
vt 1.3089969158172607 -2.879793167114258
vt 1.433942198753357 0.008999999612569809
vt 0.5235987901687622 -2.879793167114258
vt -0.024074913933873177 0.008054589852690697
vt 1.430743803247884e-18 -0.006682129576802254
vt 0.008624225854873657 0.005024368409067392
vt -0.01922750286757946 0.0080921845510602
vt 6.02138614654541 -0.0005000000237487257
vt 3.1415927410125732 3.1415927410125732
vt 2.879793167114258 -4.336808689942018e-18
vt 2.879793167114258 -3.1415927410125732
vt 4.312532901763916 4.221431883741896e-18
vt 2.094395160675049 -0.008500000461935997
vt 3.1415927410125732 1.832595705986023
vt 2.356194496154785 -3.659266894335748e-33
vt 1.0471975803375244 0.013050000183284283
vt 6.02138614654541 -3.659266894335748e-33
vt 1.9410154819488525 -3.687767626156879e-18
vt 4.188790321350098 0.003449999960139394
vt 4.450589656829834 -2.879793167114258
vt 0.2617993950843811 -2.356194496154785
vt 2.6179938316345215 0.013050000183284283
vt -0.002706911414861679 -0.002595213009044528
vt 4.450589656829834 0.013050000183284283
vt 3.4033920764923096 -3.469446951953614e-18
vt 5.0963616371154785 0.008999999612569809
vt 0.2617993950843811 -3.659266894335748e-33
vt 4.974188327789307 3.1415927410125732
vt 2.5074563026428223 -8.194170055163347e-20
vt 0.5235987901687622 1.5707963705062866
vt 4.71238899230957 2.879793167114258
vt -0.01956240087747574 0.018328165635466576
vt 6.544984817504883 -3.1415927410125732
vt 5.413660049438477 0.008999999612569809
vt 0.005196113605052233 0.012831287458539009
vt 5.235987663269043 2.356194496154785
vt 6.544984817504883 -4.336808689942018e-18
vt 5.497786998748779 -1.832595705986023
vt 3.181245803833008 0.008999999612569809
vt -0.014095689170062542 0.011200960725545883
vt 5.497786998748779 -1.5707963705062866
vt 5.497786998748779 0.0002500000118743628
vt 3.677337884902954 -3.687767626156879e-18
vt 0.7853981852531433 -2.094395160675049
vt 2.094395160675049 0.0005000000237487257
vt 0.003207383444532752 -0.0019429851090535522
vt 3.4033920764923096 -0.0005000000237487257
vt 5.759586334228516 -2.094395160675049
vt 4.974188327789307 -0.008500000461935997
vt 5.619960308074951 0.008999999612569809
vt 6.544984817504883 -2.094395160675049
vt 5.759586334228516 0.0005000000237487257
vt 0.5235987901687622 0.013050000183284283
vt 3.9269907474517822 -0.0002500000118743628
vt 7.628218173980713 4.221431883741896e-18
vt 6.2831854820251465 -0.0005000000237487257
vt 4.450589656829834 1.5707963705062866
vt 5.235987663269043 2.6179938316345215
vt 5.497786998748779 2.879793167114258
vt -0.019290689378976822 0.011091519147157669
vt 0.008999999612569809 -0.019142143428325653
vt 1.0471975803375244 -0.0002500000118743628
vt 2.356194496154785 3.1415927410125732
vt 0.2617993950843811 0.013050000183284283
vt 1.832595705986023 -2.6179938316345215
vt 3.665191411972046 0.003449999960139394
vt 5.497786998748779 1.5707963705062866
vt 1.3089969158172607 -8.673617379884035e-19
vt 0.010852793231606483 -0.008999999612569809
vt 2.6179938316345215 2.094395160675049
vt 3.9269907474517822 2.6179938316345215
vt 6.544984817504883 0.0005000000237487257
vt 2.094395160675049 1.832595705986023
vt 1.832595705986023 2.356194496154785
vt 3.665191411972046 2.6179938316345215
vt 3.9269907474517822 -3.659266894335748e-33
vt 0.7853981852531433 0.016249999403953552
vt 3.1415927410125732 -0.008500000461935997
vt 2.879793167114258 -2.094395160675049
vt 0.7853981852531433 2.6179938316345215
vt 2.094395160675049 -3.1415927410125732
vt 2.094395160675049 -4.336808689942018e-18
vt 4.450589656829834 0.016249999403953552
vt 7.373165607452393 4.221431883741896e-18
vt 1.7511470317840576 -8.194170055163347e-20
vt 4.450589656829834 -3.469446951953614e-18
vt 1.3089969158172607 3.1415927410125732
vt -0.0008940646075643599 0.0036418605595827103
vt 1.832595705986023 -0.0005000000237487257
vt -0.017376847565174103 0.006733084097504616
vt 5.235987663269043 -2.094395160675049
vt 5.759586334228516 -8.666684749742561e-34
vt 0.0020972236525267363 0.008611601777374744
vt 6.544984817504883 0.0002500000118743628
vt 6.097901821136475 0.008999999612569809
vt 1.5707963705062866 2.879793167114258
vt 3.9269907474517822 -8.666684749742561e-34
vt -0.02968108467757702 0.007958637550473213
vt 1.3089969158172607 2.094395160675049
vt 5.497786998748779 -3.469446951953614e-18
vt 4.974188327789307 2.6179938316345215
vt 0.5235987901687622 -3.469446951953614e-18
vt 0.9158877730369568 8.937328763020535e-19
vt 1.832595705986023 -3.469446951953614e-18
vt 5.235987663269043 -2.879793167114258
vt 5.497786998748779 3.1415927410125732
vt 6.352954864501953 0.008999999612569809
vt 0.5235987901687622 1.832595705986023
vt 7.883270740509033 4.221431883741896e-18
vt 1.5707963705062866 -1.832595705986023
vt 3.4033920764923096 -1.832595705986023
vt 1.5707963705062866 1.832595705986023
vt 6.2831854820251465 2.356194496154785
vt 3.4033920764923096 0.016249999403953552
vt 4.188790321350098 1.5707963705062866
vt 5.759586334228516 -1.5707963705062866
vt 5.759586334228516 0.0002500000118743628
vt 2.356194496154785 2.094395160675049
vt 6.02138614654541 0.013050000183284283
vt 0.012332846410572529 0.0039569539949297905
vt 0.0008628930081613362 0.013911942020058632
vt 0.5235987901687622 0.0005000000237487257
vt -0.013662260957062244 0.009709758684039116
vt 1.6929693222045898 1.88533569472985e-18
vt 2.094395160675049 0.003449999960139394
vt -0.025885067880153656 0.010108494199812412
vt 7.118112564086914 4.221431883741896e-18
vt 4.974188327789307 -8.666684749742561e-34
vt -0.026628101244568825 -0.001612927531823516
vt 2.879793167114258 2.356194496154785
vt 3.9269907474517822 0.0002500000118743628
vt 3.9253838062286377 0.008999999612569809
vt 0.0034204255789518356 0.005598243325948715
vt -0.018827125430107117 0.011722742579877377
vt 3.4033920764923096 2.879793167114258
vt 4.71238899230957 3.1415927410125732
vt 6.544984817504883 -2.356194496154785
vt -0.022260356694459915 0.00705731101334095
vt 6.544984817504883 -1.3010426069826053e-18
vt 0.0018951910315081477 0.0025784203317016363
vt 1.0471975803375244 2.356194496154785
vt 4.71238899230957 2.6179938316345215
vt -0.013748107478022575 0.00893132109194994
vt 2.437107563018799 -3.687767626156879e-18
vt 0.012664791196584702 0.012999335303902626
vt 6.544984817504883 -3.659266894335748e-33
vt 5.842849254608154 4.221431883741896e-18
vt 0.0100740697234869 0.010930124670267105
vt 2.6179938316345215 -0.0005000000237487257
vt 3.4033920764923096 1.5707963705062866
vt 2.6179938316345215 -2.094395160675049
vt 4.450589656829834 0.0005000000237487257
usemtl Pumice
f 558/1 588/2 562/3
f 588/2 589/4 562/3
f 562/3 589/4 561/5
f 589/4 590/6 561/5
f 561/5 590/6 557/7
f 590/6 591/8 557/7
f 557/7 591/8 556/9
f 591/8 592/10 556/9
f 556/9 592/10 563/11
f 592/10 593/12 563/11
f 563/11 593/12 560/13
f 593/12 594/14 560/13
f 560/13 594/14 555/15
f 594/14 595/16 555/15
f 555/15 595/16 552/17
f 595/16 596/18 552/17
f 552/17 596/18 553/19
f 596/18 597/20 553/19
f 553/19 597/20 554/21
f 597/20 598/22 554/21
f 554/21 598/22 550/23
f 598/22 599/24 550/23
f 550/23 599/24 551/25
f 599/24 600/26 551/25
f 551/25 600/26 546/27
f 600/26 601/28 546/27
f 546/27 601/28 542/29
f 601/28 602/30 542/29
f 542/29 602/30 541/31
f 602/30 603/32 541/31
f 541/31 603/32 540/33
f 603/32 604/34 540/33
f 540/33 604/34 545/35
f 604/34 605/36 545/35
f 545/35 605/36 549/37
f 605/36 606/38 549/37
f 549/37 606/38 544/39
f 606/38 607/40 544/39
f 544/39 607/40 543/41
f 607/40 608/42 543/41
f 543/41 608/42 548/43
f 608/42 609/44 548/43
f 548/43 609/44 547/45
f 609/44 610/46 547/45
f 547/45 610/46 559/47
f 610/46 611/48 559/47
f 559/47 611/48 558/49
f 611/48 588/50 558/49
f 588/2 612/51 589/4
f 612/51 613/52 589/4
f 589/4 613/52 590/6
f 613/52 614/53 590/6
f 590/6 614/53 591/8
f 614/53 615/54 591/8
f 591/8 615/54 592/10
f 615/54 616/55 592/10
f 592/10 616/55 593/12
f 616/55 617/56 593/12
f 593/12 617/56 594/14
f 617/56 618/57 594/14
f 594/14 618/57 595/16
f 618/57 619/58 595/16
f 595/16 619/58 596/18
f 619/58 620/59 596/18
f 596/18 620/59 597/20
f 620/59 621/60 597/20
f 597/20 621/60 598/22
f 621/60 622/61 598/22
f 598/22 622/61 599/24
f 622/61 623/62 599/24
f 599/24 623/62 600/26
f 623/62 624/63 600/26
f 600/26 624/63 601/28
f 624/63 625/64 601/28
f 601/28 625/64 602/30
f 625/64 626/65 602/30
f 602/30 626/65 603/32
f 626/65 627/66 603/32
f 603/32 627/66 604/34
f 627/66 628/67 604/34
f 604/34 628/67 605/36
f 628/67 629/68 605/36
f 605/36 629/68 606/38
f 629/68 630/69 606/38
f 606/38 630/69 607/40
f 630/69 631/70 607/40
f 607/40 631/70 608/42
f 631/70 632/71 608/42
f 608/42 632/71 609/44
f 632/71 633/72 609/44
f 609/44 633/72 610/46
f 633/72 634/73 610/46
f 610/46 634/73 611/48
f 634/73 635/74 611/48
f 611/48 635/74 588/50
f 635/74 612/75 588/50
f 612/51 636/76 613/52
f 636/76 637/77 613/52
f 613/52 637/77 614/53
f 637/77 638/78 614/53
f 614/53 638/78 615/54
f 638/78 639/79 615/54
f 615/54 639/79 616/55
f 639/79 640/80 616/55
f 616/55 640/80 617/56
f 640/80 641/81 617/56
f 617/56 641/81 618/57
f 641/81 642/82 618/57
f 618/57 642/82 619/58
f 642/82 643/83 619/58
f 619/58 643/83 620/59
f 643/83 644/84 620/59
f 620/59 644/84 621/60
f 644/84 645/85 621/60
f 621/60 645/85 622/61
f 645/85 646/86 622/61
f 622/61 646/86 623/62
f 646/86 647/87 623/62
f 623/62 647/87 624/63
f 647/87 648/88 624/63
f 624/63 648/88 625/64
f 648/88 649/89 625/64
f 625/64 649/89 626/65
f 649/89 650/90 626/65
f 626/65 650/90 627/66
f 650/90 651/91 627/66
f 627/66 651/91 628/67
f 651/91 652/92 628/67
f 628/67 652/92 629/68
f 652/92 653/93 629/68
f 629/68 653/93 630/69
f 653/93 654/94 630/69
f 630/69 654/94 631/70
f 654/94 655/95 631/70
f 631/70 655/95 632/71
f 655/95 656/96 632/71
f 632/71 656/96 633/72
f 656/96 657/97 633/72
f 633/72 657/97 634/73
f 657/97 658/98 634/73
f 634/73 658/98 635/74
f 658/98 659/99 635/74
f 635/74 659/99 612/75
f 659/99 636/100 612/75
f 636/76 660/101 637/77
f 660/101 661/102 637/77
f 637/77 661/102 638/78
f 661/102 662/103 638/78
f 638/78 662/103 639/79
f 662/103 663/104 639/79
f 639/79 663/104 640/80
f 663/104 664/105 640/80
f 640/80 664/105 641/81
f 664/105 665/106 641/81
f 641/81 665/106 642/82
f 665/106 666/107 642/82
f 642/82 666/107 643/83
f 666/107 667/108 643/83
f 643/83 667/108 644/84
f 667/108 668/109 644/84
f 644/84 668/109 645/85
f 668/109 669/110 645/85
f 645/85 669/110 646/86
f 669/110 670/111 646/86
f 646/86 670/111 647/87
f 670/111 671/112 647/87
f 647/87 671/112 648/88
f 671/112 672/113 648/88
f 648/88 672/113 649/89
f 672/113 673/114 649/89
f 649/89 673/114 650/90
f 673/114 674/115 650/90
f 650/90 674/115 651/91
f 674/115 675/116 651/91
f 651/91 675/116 652/92
f 675/116 676/117 652/92
f 652/92 676/117 653/93
f 676/117 677/118 653/93
f 653/93 677/118 654/94
f 677/118 678/119 654/94
f 654/94 678/119 655/95
f 678/119 679/120 655/95
f 655/95 679/120 656/96
f 679/120 680/121 656/96
f 656/96 680/121 657/97
f 680/121 681/122 657/97
f 657/97 681/122 658/98
f 681/122 682/123 658/98
f 658/98 682/123 659/99
f 682/123 683/124 659/99
f 659/99 683/124 636/100
f 683/124 660/125 636/100
f 660/101 684/126 661/102
f 684/126 685/127 661/102
f 661/102 685/127 662/103
f 685/127 686/128 662/103
f 662/103 686/128 663/104
f 686/128 687/129 663/104
f 663/104 687/129 664/105
f 687/129 688/130 664/105
f 664/105 688/130 665/106
f 688/130 689/131 665/106
f 665/106 689/131 666/107
f 689/131 690/132 666/107
f 666/107 690/132 667/108
f 690/132 691/133 667/108
f 667/108 691/133 668/109
f 691/133 692/134 668/109
f 668/109 692/134 669/110
f 692/134 693/135 669/110
f 669/110 693/135 670/111
f 693/135 694/136 670/111
f 670/111 694/136 671/112
f 694/136 695/137 671/112
f 671/112 695/137 672/113
f 695/137 696/138 672/113
f 672/113 696/138 673/114
f 696/138 697/139 673/114
f 673/114 697/139 674/115
f 697/139 698/140 674/115
f 674/115 698/140 675/116
f 698/140 699/141 675/116
f 675/116 699/141 676/117
f 699/141 700/142 676/117
f 676/117 700/142 677/118
f 700/142 701/143 677/118
f 677/118 701/143 678/119
f 701/143 702/144 678/119
f 678/119 702/144 679/120
f 702/144 703/145 679/120
f 679/120 703/145 680/121
f 703/145 704/146 680/121
f 680/121 704/146 681/122
f 704/146 705/147 681/122
f 681/122 705/147 682/123
f 705/147 706/148 682/123
f 682/123 706/148 683/124
f 706/148 707/149 683/124
f 683/124 707/149 660/125
f 707/149 684/150 660/125
f 684/126 565/151 685/127
f 565/151 566/152 685/127
f 685/127 566/152 686/128
f 566/152 567/153 686/128
f 686/128 567/153 687/129
f 567/153 568/154 687/129
f 687/129 568/154 688/130
f 568/154 569/155 688/130
f 688/130 569/155 689/131
f 569/155 570/156 689/131
f 689/131 570/156 690/132
f 570/156 571/157 690/132
f 690/132 571/157 691/133
f 571/157 572/158 691/133
f 691/133 572/158 692/134
f 572/158 573/159 692/134
f 692/134 573/159 693/135
f 573/159 574/160 693/135
f 693/135 574/160 694/136
f 574/160 575/161 694/136
f 694/136 575/161 695/137
f 575/161 576/162 695/137
f 695/137 576/162 696/138
f 576/162 577/163 696/138
f 696/138 577/163 697/139
f 577/163 578/164 697/139
f 697/139 578/164 698/140
f 578/164 579/165 698/140
f 698/140 579/165 699/141
f 579/165 580/166 699/141
f 699/141 580/166 700/142
f 580/166 581/167 700/142
f 700/142 581/167 701/143
f 581/167 582/168 701/143
f 701/143 582/168 702/144
f 582/168 583/169 702/144
f 702/144 583/169 703/145
f 583/169 584/170 703/145
f 703/145 584/170 704/146
f 584/170 585/171 704/146
f 704/146 585/171 705/147
f 585/171 586/172 705/147
f 705/147 586/172 706/148
f 586/172 587/173 706/148
f 706/148 587/173 707/149
f 587/173 564/174 707/149
f 707/149 564/174 684/150
f 564/174 565/175 684/150
f 51/176 98/177 52/178
f 98/177 99/179 52/178
f 52/178 99/179 53/180
f 99/179 100/181 53/180
f 53/180 100/181 54/182
f 100/181 101/183 54/182
f 54/182 101/183 55/184
f 101/183 102/185 55/184
f 55/184 102/185 56/186
f 102/185 103/187 56/186
f 56/186 103/187 57/188
f 103/187 104/189 57/188
f 57/188 104/189 58/190
f 104/189 105/191 58/190
f 58/190 105/191 59/192
f 105/191 106/193 59/192
f 59/192 106/193 60/194
f 106/193 107/195 60/194
f 60/194 107/195 61/196
f 107/195 108/197 61/196
f 61/196 108/197 62/198
f 108/197 109/199 62/198
f 62/198 109/199 63/200
f 109/199 110/201 63/200
f 63/200 110/201 64/202
f 110/201 111/203 64/202
f 64/202 111/203 65/204
f 111/203 112/205 65/204
f 65/204 112/205 66/206
f 112/205 113/207 66/206
f 66/206 113/207 67/208
f 113/207 114/209 67/208
f 67/208 114/209 68/210
f 114/209 115/211 68/210
f 68/210 115/211 69/212
f 115/211 116/213 69/212
f 69/212 116/213 70/214
f 116/213 117/215 70/214
f 70/214 117/215 71/216
f 117/215 118/217 71/216
f 71/216 118/217 72/218
f 118/217 119/219 72/218
f 72/218 119/219 73/220
f 119/219 120/221 73/220
f 73/220 120/221 50/222
f 120/221 121/223 50/222
f 50/222 121/223 51/224
f 121/223 98/225 51/224
f 98/177 122/226 99/179
f 122/226 123/227 99/179
f 99/179 123/227 100/181
f 123/227 124/228 100/181
f 100/181 124/228 101/183
f 124/228 125/229 101/183
f 101/183 125/229 102/185
f 125/229 126/230 102/185
f 102/185 126/230 103/187
f 126/230 127/231 103/187
f 103/187 127/231 104/189
f 127/231 128/232 104/189
f 104/189 128/232 105/191
f 128/232 129/233 105/191
f 105/191 129/233 106/193
f 129/233 130/234 106/193
f 106/193 130/234 107/195
f 130/234 131/235 107/195
f 107/195 131/235 108/197
f 131/235 132/236 108/197
f 108/197 132/236 109/199
f 132/236 133/237 109/199
f 109/199 133/237 110/201
f 133/237 134/238 110/201
f 110/201 134/238 111/203
f 134/238 135/239 111/203
f 111/203 135/239 112/205
f 135/239 136/240 112/205
f 112/205 136/240 113/207
f 136/240 137/241 113/207
f 113/207 137/241 114/209
f 137/241 138/242 114/209
f 114/209 138/242 115/211
f 138/242 139/243 115/211
f 115/211 139/243 116/213
f 139/243 140/244 116/213
f 116/213 140/244 117/215
f 140/244 141/245 117/215
f 117/215 141/245 118/217
f 141/245 142/246 118/217
f 118/217 142/246 119/219
f 142/246 143/247 119/219
f 119/219 143/247 120/221
f 143/247 144/248 120/221
f 120/221 144/248 121/223
f 144/248 145/249 121/223
f 121/223 145/249 98/225
f 145/249 122/250 98/225
f 122/226 146/251 123/227
f 146/251 147/252 123/227
f 123/227 147/252 124/228
f 147/252 148/253 124/228
f 124/228 148/253 125/229
f 148/253 149/254 125/229
f 125/229 149/254 126/230
f 149/254 150/255 126/230
f 126/230 150/255 127/231
f 150/255 151/256 127/231
f 127/231 151/256 128/232
f 151/256 152/257 128/232
f 128/232 152/257 129/233
f 152/257 153/258 129/233
f 129/233 153/258 130/234
f 153/258 154/259 130/234
f 130/234 154/259 131/235
f 154/259 155/260 131/235
f 131/235 155/260 132/236
f 155/260 156/261 132/236
f 132/236 156/261 133/237
f 156/261 157/262 133/237
f 133/237 157/262 134/238
f 157/262 158/263 134/238
f 134/238 158/263 135/239
f 158/263 159/264 135/239
f 135/239 159/264 136/240
f 159/264 160/265 136/240
f 136/240 160/265 137/241
f 160/265 161/266 137/241
f 137/241 161/266 138/242
f 161/266 162/267 138/242
f 138/242 162/267 139/243
f 162/267 163/268 139/243
f 139/243 163/268 140/244
f 163/268 164/269 140/244
f 140/244 164/269 141/245
f 164/269 165/270 141/245
f 141/245 165/270 142/246
f 165/270 166/271 142/246
f 142/246 166/271 143/247
f 166/271 167/272 143/247
f 143/247 167/272 144/248
f 167/272 168/273 144/248
f 144/248 168/273 145/249
f 168/273 169/274 145/249
f 145/249 169/274 122/250
f 169/274 146/275 122/250
f 146/251 170/276 147/252
f 170/276 171/277 147/252
f 147/252 171/277 148/253
f 171/277 172/278 148/253
f 148/253 172/278 149/254
f 172/278 173/279 149/254
f 149/254 173/279 150/255
f 173/279 174/280 150/255
f 150/255 174/280 151/256
f 174/280 175/281 151/256
f 151/256 175/281 152/257
f 175/281 176/282 152/257
f 152/257 176/282 153/258
f 176/282 177/283 153/258
f 153/258 177/283 154/259
f 177/283 178/284 154/259
f 154/259 178/284 155/260
f 178/284 179/285 155/260
f 155/260 179/285 156/261
f 179/285 180/286 156/261
f 156/261 180/286 157/262
f 180/286 181/287 157/262
f 157/262 181/287 158/263
f 181/287 182/288 158/263
f 158/263 182/288 159/264
f 182/288 183/289 159/264
f 159/264 183/289 160/265
f 183/289 184/290 160/265
f 160/265 184/290 161/266
f 184/290 185/291 161/266
f 161/266 185/291 162/267
f 185/291 186/292 162/267
f 162/267 186/292 163/268
f 186/292 187/293 163/268
f 163/268 187/293 164/269
f 187/293 188/294 164/269
f 164/269 188/294 165/270
f 188/294 189/295 165/270
f 165/270 189/295 166/271
f 189/295 190/296 166/271
f 166/271 190/296 167/272
f 190/296 191/297 167/272
f 167/272 191/297 168/273
f 191/297 192/298 168/273
f 168/273 192/298 169/274
f 192/298 193/299 169/274
f 169/274 193/299 146/275
f 193/299 170/300 146/275
f 170/276 194/301 171/277
f 194/301 195/302 171/277
f 171/277 195/302 172/278
f 195/302 196/303 172/278
f 172/278 196/303 173/279
f 196/303 197/304 173/279
f 173/279 197/304 174/280
f 197/304 198/305 174/280
f 174/280 198/305 175/281
f 198/305 199/306 175/281
f 175/281 199/306 176/282
f 199/306 200/307 176/282
f 176/282 200/307 177/283
f 200/307 201/308 177/283
f 177/283 201/308 178/284
f 201/308 202/309 178/284
f 178/284 202/309 179/285
f 202/309 203/310 179/285
f 179/285 203/310 180/286
f 203/310 204/311 180/286
f 180/286 204/311 181/287
f 204/311 205/312 181/287
f 181/287 205/312 182/288
f 205/312 206/313 182/288
f 182/288 206/313 183/289
f 206/313 207/314 183/289
f 183/289 207/314 184/290
f 207/314 208/315 184/290
f 184/290 208/315 185/291
f 208/315 209/316 185/291
f 185/291 209/316 186/292
f 209/316 210/317 186/292
f 186/292 210/317 187/293
f 210/317 211/318 187/293
f 187/293 211/318 188/294
f 211/318 212/319 188/294
f 188/294 212/319 189/295
f 212/319 213/320 189/295
f 189/295 213/320 190/296
f 213/320 214/321 190/296
f 190/296 214/321 191/297
f 214/321 215/322 191/297
f 191/297 215/322 192/298
f 215/322 216/323 192/298
f 192/298 216/323 193/299
f 216/323 217/324 193/299
f 193/299 217/324 170/300
f 217/324 194/325 170/300
f 194/301 75/326 195/302
f 75/326 76/327 195/302
f 195/302 76/327 196/303
f 76/327 77/328 196/303
f 196/303 77/328 197/304
f 77/328 78/329 197/304
f 197/304 78/329 198/305
f 78/329 79/330 198/305
f 198/305 79/330 199/306
f 79/330 80/331 199/306
f 199/306 80/331 200/307
f 80/331 81/332 200/307
f 200/307 81/332 201/308
f 81/332 82/333 201/308
f 201/308 82/333 202/309
f 82/333 83/334 202/309
f 202/309 83/334 203/310
f 83/334 84/335 203/310
f 203/310 84/335 204/311
f 84/335 85/336 204/311
f 204/311 85/336 205/312
f 85/336 86/337 205/312
f 205/312 86/337 206/313
f 86/337 87/338 206/313
f 206/313 87/338 207/314
f 87/338 88/339 207/314
f 207/314 88/339 208/315
f 88/339 89/340 208/315
f 208/315 89/340 209/316
f 89/340 90/341 209/316
f 209/316 90/341 210/317
f 90/341 91/342 210/317
f 210/317 91/342 211/318
f 91/342 92/343 211/318
f 211/318 92/343 212/319
f 92/343 93/344 212/319
f 212/319 93/344 213/320
f 93/344 94/345 213/320
f 213/320 94/345 214/321
f 94/345 95/346 214/321
f 214/321 95/346 215/322
f 95/346 96/347 215/322
f 215/322 96/347 216/323
f 96/347 97/348 216/323
f 216/323 97/348 217/324
f 97/348 74/349 217/324
f 217/324 74/349 194/325
f 74/349 75/350 194/325
f 708/351 733/352 709/353
f 733/352 734/354 709/353
f 709/353 734/354 710/355
f 734/354 735/356 710/355
f 710/355 735/356 711/357
f 735/356 736/358 711/357
f 711/357 736/358 712/359
f 736/358 737/360 712/359
f 712/359 737/360 713/361
f 737/360 738/362 713/361
f 713/361 738/362 714/363
f 738/362 739/364 714/363
f 714/363 739/364 715/365
f 739/364 740/366 715/365
f 715/365 740/366 716/367
f 740/366 741/368 716/367
f 716/367 741/368 717/369
f 741/368 742/370 717/369
f 717/369 742/370 718/371
f 742/370 743/372 718/371
f 718/371 743/372 719/373
f 743/372 744/374 719/373
f 719/373 744/374 720/375
f 744/374 745/376 720/375
f 720/375 745/376 721/377
f 745/376 746/378 721/377
f 721/377 746/378 722/379
f 746/378 747/380 722/379
f 722/379 747/380 723/381
f 747/380 748/382 723/381
f 723/381 748/382 724/383
f 748/382 749/384 724/383
f 724/383 749/384 725/385
f 749/384 750/386 725/385
f 725/385 750/386 726/387
f 750/386 751/388 726/387
f 726/387 751/388 727/389
f 751/388 752/390 727/389
f 727/389 752/390 728/391
f 752/390 753/392 728/391
f 728/391 753/392 729/393
f 753/392 754/394 729/393
f 729/393 754/394 730/395
f 754/394 755/396 730/395
f 730/395 755/396 731/397
f 755/396 732/398 731/397
f 731/397 732/398 708/399
f 732/398 733/400 708/399
f 26/401 24/402 27/403
f 24/402 23/404 27/403
f 27/403 23/404 28/405
f 23/404 22/406 28/405
f 28/405 22/406 29/407
f 22/406 21/408 29/407
f 29/407 21/408 30/409
f 21/408 20/410 30/409
f 30/409 20/410 31/411
f 20/410 19/412 31/411
f 31/411 19/412 32/413
f 19/412 18/414 32/413
f 32/413 18/414 33/415
f 18/414 17/416 33/415
f 33/415 17/416 34/417
f 17/416 16/418 34/417
f 34/417 16/418 35/419
f 16/418 15/420 35/419
f 35/419 15/420 36/421
f 15/420 14/422 36/421
f 36/421 14/422 37/423
f 14/422 13/424 37/423
f 37/423 13/424 38/425
f 13/424 12/426 38/425
f 38/425 12/426 39/427
f 12/426 11/428 39/427
f 39/427 11/428 40/429
f 11/428 10/430 40/429
f 40/429 10/430 41/431
f 10/430 9/432 41/431
f 41/431 9/432 42/433
f 9/432 8/434 42/433
f 42/433 8/434 43/435
f 8/434 7/436 43/435
f 43/435 7/436 44/437
f 7/436 6/438 44/437
f 44/437 6/438 45/439
f 6/438 5/440 45/439
f 45/439 5/440 46/441
f 5/440 4/442 46/441
f 46/441 4/442 47/443
f 4/442 3/444 47/443
f 47/443 3/444 48/445
f 3/444 2/446 48/445
f 48/445 2/446 49/447
f 2/446 1/448 49/447
f 49/447 1/448 26/449
f 1/448 24/450 26/449
f 564/451 709/353 565/452
f 709/353 710/355 565/452
f 565/452 710/355 566/453
f 710/355 711/357 566/453
f 566/453 711/357 567/454
f 711/357 712/359 567/454
f 567/454 712/359 568/455
f 712/359 713/361 568/455
f 568/455 713/361 569/456
f 713/361 714/363 569/456
f 569/456 714/363 570/457
f 714/363 715/365 570/457
f 570/457 715/365 571/458
f 715/365 716/367 571/458
f 571/458 716/367 572/459
f 716/367 717/369 572/459
f 572/459 717/369 573/460
f 717/369 718/371 573/460
f 573/460 718/371 574/461
f 718/371 719/373 574/461
f 574/461 719/373 575/462
f 719/373 720/375 575/462
f 575/462 720/375 576/463
f 720/375 721/377 576/463
f 576/463 721/377 577/464
f 721/377 722/379 577/464
f 577/464 722/379 578/465
f 722/379 723/381 578/465
f 578/465 723/381 579/466
f 723/381 724/383 579/466
f 579/466 724/383 580/467
f 724/383 725/385 580/467
f 580/467 725/385 581/468
f 725/385 726/387 581/468
f 581/468 726/387 582/469
f 726/387 727/389 582/469
f 582/469 727/389 583/470
f 727/389 728/391 583/470
f 583/470 728/391 584/471
f 728/391 729/393 584/471
f 584/471 729/393 585/472
f 729/393 730/395 585/472
f 585/472 730/395 586/473
f 730/395 731/397 586/473
f 586/473 731/397 587/474
f 731/397 708/399 587/474
f 587/474 708/399 564/475
f 708/399 709/476 564/475
f 38/477 51/478 37/479
f 51/478 52/480 37/479
f 37/479 52/480 36/481
f 52/480 53/482 36/481
f 36/481 53/482 35/483
f 53/482 54/484 35/483
f 35/483 54/484 34/485
f 54/484 55/486 34/485
f 34/485 55/486 33/487
f 55/486 56/488 33/487
f 33/487 56/488 32/489
f 56/488 57/490 32/489
f 32/489 57/490 31/491
f 57/490 58/492 31/491
f 31/491 58/492 30/493
f 58/492 59/494 30/493
f 30/493 59/494 29/495
f 59/494 60/496 29/495
f 29/495 60/496 28/497
f 60/496 61/498 28/497
f 28/497 61/498 27/499
f 61/498 62/500 27/499
f 27/499 62/500 26/501
f 62/500 63/502 26/501
f 26/501 63/502 49/503
f 63/502 64/504 49/503
f 49/503 64/504 48/505
f 64/504 65/506 48/505
f 48/505 65/506 47/507
f 65/506 66/508 47/507
f 47/507 66/508 46/509
f 66/508 67/510 46/509
f 46/509 67/510 45/511
f 67/510 68/512 45/511
f 45/511 68/512 44/513
f 68/512 69/514 44/513
f 44/513 69/514 43/515
f 69/514 70/516 43/515
f 43/515 70/516 42/517
f 70/516 71/518 42/517
f 42/517 71/518 41/519
f 71/518 72/520 41/519
f 41/519 72/520 40/521
f 72/520 73/522 40/521
f 40/521 73/522 39/523
f 73/522 50/524 39/523
f 39/523 50/524 38/525
f 50/524 51/526 38/525
f 443/527 445/528 442/529
f 445/528 446/530 442/529
f 442/529 446/530 441/531
f 446/530 447/532 441/531
f 441/531 447/532 440/533
f 447/532 448/534 440/533
f 440/533 448/534 439/535
f 448/534 449/536 439/535
f 439/535 449/536 438/537
f 449/536 450/538 438/537
f 438/537 450/538 437/539
f 450/538 451/540 437/539
f 437/539 451/540 436/541
f 451/540 452/542 436/541
f 436/541 452/542 435/543
f 452/542 453/544 435/543
f 435/543 453/544 434/545
f 453/544 454/546 434/545
f 434/545 454/546 433/547
f 454/546 455/548 433/547
f 433/547 455/548 432/549
f 455/548 456/550 432/549
f 432/549 456/550 431/551
f 456/550 457/552 431/551
f 431/551 457/552 430/553
f 457/552 458/554 430/553
f 430/553 458/554 429/555
f 458/554 459/556 429/555
f 429/555 459/556 428/557
f 459/556 460/558 428/557
f 428/557 460/558 427/559
f 460/558 461/560 427/559
f 427/559 461/560 426/561
f 461/560 462/562 426/561
f 426/561 462/562 425/563
f 462/562 463/564 425/563
f 425/563 463/564 424/565
f 463/564 464/566 424/565
f 424/565 464/566 423/567
f 464/566 465/568 423/567
f 423/567 465/568 422/569
f 465/568 466/570 422/569
f 422/569 466/570 420/571
f 466/570 467/572 420/571
f 420/571 467/572 421/573
f 467/572 444/574 421/573
f 421/573 444/574 443/575
f 444/574 445/576 443/575
f 407/577 421/578 406/579
f 421/578 443/527 406/579
f 406/579 443/527 405/580
f 443/527 442/529 405/580
f 405/580 442/529 404/581
f 442/529 441/531 404/581
f 404/581 441/531 403/582
f 441/531 440/533 403/582
f 403/582 440/533 402/583
f 440/533 439/535 402/583
f 402/583 439/535 401/584
f 439/535 438/537 401/584
f 401/584 438/537 400/585
f 438/537 437/539 400/585
f 400/585 437/539 399/586
f 437/539 436/541 399/586
f 399/586 436/541 398/587
f 436/541 435/543 398/587
f 398/587 435/543 397/588
f 435/543 434/545 397/588
f 397/588 434/545 396/589
f 434/545 433/547 396/589
f 396/589 433/547 419/590
f 433/547 432/549 419/590
f 419/590 432/549 418/591
f 432/549 431/551 418/591
f 418/591 431/551 417/592
f 431/551 430/553 417/592
f 417/592 430/553 416/593
f 430/553 429/555 416/593
f 416/593 429/555 415/594
f 429/555 428/557 415/594
f 415/594 428/557 414/595
f 428/557 427/559 414/595
f 414/595 427/559 413/596
f 427/559 426/561 413/596
f 413/596 426/561 412/597
f 426/561 425/563 412/597
f 412/597 425/563 411/598
f 425/563 424/565 411/598
f 411/598 424/565 410/599
f 424/565 423/567 410/599
f 410/599 423/567 409/600
f 423/567 422/569 409/600
f 409/600 422/569 408/601
f 422/569 420/571 408/601
f 408/601 420/571 407/602
f 420/571 421/573 407/602
f 396/603 240/604 397/605
f 240/604 239/606 397/605
f 397/605 239/606 398/607
f 239/606 287/608 398/607
f 398/607 287/608 399/609
f 287/608 286/610 399/609
f 399/609 286/610 400/611
f 286/610 272/612 400/611
f 400/611 272/612 401/613
f 272/612 288/614 401/613
f 401/613 288/614 402/615
f 288/614 290/616 402/615
f 402/615 290/616 403/617
f 290/616 256/618 403/617
f 403/617 256/618 404/619
f 256/618 293/620 404/619
f 404/619 293/620 405/621
f 293/620 263/622 405/621
f 405/621 263/622 406/623
f 263/622 278/624 406/623
f 406/623 278/624 407/625
f 278/624 275/626 407/625
f 407/625 275/626 408/627
f 275/626 269/628 408/627
f 408/627 269/628 409/629
f 269/628 268/630 409/629
f 409/629 268/630 410/631
f 268/630 267/632 410/631
f 410/631 267/632 411/633
f 267/632 246/634 411/633
f 411/633 246/634 412/635
f 246/634 308/636 412/635
f 412/635 308/636 413/637
f 308/636 328/638 413/637
f 413/637 328/638 414/639
f 328/638 284/640 414/639
f 414/639 284/640 415/641
f 284/640 283/642 415/641
f 415/641 283/642 416/643
f 283/642 249/644 416/643
f 416/643 249/644 417/645
f 249/644 242/646 417/645
f 417/645 242/646 418/647
f 242/646 252/648 418/647
f 418/647 252/648 419/649
f 252/648 237/650 419/649
f 419/649 237/650 396/651
f 237/650 240/652 396/651
f 515/527 517/653 514/529
f 517/653 518/654 514/529
f 514/529 518/654 513/531
f 518/654 519/655 513/531
f 513/531 519/655 512/533
f 519/655 520/656 512/533
f 512/533 520/656 511/535
f 520/656 521/657 511/535
f 511/535 521/657 510/537
f 521/657 522/658 510/537
f 510/537 522/658 509/539
f 522/658 523/659 509/539
f 509/539 523/659 508/541
f 523/659 524/660 508/541
f 508/541 524/660 507/543
f 524/660 525/661 507/543
f 507/543 525/661 506/545
f 525/661 526/662 506/545
f 506/545 526/662 505/547
f 526/662 527/663 505/547
f 505/547 527/663 504/549
f 527/663 528/664 504/549
f 504/549 528/664 503/551
f 528/664 529/665 503/551
f 503/551 529/665 502/553
f 529/665 530/666 502/553
f 502/553 530/666 501/555
f 530/666 531/667 501/555
f 501/555 531/667 500/557
f 531/667 532/668 500/557
f 500/557 532/668 499/559
f 532/668 533/669 499/559
f 499/559 533/669 498/561
f 533/669 534/670 498/561
f 498/561 534/670 497/563
f 534/670 535/671 497/563
f 497/563 535/671 496/565
f 535/671 536/672 496/565
f 496/565 536/672 495/567
f 536/672 537/673 495/567
f 495/567 537/673 494/569
f 537/673 538/674 494/569
f 494/569 538/674 492/571
f 538/674 539/675 492/571
f 492/571 539/675 493/573
f 539/675 516/676 493/573
f 493/573 516/676 515/575
f 516/676 517/677 515/575
f 479/577 493/578 478/579
f 493/578 515/527 478/579
f 478/579 515/527 477/580
f 515/527 514/529 477/580
f 477/580 514/529 476/581
f 514/529 513/531 476/581
f 476/581 513/531 475/582
f 513/531 512/533 475/582
f 475/582 512/533 474/583
f 512/533 511/535 474/583
f 474/583 511/535 473/584
f 511/535 510/537 473/584
f 473/584 510/537 472/585
f 510/537 509/539 472/585
f 472/585 509/539 471/586
f 509/539 508/541 471/586
f 471/586 508/541 470/587
f 508/541 507/543 470/587
f 470/587 507/543 469/588
f 507/543 506/545 469/588
f 469/588 506/545 468/589
f 506/545 505/547 468/589
f 468/589 505/547 491/590
f 505/547 504/549 491/590
f 491/590 504/549 490/591
f 504/549 503/551 490/591
f 490/591 503/551 489/592
f 503/551 502/553 489/592
f 489/592 502/553 488/593
f 502/553 501/555 488/593
f 488/593 501/555 487/594
f 501/555 500/557 487/594
f 487/594 500/557 486/595
f 500/557 499/559 486/595
f 486/595 499/559 485/596
f 499/559 498/561 485/596
f 485/596 498/561 484/597
f 498/561 497/563 484/597
f 484/597 497/563 483/598
f 497/563 496/565 483/598
f 483/598 496/565 482/599
f 496/565 495/567 482/599
f 482/599 495/567 481/600
f 495/567 494/569 481/600
f 481/600 494/569 480/601
f 494/569 492/571 480/601
f 480/601 492/571 479/602
f 492/571 493/573 479/602
f 468/678 266/604 469/679
f 266/604 265/606 469/679
f 469/679 265/606 470/680
f 265/606 270/608 470/680
f 470/680 270/608 471/681
f 270/608 296/610 471/681
f 471/681 296/610 472/682
f 296/610 298/612 472/682
f 472/682 298/612 473/683
f 298/612 297/614 473/683
f 473/683 297/614 474/684
f 297/614 300/616 474/684
f 474/684 300/616 475/685
f 300/616 299/618 475/685
f 475/685 299/618 476/686
f 299/618 321/620 476/686
f 476/686 321/620 477/687
f 321/620 322/622 477/687
f 477/687 322/622 478/688
f 322/622 313/624 478/688
f 478/688 313/624 479/689
f 313/624 314/626 479/689
f 479/689 314/626 480/690
f 314/626 317/628 480/690
f 480/690 317/628 481/691
f 317/628 318/630 481/691
f 481/691 318/630 482/692
f 318/630 329/632 482/692
f 482/692 329/632 483/693
f 329/632 326/634 483/693
f 483/693 326/634 484/694
f 326/634 327/636 484/694
f 484/694 327/636 485/695
f 327/636 319/638 485/695
f 485/695 319/638 486/696
f 319/638 295/640 486/696
f 486/696 295/640 487/697
f 295/640 281/642 487/697
f 487/697 281/642 488/698
f 281/642 282/644 488/698
f 488/698 282/644 489/699
f 282/644 248/646 489/699
f 489/699 248/646 490/700
f 248/646 247/648 490/700
f 490/700 247/648 491/701
f 247/648 264/650 491/701
f 491/701 264/650 468/702
f 264/650 266/652 468/702
f 349/703 222/704 230/705
f 349/703 230/705 348/706
f 230/705 229/707 348/706
f 348/706 229/707 347/708
f 229/707 225/709 347/708
f 347/708 225/709 346/710
f 225/709 219/711 346/710
f 346/710 219/711 345/712
f 219/711 218/713 345/712
f 345/712 218/713 344/714
f 218/713 228/715 344/714
f 344/714 228/715 343/716
f 228/715 227/717 343/716
f 343/716 227/717 342/718
f 227/717 224/719 342/718
f 342/718 224/719 341/720
f 224/719 223/721 341/720
f 341/720 223/721 340/722
f 223/721 254/723 340/722
f 340/722 254/723 339/724
f 254/723 245/725 339/724
f 339/724 245/725 338/726
f 245/725 236/727 338/726
f 338/726 236/727 337/728
f 236/727 235/729 337/728
f 337/728 235/729 336/730
f 235/729 244/731 336/730
f 336/730 244/731 335/732
f 244/731 253/733 335/732
f 335/732 253/733 334/734
f 253/733 232/735 334/734
f 334/734 232/735 333/736
f 232/735 234/737 333/736
f 333/736 234/737 332/738
f 234/737 233/739 332/738
f 332/738 233/739 331/740
f 255/741 389/742 271/743
f 389/742 380/744 271/743
f 389/745 255/746 392/747
f 255/746 241/748 392/747
f 392/747 241/748 391/749
f 241/748 238/750 391/749
f 391/749 238/750 390/751
f 238/750 231/752 390/751
f 231/753 226/754 390/755
f 226/754 393/742 390/755
f 393/751 226/752 395/756
f 226/752 221/757 395/756
f 395/756 221/757 394/758
f 221/757 220/759 394/758
f 394/758 220/759 349/760
f 220/759 222/761 349/760
f 747/762 746/763 756/742
f 746/763 745/764 756/742
f 756/742 745/764 744/765
f 750/766 749/767 756/742
f 749/767 748/768 756/742
f 756/742 748/768 747/762
f 753/769 752/770 756/742
f 752/770 751/771 756/742
f 756/742 751/771 750/766
f 732/772 755/773 756/742
f 755/773 754/774 756/742
f 756/742 754/774 753/769
f 735/775 734/776 756/742
f 734/776 733/777 756/742
f 756/742 733/777 732/772
f 738/778 737/779 756/742
f 737/779 736/780 756/742
f 756/742 736/780 735/775
f 741/781 740/782 756/742
f 740/782 739/783 756/742
f 756/742 739/783 738/778
f 744/765 743/784 756/742
f 743/784 742/785 756/742
f 756/742 742/785 741/781
f 22/781 23/785 25/742
f 23/785 24/784 25/742
f 25/742 24/784 1/765
f 19/778 20/783 25/742
f 20/783 21/782 25/742
f 25/742 21/782 22/781
f 16/775 17/780 25/742
f 17/780 18/779 25/742
f 25/742 18/779 19/778
f 13/772 14/777 25/742
f 14/777 15/776 25/742
f 25/742 15/776 16/775
f 10/769 11/774 25/742
f 11/774 12/773 25/742
f 25/742 12/773 13/772
f 7/766 8/771 25/742
f 8/771 9/770 25/742
f 25/742 9/770 10/769
f 4/762 5/768 25/742
f 5/768 6/767 25/742
f 25/742 6/767 7/766
f 1/765 2/764 25/742
f 2/764 3/763 25/742
f 25/742 3/763 4/762
f 379/786 305/787 258/788
f 379/786 258/788 388/789
f 258/788 257/790 388/789
f 388/789 257/790 387/791
f 257/790 260/792 387/791
f 387/791 260/792 386/793
f 260/792 259/794 386/793
f 386/793 259/794 385/795
f 259/794 274/796 385/795
f 385/795 274/796 384/797
f 274/796 273/798 384/797
f 384/797 273/798 383/799
f 273/798 289/800 383/799
f 383/799 289/800 382/801
f 289/800 291/802 382/801
f 382/801 291/802 381/803
f 291/802 271/804 381/803
f 381/803 271/804 380/805
f 302/806 305/807 350/742
f 305/807 379/808 350/742
f 277/754 276/809 364/742
f 276/809 356/810 364/742
f 361/811 306/812 280/813
f 361/811 280/813 378/814
f 280/813 279/815 378/814
f 378/814 279/815 377/816
f 279/815 294/817 377/816
f 377/816 294/817 376/818
f 294/817 330/819 376/818
f 376/818 330/819 375/820
f 330/819 325/821 375/820
f 375/820 325/821 374/822
f 325/821 324/823 374/822
f 374/822 324/823 373/824
f 324/823 323/825 373/824
f 373/824 323/825 372/826
f 323/825 316/827 372/826
f 372/826 316/827 371/828
f 316/827 315/829 371/828
f 371/828 315/829 370/830
f 315/829 312/831 370/830
f 370/830 312/831 369/832
f 312/831 311/833 369/832
f 369/832 311/833 368/834
f 311/833 320/835 368/834
f 368/834 320/835 367/836
f 320/835 304/837 367/836
f 367/836 304/837 366/838
f 304/837 301/839 366/838
f 366/838 301/839 365/840
f 301/839 277/841 365/840
f 365/840 277/841 364/842
f 360/843 285/841 363/844
f 285/841 309/845 363/844
f 363/844 309/845 362/846
f 309/845 310/847 362/846
f 362/846 310/847 361/848
f 310/847 306/849 361/848
f 360/850 357/742 285/851
f 357/742 250/852 285/851
f 331/853 233/854 359/855
f 233/854 251/856 359/855
f 359/855 251/856 358/857
f 251/856 243/858 358/857
f 358/857 243/858 357/843
f 243/858 250/841 357/843
f 246/859 309/860 308/861
f 309/860 285/862 308/861
f 308/861 285/862 328/863
f 280/864 306/865 246/859
f 306/865 310/866 246/859
f 246/859 310/866 309/860
f 293/867 256/868 302/869
f 297/870 298/871 275/872
f 298/871 296/873 275/872
f 275/872 296/873 270/874
f 250/875 283/876 285/862
f 283/876 284/877 285/862
f 285/862 284/877 328/863
f 300/878 301/879 299/880
f 301/879 304/881 299/880
f 299/880 304/881 321/882
f 304/881 320/883 321/882
f 321/882 320/883 322/884
f 320/883 311/885 322/884
f 322/884 311/885 313/886
f 311/885 312/887 313/886
f 313/886 312/887 314/888
f 312/887 315/889 314/888
f 314/888 315/889 317/890
f 315/889 316/891 317/890
f 317/890 316/891 318/892
f 316/891 323/893 318/892
f 318/892 323/893 329/894
f 323/893 324/895 329/894
f 329/894 324/895 326/896
f 324/895 325/897 326/896
f 326/896 325/897 327/898
f 325/897 330/899 327/898
f 327/898 330/899 319/900
f 330/899 294/901 319/900
f 319/900 294/901 295/902
f 294/901 279/903 295/902
f 295/902 279/903 281/904
f 279/903 280/864 281/904
f 300/878 297/870 301/879
f 297/870 275/872 301/879
f 301/879 275/872 277/905
f 275/872 276/906 277/905
f 271/907 291/908 290/909
f 291/908 289/910 290/909
f 290/909 289/910 256/868
f 289/910 273/911 256/868
f 256/868 273/911 274/912
f 286/913 255/914 272/915
f 255/914 271/907 272/915
f 272/915 271/907 288/916
f 271/907 290/909 288/916
f 264/917 246/859 266/918
f 246/859 267/919 266/918
f 266/918 267/919 265/920
f 267/919 268/921 265/920
f 265/920 268/921 270/874
f 268/921 269/922 270/874
f 270/874 269/922 275/872
f 302/869 307/923 293/867
f 307/923 261/924 293/867
f 293/867 261/924 263/925
f 261/924 262/926 263/925
f 263/925 262/926 278/927
f 262/926 303/928 278/927
f 278/927 303/928 275/872
f 303/928 292/929 275/872
f 275/872 292/929 276/906
f 274/912 259/930 256/868
f 259/930 260/931 256/868
f 256/868 260/931 257/932
f 257/932 258/933 256/868
f 258/933 305/934 256/868
f 256/868 305/934 302/869
f 89/935 88/936 237/937
f 88/936 87/938 237/937
f 237/937 87/938 86/939
f 91/940 252/941 242/942
f 91/940 251/943 233/944
f 264/917 247/945 246/859
f 247/945 248/946 246/859
f 246/859 248/946 280/864
f 248/946 282/947 280/864
f 280/864 282/947 281/904
f 252/941 91/940 237/937
f 91/940 90/948 237/937
f 237/937 90/948 89/935
f 251/943 91/940 243/949
f 91/940 242/942 243/949
f 243/949 242/942 250/875
f 242/942 249/950 250/875
f 250/875 249/950 283/876
f 286/913 287/951 255/914
f 287/951 239/952 255/914
f 255/914 239/952 241/953
f 239/952 240/954 241/953
f 241/953 240/954 238/955
f 240/954 237/937 238/955
f 237/937 86/939 238/955
f 238/955 86/939 231/956
f 86/939 85/957 231/956
f 231/956 85/957 226/958
f 85/957 84/959 226/958
f 226/958 84/959 221/960
f 233/944 234/961 91/940
f 234/961 232/962 91/940
f 91/940 232/962 92/963
f 232/962 253/964 92/963
f 92/963 253/964 93/965
f 253/964 244/966 93/965
f 93/965 244/966 94/967
f 244/966 235/968 94/967
f 94/967 235/968 95/969
f 235/968 236/970 95/969
f 95/969 236/970 96/971
f 236/970 245/972 96/971
f 96/971 245/972 97/973
f 245/972 254/974 97/973
f 97/973 254/974 74/975
f 254/974 223/976 74/975
f 74/975 223/976 75/977
f 223/976 224/978 75/977
f 75/977 224/978 76/979
f 224/978 227/980 76/979
f 76/979 227/980 77/981
f 227/980 228/982 77/981
f 77/981 228/982 78/983
f 228/982 218/984 78/983
f 78/983 218/984 79/985
f 218/984 219/986 79/985
f 79/985 219/986 80/987
f 219/986 225/988 80/987
f 80/987 225/988 81/989
f 225/988 229/990 81/989
f 81/989 229/990 82/991
f 229/990 230/992 82/991
f 82/991 230/992 83/993
f 230/992 222/994 83/993
f 83/993 222/994 84/959
f 222/994 220/995 84/959
f 84/959 220/995 221/960
f 455/954 454/952 389/914
f 454/952 453/951 389/914
f 453/951 452/913 389/914
f 389/914 452/913 380/907
f 389/914 392/953 455/954
f 392/953 391/955 455/954
f 455/954 391/955 456/937
f 391/955 390/956 456/937
f 456/937 390/956 393/958
f 448/868 351/923 350/869
f 452/913 451/915 380/907
f 451/915 450/916 380/907
f 380/907 450/916 381/908
f 450/916 449/909 381/908
f 381/908 449/909 382/910
f 449/909 448/868 382/910
f 382/910 448/868 383/911
f 448/868 384/912 383/911
f 466/921 529/945 528/917
f 393/958 553/959 456/937
f 553/959 554/957 456/937
f 456/937 554/957 457/941
f 554/957 550/939 457/941
f 457/941 550/939 458/942
f 350/869 379/934 448/868
f 379/934 388/933 448/868
f 448/868 388/933 387/932
f 387/932 386/931 448/868
f 386/931 385/930 448/868
f 448/868 385/930 384/912
f 364/905 356/906 444/872
f 356/906 355/929 444/872
f 444/872 355/929 354/928
f 351/923 448/868 352/924
f 448/868 447/867 352/924
f 352/924 447/867 353/926
f 447/867 446/925 353/926
f 353/926 446/925 354/928
f 446/925 445/927 354/928
f 354/928 445/927 444/872
f 466/921 465/919 529/945
f 465/919 464/859 529/945
f 529/945 464/859 530/946
f 458/942 550/939 459/950
f 550/939 551/938 459/950
f 459/950 551/938 546/936
f 528/917 527/918 466/921
f 527/918 526/920 466/921
f 466/921 526/920 467/922
f 526/920 525/874 467/922
f 467/922 525/874 444/872
f 525/874 524/873 444/872
f 444/872 524/873 364/905
f 464/859 463/861 360/862
f 464/859 360/862 530/946
f 360/862 363/860 530/946
f 530/946 363/860 531/947
f 463/861 462/863 360/862
f 462/863 461/877 360/862
f 360/862 461/877 357/875
f 461/877 460/876 357/875
f 357/875 460/876 358/949
f 460/876 459/950 358/949
f 358/949 459/950 359/943
f 459/950 546/936 359/943
f 359/943 546/936 542/935
f 393/958 395/960 553/959
f 395/960 394/995 553/959
f 553/959 394/995 552/993
f 394/995 349/994 552/993
f 552/993 349/994 555/991
f 349/994 348/992 555/991
f 555/991 348/992 560/989
f 348/992 347/990 560/989
f 560/989 347/990 563/987
f 347/990 346/988 563/987
f 563/987 346/988 556/985
f 346/988 345/986 556/985
f 556/985 345/986 557/983
f 345/986 344/984 557/983
f 557/983 344/984 561/981
f 344/984 343/982 561/981
f 561/981 343/982 562/979
f 343/982 342/980 562/979
f 562/979 342/980 558/977
f 342/980 341/978 558/977
f 558/977 341/978 559/975
f 341/978 340/976 559/975
f 559/975 340/976 547/973
f 340/976 339/974 547/973
f 547/973 339/974 548/971
f 339/974 338/972 548/971
f 548/971 338/972 543/969
f 338/972 337/970 543/969
f 543/969 337/970 544/967
f 337/970 336/968 544/967
f 544/967 336/968 549/965
f 336/968 335/966 549/965
f 549/965 335/966 545/963
f 335/966 334/964 545/963
f 545/963 334/964 540/940
f 334/964 333/962 540/940
f 540/940 333/962 541/948
f 333/962 332/961 541/948
f 541/948 332/961 542/935
f 332/961 331/944 542/935
f 542/935 331/944 359/943
f 363/860 362/866 531/947
f 362/866 361/865 531/947
f 531/947 361/865 532/904
f 361/865 378/864 532/904
f 532/904 378/864 533/902
f 378/864 377/903 533/902
f 533/902 377/903 534/900
f 377/903 376/901 534/900
f 534/900 376/901 535/898
f 376/901 375/899 535/898
f 535/898 375/899 536/896
f 375/899 374/897 536/896
f 536/896 374/897 537/894
f 374/897 373/895 537/894
f 537/894 373/895 538/892
f 373/895 372/893 538/892
f 538/892 372/893 539/890
f 372/893 371/891 539/890
f 539/890 371/891 516/888
f 371/891 370/889 516/888
f 516/888 370/889 517/886
f 370/889 369/887 517/886
f 517/886 369/887 518/884
f 369/887 368/885 518/884
f 518/884 368/885 519/882
f 368/885 367/883 519/882
f 519/882 367/883 520/880
f 367/883 366/881 520/880
f 520/880 366/881 521/878
f 366/881 365/879 521/878
f 521/878 365/879 522/870
f 365/879 364/905 522/870
f 522/870 364/905 523/871
f 364/905 524/873 523/871
f 356/751 276/752 355/996
f 276/752 292/997 355/996
f 355/996 292/997 354/998
f 292/997 303/999 354/998
f 354/998 303/999 353/1000
f 303/999 262/1001 353/1000
f 353/1000 262/1001 352/1002
f 262/1001 261/1003 352/1002
f 352/1002 261/1003 351/1004
f 261/1003 307/1005 351/1004
f 351/1004 307/1005 350/1006
f 307/1005 302/1007 350/1006
