mtllib materials.mtl
o Defeatured_2F_85_PAD_OPEN_finger2step_Periwinkle_Gray

usemtl Periwinkle_Gray
v -0.06845248490571976 0.09493124485015869 -0.013299999758601189
v -0.06910506635904312 0.09492319077253342 -0.013299999758601189
v -0.0697374939918518 0.09508431702852249 -0.013299999758601189
v -0.0703066736459732 0.09540363401174545 -0.013299999758601189
v -0.07077381014823914 0.09585938602685928 -0.013299999758601189
v -0.07110707461833954 0.09642051160335541 -0.013299999758601189
v -0.0712837502360344 0.09704877436161041 -0.013299999758601189
v -0.07129180431365967 0.09770135581493378 -0.013299999758601189
v -0.0711306780576706 0.09833378344774246 -0.013299999758601189
v -0.07081136107444763 0.09890296310186386 -0.013299999758601189
v -0.0703556090593338 0.09937009960412979 -0.013299999758601189
v -0.06979448348283768 0.0997033640742302 -0.013299999758601189
v -0.06916622072458267 0.09988003969192505 -0.013299999758601189
v -0.06851363927125931 0.09988809376955032 -0.013299999758601189
v -0.06788121163845062 0.09972696751356125 -0.013299999758601189
v -0.06731203198432922 0.09940765053033829 -0.013299999758601189
v -0.0668448954820633 0.09895189851522446 -0.013299999758601189
v -0.06651163101196289 0.09839077293872833 -0.013299999758601189
v -0.06633495539426804 0.09776251018047333 -0.013299999758601189
v -0.06632690131664276 0.09710992872714996 -0.013299999758601189
v -0.06648802757263184 0.09647750109434128 -0.013299999758601189
v -0.0668073445558548 0.09590832144021988 -0.013299999758601189
v -0.06726309657096863 0.09544118493795395 -0.013299999758601189
v -0.06782422214746475 0.09510792046785355 -0.013299999758601189
v -0.06880935281515121 0.09740564227104187 -0.013299999758601189
v -0.06920904666185379 0.10017696768045425 -0.01360000018030405
v -0.06847815215587616 0.10018598288297653 -0.01360000018030405
v -0.06776983290910721 0.10000552982091904 -0.01360000018030405
v -0.06713235378265381 0.0996478870511055 -0.01360000018030405
v -0.06660915911197662 0.09913744777441025 -0.01360000018030405
v -0.06623590737581253 0.09850898385047913 -0.01360000018030405
v -0.06603802740573883 0.09780533611774445 -0.01360000018030405
v -0.06602901220321655 0.09707444161176682 -0.01360000018030405
v -0.06620946526527405 0.09636612236499786 -0.01360000018030405
v -0.06656710803508759 0.09572864323854446 -0.01360000018030405
v -0.06707754731178284 0.09520544856786728 -0.01360000018030405
v -0.06770601123571396 0.09483219683170319 -0.01360000018030405
v -0.06840965896844864 0.09463431686162949 -0.01360000018030405
v -0.06914055347442627 0.09462530165910721 -0.01360000018030405
v -0.06984887272119522 0.0948057547211647 -0.01360000018030405
v -0.07048635184764862 0.09516339004039764 -0.01360000018030405
v -0.0710095465183258 0.09567383676767349 -0.01360000018030405
v -0.0713827982544899 0.09630229324102402 -0.01360000018030405
v -0.0715806782245636 0.0970059484243393 -0.01360000018030405
v -0.07158969342708588 0.09773684293031693 -0.01360000018030405
v -0.07140924036502838 0.09844516217708588 -0.01360000018030405
v -0.07105160504579544 0.09908264130353928 -0.01360000018030405
v -0.07054115831851959 0.09960583597421646 -0.01360000018030405
v -0.06991270184516907 0.09997908771038055 -0.01360000018030405
v -0.056637950241565704 0.056203775107860565 -0.01360000018030405
v -0.06320815533399582 0.05312955006957054 -0.01360000018030405
v -0.06206934154033661 0.0666942298412323 -0.01360000018030405
v -0.06289844959974289 0.06832446902990341 -0.01360000018030405
v -0.056444600224494934 0.056962691247463226 -0.01360000018030405
v -0.06335505098104477 0.07009552419185638 -0.01360000018030405
v -0.06388150155544281 0.052729636430740356 -0.01360000018030405
v -0.05551451817154884 0.05820626765489578 -0.01360000018030405
v -0.060907039791345596 0.06528207659721375 -0.01360000018030405
v -0.04979678988456726 0.056889716535806656 -0.01360000018030405
v -0.04965931549668312 0.055898267775774 -0.01360000018030405
v -0.050680071115493774 0.05549406632781029 -0.01360000018030405
v -0.05070604383945465 0.05315077677369118 -0.01360000018030405
v -0.05146835744380951 0.05250212550163269 -0.01360000018030405
v -0.051803503185510635 0.05349157005548477 -0.01360000018030405
v -0.05641627311706543 0.05466676503419876 -0.01360000018030405
v -0.056016359478235245 0.05399341136217117 -0.01360000018030405
v -0.059268731623888016 0.05155444145202637 -0.01360000018030405
v -0.05545579269528389 0.053446512669324875 -0.01360000018030405
v -0.05477277934551239 0.05306332930922508 -0.01360000018030405
v -0.05905672162771225 0.05080052837729454 -0.01360000018030405
v -0.066070057451725 0.1003204807639122 -0.01360000018030405
v -0.0752427875995636 0.09647778421640396 -0.01360000018030405
v -0.054841164499521255 0.058606185019016266 -0.01360000018030405
v -0.07525566965341568 0.09752191603183746 -0.01360000018030405
v -0.050689730793237686 0.056277163326740265 -0.01360000018030405
v -0.050873417407274246 0.054735150188207626 -0.01360000018030405
v -0.04977228865027428 0.054903727024793625 -0.01360000018030405
v -0.05012863501906395 0.05396837368607521 -0.01360000018030405
v -0.05125660076737404 0.05405213683843613 -0.01360000018030405
v -0.052476853132247925 0.05309165641665459 -0.01360000018030405
v -0.0596686489880085 0.052227795124053955 -0.01360000018030405
v -0.060229215770959854 0.05277469754219055 -0.01360000018030405
v -0.060912229120731354 0.053157877177000046 -0.01360000018030405
v -0.056628286838531494 0.05542067810893059 -0.01360000018030405
v -0.059623587876558304 0.0485755018889904 -0.01360000018030405
v -0.05924040824174881 0.0492585152387619 -0.01360000018030405
v -0.05401386693120003 0.05286998301744461 -0.01360000018030405
v -0.06084384024143219 0.04761502146720886 -0.01360000018030405
v -0.0601704902946949 0.048014938831329346 -0.01360000018030405
v -0.059835344552993774 0.047025490552186966 -0.01360000018030405
v -0.06760603189468384 0.10122035443782806 -0.01360000018030405
v -0.06678735464811325 0.10085694491863251 -0.01360000018030405
v -0.06507663428783417 0.0988432839512825 -0.01360000018030405
v -0.06485031545162201 0.09797663241624832 -0.01360000018030405
v -0.05606142058968544 0.057645704597234726 -0.01360000018030405
v -0.05254523828625679 0.05863451212644577 -0.01360000018030405
v -0.05330415442585945 0.05882785841822624 -0.01360000018030405
v -0.0594666451215744 0.0641549751162529 -0.01360000018030405
v -0.05323076620697975 0.05287964269518852 -0.01360000018030405
v -0.05904705822467804 0.05001743137836456 -0.01360000018030405
v -0.05665900930762291 0.05584891885519028 -0.01360000018030405
v -0.060611650347709656 0.046630680561065674 -0.01360000018030405
v -0.06145500764250755 0.046413250267505646 -0.01360000018030405
v -0.061597757041454315 0.0474030077457428 -0.01360000018030405
v -0.06238085404038429 0.047393348067998886 -0.01360000018030405
v -0.06848505884408951 0.1013924777507782 -0.01360000018030405
v -0.06549012660980225 0.09963784366846085 -0.01360000018030405
v -0.06455278396606445 0.09591364115476608 -0.01360000018030405
v -0.06845942884683609 0.04944442957639694 -0.01360000018030405
v -0.0644284039735794 0.052169069647789 -0.01360000018030405
v -0.05408725142478943 0.05881819874048233 -0.01360000018030405
v -0.07499787211418152 0.09853380173444748 -0.01360000018030405
v -0.05155159533023834 0.05924874171614647 -0.01360000018030405
v -0.050773508846759796 0.058619096875190735 -0.01360000018030405
v -0.051301661878824234 0.05770442634820938 -0.01360000018030405
v -0.05090174451470375 0.05703107640147209 -0.01360000018030405
v -0.06392940878868103 0.04605638235807419 -0.01360000018030405
v -0.06382278352975845 0.04796987771987915 -0.01360000018030405
v -0.06313976645469666 0.04758669435977936 -0.01360000018030405
v -0.06689610332250595 0.046812206506729126 -0.01360000018030405
v -0.06764353066682816 0.047541409730911255 -0.01360000018030405
v -0.0647832602262497 0.049190130084753036 -0.01360000018030405
v -0.0681767463684082 0.04843921214342117 -0.01360000018030405
v -0.06499527394771576 0.04994404315948486 -0.01360000018030405
v -0.06451195478439331 0.09530983120203018 -0.01360000018030405
v -0.05186222493648529 0.05825132876634598 -0.01360000018030405
v -0.05017610639333725 0.05781599134206772 -0.01360000018030405
v -0.061671141535043716 0.053351227194070816 -0.01360000018030405
v -0.062454238533973694 0.053341563791036606 -0.01360000018030405
v -0.06497353315353394 0.04604350030422211 -0.01360000018030405
v -0.06598541885614395 0.04630129784345627 -0.01360000018030405
v -0.06438334286212921 0.04851678013801575 -0.01360000018030405
v -0.07185474038124084 0.10100781172513962 -0.01360000018030405
v -0.06938034296035767 0.10136467963457108 -0.01360000018030405
v -0.06456268578767776 0.09470676630735397 -0.01360000018030405
v -0.06570081412792206 0.087033711373806 -0.01360000018030405
v -0.06561507284641266 0.08576570451259613 -0.01360000018030405
v -0.06559427082538605 0.08830013871192932 -0.01360000018030405
v -0.0648115873336792 0.0514860562980175 -0.01360000018030405
v -0.07375776022672653 0.10019190609455109 -0.01360000018030405
v -0.07285995781421661 0.10072512924671173 -0.01360000018030405
v -0.06500493735074997 0.05072714388370514 -0.01360000018030405
v -0.07448696345090866 0.09944448620080948 -0.01360000018030405
v -0.06517458707094193 0.0858292356133461 -0.013549855910241604
v -0.06510501354932785 0.08583926409482956 -0.013525260612368584
v -0.06475619226694107 0.08588957786560059 -0.013401937671005726
v -0.06515488773584366 0.08822938799858093 -0.013549855910241604
v -0.06463119387626648 0.08590760082006454 -0.013322587125003338
v -0.06438086181879044 0.08594370633363724 -0.013163662515580654
v -0.06473754346370697 0.08816219121217728 -0.013401937671005726
v -0.06422413885593414 0.0859663113951683 -0.01300532091408968
v -0.06406742334365845 0.08598891645669937 -0.012846979312598705
v -0.06436315178871155 0.08810190111398697 -0.013163662515580654
v -0.06391012668609619 0.08601159602403641 -0.012594053521752357
v -0.06383158266544342 0.08602292835712433 -0.012467767111957073
v -0.06405049562454224 0.08805155754089355 -0.012846979312598705
v -0.06370952725410461 0.08604053407907486 -0.01211533136665821
v -0.06368518620729446 0.08604404330253601 -0.012045041657984257
v -0.06381525099277496 0.0880136787891388 -0.012467767111957073
v -0.06363555043935776 0.08605119585990906 -0.011599999852478504
v -0.06370087713003159 0.08701729774475098 -0.011599999852478504
v -0.06366921216249466 0.0879901647567749 -0.012045041657984257
v -0.0636197030544281 0.0879821926355362 -0.011599999852478504
v -0.06375101953744888 0.08701770752668381 -0.012045041657984257
v -0.06389893591403961 0.0870189219713211 -0.012467767111957073
v -0.06413719803094864 0.0870208814740181 -0.012846979312598705
v -0.06445387005805969 0.08702347427606583 -0.013163662515580654
v -0.06483307480812073 0.08702658861875534 -0.013401937671005726
v -0.0652557834982872 0.08703006058931351 -0.013549855910241604
v -0.06137552857398987 0.07038101553916931 -0.011599999852478504
v -0.061425160616636276 0.07037386298179626 -0.012045041657984257
v -0.061449505388736725 0.07037034630775452 -0.01211533136665821
v -0.06157156452536583 0.07035274803638458 -0.012467767111957073
v -0.06180739775300026 0.07031872868537903 -0.012846979312598705
v -0.061650101095438004 0.07034141570329666 -0.012594053521752357
v -0.062120839953422546 0.07027352601289749 -0.013163662515580654
v -0.06196412071585655 0.07029613107442856 -0.01300532091408968
v -0.06249616667628288 0.07021939754486084 -0.013401937671005726
v -0.06237117573618889 0.0702374204993248 -0.013322587125003338
v -0.06284499168395996 0.07016908377408981 -0.013525260612368584
v -0.06291456520557404 0.07015904784202576 -0.013549855910241604
v -0.06258811801671982 0.09438882768154144 -0.011599999852478504
v -0.06263762712478638 0.09439679980278015 -0.012045041657984257
v -0.06278366595506668 0.09442031383514404 -0.012467767111957073
v -0.06301891058683395 0.0944581925868988 -0.012846979312598705
v -0.06333156675100327 0.09450853615999222 -0.013163662515580654
v -0.06370595097541809 0.09456881880760193 -0.013401937671005726
v -0.06412330269813538 0.09463602304458618 -0.013549855910241604
v -0.06370087713003159 0.08701729774475098 -0.009200000204145908
v -0.06363555043935776 0.08605119585990906 -0.009200000204145908
v -0.0636197030544281 0.0879821926355362 -0.009200000204145908
v -0.05923217535018921 0.06453324109315872 -0.013549855910241604
v -0.05900945886969566 0.06489253789186478 -0.013401937671005726
v -0.05880966782569885 0.0652148500084877 -0.013163662515580654
v -0.05864282324910164 0.06548401713371277 -0.012846979312598705
v -0.05851728841662407 0.06568653881549835 -0.012467767111957073
v -0.058439355343580246 0.06581226736307144 -0.012045041657984257
v -0.05841293931007385 0.06585488468408585 -0.011599999852478504
v -0.059510380029678345 0.06671363115310669 -0.011599999852478504
v -0.060395944863557816 0.06778955459594727 -0.011599999852478504
v -0.061027642339468 0.06903164833784103 -0.011599999852478504
v -0.061074547469615936 0.06901391595602036 -0.012045041657984257
v -0.06121291220188141 0.06896161288022995 -0.012467767111957073
v -0.06143579259514809 0.06887736171483994 -0.012846979312598705
v -0.06173202022910118 0.06876538693904877 -0.013163662515580654
v -0.06208673492074013 0.06863130629062653 -0.013401937671005726
v -0.06248215213418007 0.06848183274269104 -0.013549855910241604
v -0.060437899082899094 0.067762091755867 -0.012045041657984257
v -0.060561660677194595 0.06768108159303665 -0.012467767111957073
v -0.06076102703809738 0.06755059212446213 -0.012846979312598705
v -0.06102599576115608 0.06737715005874634 -0.013163662515580654
v -0.06134328246116638 0.06716947257518768 -0.013401937671005726
v -0.06169697642326355 0.06693796068429947 -0.013549855910241604
v -0.05954539775848389 0.06667774170637131 -0.012045041657984257
v -0.05964869260787964 0.06657186150550842 -0.012467767111957073
v -0.05981509014964104 0.06640131026506424 -0.012846979312598705
v -0.06003623828291893 0.06617464125156403 -0.013163662515580654
v -0.060301054269075394 0.0659032091498375 -0.013401937671005726
v -0.06059625372290611 0.06560063362121582 -0.013549855910241604
v -0.06262289732694626 0.09619197994470596 -0.012045041657984257
v -0.06257326155900955 0.0961991399526596 -0.011599999852478504
v -0.06251202523708344 0.09529341757297516 -0.011599999852478504
v -0.06264723837375641 0.09618847072124481 -0.01211533136665821
v -0.06276930123567581 0.09617086499929428 -0.012467767111957073
v -0.06284783780574799 0.09615954011678696 -0.012594053521752357
v -0.06300513446331024 0.09613685309886932 -0.012846979312598705
v -0.06316185742616653 0.09611424803733826 -0.01300532091408968
v -0.06331857293844223 0.09609164297580719 -0.013163662515580654
v -0.06356891244649887 0.0960555374622345 -0.013322587125003338
v -0.06369390338659286 0.09603751450777054 -0.013401937671005726
v -0.06404273211956024 0.09598720818758011 -0.013525260612368584
v -0.06411229819059372 0.09597717225551605 -0.013549855910241604
v -0.06406692415475845 0.09530618041753769 -0.013549855910241604
v -0.06364421546459198 0.09530270844697952 -0.013401937671005726
v -0.06326501816511154 0.09529959410429001 -0.013163662515580654
v -0.06294834613800049 0.09529700130224228 -0.012846979312598705
v -0.06271007657051086 0.09529504179954529 -0.012467767111957073
v -0.06256216764450073 0.09529382735490799 -0.012045041657984257
v -0.050497885793447495 0.060948655009269714 -0.011599999852478504
v -0.050524305552244186 0.06090603396296501 -0.012045041657984257
v -0.05060223489999771 0.06078030914068222 -0.012467767111957073
v -0.05072776973247528 0.06057778745889664 -0.012846979312598705
v -0.05089461803436279 0.06030862033367157 -0.013163662515580654
v -0.051094405353069305 0.059986308217048645 -0.013401937671005726
v -0.05131712183356285 0.05962700769305229 -0.013549855910241604
v -0.06293825060129166 0.09825240075588226 -0.012117638252675533
v -0.0628708004951477 0.09826212376356125 -0.011599999852478504
v -0.06313600391149521 0.09822387993335724 -0.012600000016391277
v -0.06345058232545853 0.09817850589752197 -0.013014213182032108
v -0.06386055797338486 0.09811937808990479 -0.01333205122500658
v -0.06433797627687454 0.09805051982402802 -0.013531851582229137
v -0.06258811801671982 0.09438882768154144 -0.009100000374019146
v -0.06251202523708344 0.09529341757297516 -0.009100000374019146
v -0.06257326155900955 0.0961991399526596 -0.009100000374019146
v -0.06307440996170044 0.09136874228715897 -0.009200000204145908
v -0.06294221431016922 0.0921897441148758 -0.009100000374019146
v -0.0628708004951477 0.09826212376356125 -0.009100000374019146
v -0.06965611129999161 0.10327674448490143 -0.012117638252675533
v -0.0696658343076706 0.10334419459104538 -0.011599999852478504
v -0.06832291185855865 0.10338588804006577 -0.011599999852478504
v -0.06810367107391357 0.10334295779466629 -0.011599999852478504
v -0.0665954202413559 0.10294617712497711 -0.011599999852478504
v -0.06700437515974045 0.10312771052122116 -0.011599999852478504
v -0.06523837894201279 0.10218024998903275 -0.011599999852478504
v -0.06577634811401367 0.10258260369300842 -0.011599999852478504
v -0.0647004097700119 0.10177789628505707 -0.011599999852478504
v -0.06412021070718765 0.10109494626522064 -0.011599999852478504
v -0.06331340968608856 0.0997602790594101 -0.011599999852478504
v -0.06383051723241806 0.10075394809246063 -0.011599999852478504
v -0.06321027874946594 0.09956210851669312 -0.011599999852478504
v -0.06962759047746658 0.10307899117469788 -0.012600000016391277
v -0.06958221644163132 0.10276441276073456 -0.013014213182032108
v -0.06952308863401413 0.10235443711280823 -0.01333205122500658
v -0.06945423781871796 0.10187701880931854 -0.013531851582229137
v -0.06702487915754318 0.1030627191066742 -0.012117638252675533
v -0.06581079959869385 0.1025238037109375 -0.012117638252675533
v -0.06474708020687103 0.10172823816537857 -0.012117638252675533
v -0.06327386945486069 0.09953761100769043 -0.012117638252675533
v -0.0650605857372284 0.09992671757936478 -0.013531851582229137
v -0.06571556627750397 0.10069768875837326 -0.013531851582229137
v -0.06466031819581985 0.10019589960575104 -0.01333205122500658
v -0.06538523733615875 0.10104918479919434 -0.01333205122500658
v -0.06431660056114197 0.1004270538687706 -0.013014213182032108
v -0.06510157138109207 0.10135103017091751 -0.013014213182032108
v -0.06405285745859146 0.10060442239046097 -0.012600000016391277
v -0.06488391011953354 0.10158263891935349 -0.012600000016391277
v -0.06388706713914871 0.10071592032909393 -0.012117638252675533
v -0.06459358334541321 0.09902932494878769 -0.013531851582229137
v -0.06414345651865005 0.09920269250869751 -0.01333205122500658
v -0.06375692039728165 0.09935157001018524 -0.013014213182032108
v -0.0634603202342987 0.09946580231189728 -0.012600000016391277
v -0.06591179966926575 0.10235140472650528 -0.012600000016391277
v -0.06607246398925781 0.1020771712064743 -0.013014213182032108
v -0.06628185510635376 0.10171977430582047 -0.01333205122500658
v -0.06652568280696869 0.1013035774230957 -0.013531851582229137
v -0.06708498299121857 0.10287217050790787 -0.012600000016391277
v -0.06718059629201889 0.10256905853748322 -0.013014213182032108
v -0.06730520725250244 0.10217402875423431 -0.01333205122500658
v -0.06745031476020813 0.10171401500701904 -0.013531851582229137
v -0.06832843273878098 0.10331796854734421 -0.012117638252675533
v -0.06834463775157928 0.10311882197856903 -0.012600000016391277
v -0.06837040185928345 0.10280203074216843 -0.013014213182032108
v -0.06840398162603378 0.10238917917013168 -0.01333205122500658
v -0.06844308972358704 0.10190840810537338 -0.013531851582229137
v -0.06329482048749924 0.0997699499130249 -0.009100000374019146
v -0.0640946552157402 0.10111665725708008 -0.009100000374019146
v -0.06521578878164291 0.10221046209335327 -0.009100000374019146
v -0.06658181548118591 0.10297682136297226 -0.009100000374019146
v -0.06809964030981064 0.1033635213971138 -0.009100000374019146
v -0.0696658343076706 0.10334419459104538 -0.009100000374019146
v -0.07214023917913437 0.10298732668161392 -0.011599999852478504
v -0.07213050872087479 0.10291987657546997 -0.012117638252675533
v -0.07210198789834976 0.10272212326526642 -0.012600000016391277
v -0.0720566138625145 0.1024075374007225 -0.013014213182032108
v -0.07199748605489731 0.10199756920337677 -0.01333205122500658
v -0.07192863523960114 0.10152014344930649 -0.013531851582229137
v -0.07214023917913437 0.10298732668161392 -0.009100000374019146
v -0.07715485244989395 0.09620201587677002 -0.012117638252675533
v -0.0772223025560379 0.09619228541851044 -0.011599999852478504
v -0.07724162936210632 0.09775848686695099 -0.011599999852478504
v -0.07685492932796478 0.09927631169557571 -0.011599999852478504
v -0.0760885700583458 0.10064233839511871 -0.011599999852478504
v -0.0749947652220726 0.10176347196102142 -0.011599999852478504
v -0.07364806532859802 0.1025632992386818 -0.011599999852478504
v -0.0769570991396904 0.09623053669929504 -0.012600000016391277
v -0.07664252072572708 0.09627591073513031 -0.013014213182032108
v -0.07623254507780075 0.0963350385427475 -0.01333205122500658
v -0.07575512677431107 0.09640388935804367 -0.013531851582229137
v -0.0730639323592186 0.1012008786201477 -0.013531851582229137
v -0.07325401157140732 0.10164421796798706 -0.01333205122500658
v -0.07341723144054413 0.10202491283416748 -0.013014213182032108
v -0.07354247570037842 0.10231703519821167 -0.012600000016391277
v -0.07362120598554611 0.10250066965818405 -0.012117638252675533
v -0.07407791912555695 0.10059865564107895 -0.013531851582229137
v -0.07437626272439957 0.10097768902778625 -0.01333205122500658
v -0.07463245838880539 0.10130316764116287 -0.013014213182032108
v -0.07482904195785522 0.10155291855335236 -0.012600000016391277
v -0.0749526172876358 0.10170991718769073 -0.012117638252675533
v -0.07490149140357971 0.09975451231002808 -0.013531851582229137
v -0.07528776675462723 0.1000434085726738 -0.01333205122500658
v -0.07561946660280228 0.10029149800539017 -0.013014213182032108
v -0.07587399333715439 0.10048186033964157 -0.012600000016391277
v -0.07603399455547333 0.10060152411460876 -0.012117638252675533
v -0.07547851651906967 0.09872597455978394 -0.013531851582229137
v -0.07592640072107315 0.0989050567150116 -0.01333205122500658
v -0.07631101459264755 0.0990588366985321 -0.013014213182032108
v -0.0766061320900917 0.09917683899402618 -0.012600000016391277
v -0.07679165154695511 0.09925100952386856 -0.012117638252675533
v -0.07576967030763626 0.09758314490318298 -0.013531851582229137
v -0.0762486532330513 0.09764020144939423 -0.01333205122500658
v -0.07665995508432388 0.0976891964673996 -0.013014213182032108
v -0.07697556167840958 0.09772679209709167 -0.012600000016391277
v -0.07717395573854446 0.09775042533874512 -0.012117638252675533
v -0.07179860025644302 0.09011050313711166 -0.009200000204145908
v -0.07191190868616104 0.09089609980583191 -0.009100000374019146
v -0.0705101266503334 0.08117666095495224 -0.009200000204145908
v -0.06308693438768387 0.08224726468324661 -0.009200000204145908
v -0.06296870857477188 0.08142752945423126 -0.009090962819755077
v -0.06285853683948517 0.08066365122795105 -0.008771281689405441
v -0.07039190083742142 0.08035692572593689 -0.009090962819755077
v -0.06276392936706543 0.08000770211219788 -0.00826274137943983
v -0.0702817291021347 0.07959304749965668 -0.008771281689405441
v -0.0626913383603096 0.07950436323881149 -0.007600000128149986
v -0.07018712908029556 0.0789370909333229 -0.00826274137943983
v -0.06264570355415344 0.07918795943260193 -0.0068282210268080235
v -0.07011453062295914 0.07843375951051712 -0.007600000128149986
v -0.06263013929128647 0.07908003777265549 -0.006000000052154064
v -0.07006889581680298 0.07811735570430756 -0.0068282210268080235
v -0.070053331553936 0.07800943404436111 -0.006000000052154064
v -0.06263013929128647 0.07908003777265549 0.006000000052154064
v -0.070053331553936 0.07800943404436111 0.006000000052154064
v -0.06264570355415344 0.07918795943260193 0.0068282210268080235
v -0.0626913383603096 0.07950436323881149 0.007600000128149986
v -0.07006889581680298 0.07811735570430756 0.0068282210268080235
v -0.06276392936706543 0.08000770211219788 0.00826274137943983
v -0.07011453062295914 0.07843375951051712 0.007600000128149986
v -0.06285853683948517 0.08066365122795105 0.008771281689405441
v -0.07018712908029556 0.0789370909333229 0.00826274137943983
v -0.06296870857477188 0.08142752945423126 0.009090962819755077
v -0.0702817291021347 0.07959304749965668 0.008771281689405441
v -0.06308693438768387 0.08224726468324661 0.009200000204145908
v -0.07039190083742142 0.08035692572593689 0.009090962819755077
v -0.0705101266503334 0.08117666095495224 0.009200000204145908
v -0.049330759793519974 0.060004185885190964 -0.011599999852478504
v -0.048434652388095856 0.05879952758550644 -0.011599999852478504
v -0.04786567762494087 0.057410113513469696 -0.011599999852478504
v -0.04765946790575981 0.055922940373420715 -0.011599999852478504
v -0.047828927636146545 0.05443113297224045 -0.011599999852478504
v -0.048363447189331055 0.05302810296416283 -0.011599999852478504
v -0.04922955855727196 0.05180170387029648 -0.011599999852478504
v -0.050373028963804245 0.0508287288248539 -0.011599999852478504
v -0.050413962453603745 0.05089126154780388 -0.01211533136665821
v -0.050400491803884506 0.050870683044195175 -0.012045041657984257
v -0.05052495747804642 0.051060840487480164 -0.012594053521752357
v -0.05048150196671486 0.05099444463849068 -0.012467767111957073
v -0.05069871246814728 0.051326293498277664 -0.01300532091408968
v -0.05061199516057968 0.05119381099939346 -0.012846979312598705
v -0.05092395097017288 0.05167040228843689 -0.013322587125003338
v -0.050785429775714874 0.051458779722452164 -0.013163662515580654
v -0.051186129450798035 0.05207094922661781 -0.013525260612368584
v -0.05099311098456383 0.05177606642246246 -0.013401937671005726
v -0.05122462287545204 0.05212976038455963 -0.013549855910241604
v -0.0503774955868721 0.05285057798027992 -0.013549855910241604
v -0.049735844135284424 0.053759146481752396 -0.013549855910241604
v -0.04933984950184822 0.054798565804958344 -0.013549855910241604
v -0.049214307218790054 0.055903758853673935 -0.013549855910241604
v -0.04936707764863968 0.057005513459444046 -0.013549855910241604
v -0.049788594245910645 0.05803484842181206 -0.013549855910241604
v -0.05045246705412865 0.05892730876803398 -0.013549855910241604
v -0.05006542056798935 0.05256543681025505 -0.013401937671005726
v -0.049362748861312866 0.05356040596961975 -0.013401937671005726
v -0.04892909526824951 0.054698675870895386 -0.013401937671005726
v -0.048791613429784775 0.05590897426009178 -0.013401937671005726
v -0.0489589124917984 0.05711550638079643 -0.013401937671005726
v -0.049420516937971115 0.058242734521627426 -0.013401937671005726
v -0.05014752224087715 0.05922006443142891 -0.013401937671005726
v -0.049785468727350235 0.05230964347720146 -0.013163662515580654
v -0.04902805760502815 0.05338212475180626 -0.013163662515580654
v -0.048560623079538345 0.05460907146334648 -0.013163662515580654
v -0.04841243103146553 0.05591364949941635 -0.013163662515580654
v -0.048592761158943176 0.05721417814493179 -0.013163662515580654
v -0.04909032583236694 0.05842921882867813 -0.013163662515580654
v -0.049873966723680496 0.05948268622159958 -0.013163662515580654
v -0.04955168068408966 0.05209602788090706 -0.012846979312598705
v -0.04874855652451515 0.05323323979973793 -0.012846979312598705
v -0.048252906650304794 0.05453423783183098 -0.012846979312598705
v -0.04809577018022537 0.05591755732893944 -0.012846979312598705
v -0.048286985605955124 0.05729657784104347 -0.012846979312598705
v -0.04881458356976509 0.05858495086431503 -0.012846979312598705
v -0.049645520746707916 0.05970200523734093 -0.012846979312598705
v -0.04937577620148659 0.05193530395627022 -0.012467767111957073
v -0.04853825643658638 0.05312122032046318 -0.012467767111957073
v -0.048021379858255386 0.054477933794260025 -0.012467767111957073
v -0.047857511788606644 0.055920496582984924 -0.012467767111957073
v -0.04805691912770271 0.057358577847480774 -0.012467767111957073
v -0.04860711097717285 0.05870212987065315 -0.012467767111957073
v -0.049473635852336884 0.059867020696401596 -0.012467767111957073
v -0.04926657676696777 0.051835525780916214 -0.012045041657984257
v -0.04840770363807678 0.053051676601171494 -0.012045041657984257
v -0.04787765070796013 0.054442983120679855 -0.012045041657984257
v -0.04770960658788681 0.05592232197523117 -0.012045041657984257
v -0.04791409522294998 0.057397063821554184 -0.012045041657984257
v -0.04847831279039383 0.05877486988902092 -0.012045041657984257
v -0.04936693236231804 0.0599694587290287 -0.012045041657984257
v -0.05874001607298851 0.04535209387540817 -0.011599999852478504
v -0.05876747891306877 0.04539404809474945 -0.012045041657984257
v -0.05878094956278801 0.04541463032364845 -0.01211533136665821
v -0.058848489075899124 0.04551781341433525 -0.012467767111957073
v -0.05897898226976395 0.04571717604994774 -0.012846979312598705
v -0.05889194458723068 0.04558420553803444 -0.012594053521752357
v -0.05906569957733154 0.04584966227412224 -0.01300532091408968
v -0.05915242061018944 0.04598214477300644 -0.013163662515580654
v -0.05929093807935715 0.046193767338991165 -0.013322587125003338
v -0.05936009809374809 0.04629943147301674 -0.013401937671005726
v -0.0595531165599823 0.04659431427717209 -0.013525260612368584
v -0.05959160998463631 0.04665312543511391 -0.013549855910241604
v -0.050373028963804245 0.0508287288248539 -0.00559999980032444
v -0.04922955855727196 0.05180170387029648 -0.00559999980032444
v -0.048363447189331055 0.05302810296416283 -0.00559999980032444
v -0.047828927636146545 0.05443113297224045 -0.00559999980032444
v -0.04765946790575981 0.055922940373420715 -0.00559999980032444
v -0.04786567762494087 0.057410113513469696 -0.00559999980032444
v -0.048434652388095856 0.05879952758550644 -0.00559999980032444
v -0.049330759793519974 0.060004185885190964 -0.00559999980032444
v -0.050497885793447495 0.060948655009269714 -0.00559999980032444
v -0.05990447849035263 0.044759877026081085 -0.011599999852478504
v -0.06116951256990433 0.04443373158574104 -0.011599999852478504
v -0.06118018180131912 0.0445077046751976 -0.01211533136665821
v -0.06117667257785797 0.04448336362838745 -0.012045041657984257
v -0.06120911240577698 0.04470830410718918 -0.012594053521752357
v -0.06119778752326965 0.044629767537117004 -0.012467767111957073
v -0.06125440075993538 0.04502232000231743 -0.01300532091408968
v -0.06123179942369461 0.044865600764751434 -0.012846979312598705
v -0.06131311133503914 0.045429375022649765 -0.013322587125003338
v -0.061277005821466446 0.04517903923988342 -0.013163662515580654
v -0.061381444334983826 0.045903194695711136 -0.013525260612368584
v -0.061331138014793396 0.04555436968803406 -0.013401937671005726
v -0.06139148026704788 0.04597276449203491 -0.013549855910241604
v -0.06005876138806343 0.04516802728176117 -0.012846979312598705
v -0.0601707361638546 0.045464254915714264 -0.013163662515580654
v -0.060454290360212326 0.04621438682079315 -0.013549855910241604
v -0.06030482053756714 0.04581896960735321 -0.013401937671005726
v -0.059974510222673416 0.04494514316320419 -0.012467767111957073
v -0.05992220714688301 0.04480678215622902 -0.012045041657984257
v -0.0636439099907875 0.044076863676309586 -0.011599999852478504
v -0.06365364044904709 0.04414431378245354 -0.012117638252675533
v -0.06368216127157211 0.04434206709265709 -0.012600000016391277
v -0.06372752785682678 0.044656649231910706 -0.013014213182032108
v -0.06378665566444397 0.04506662115454674 -0.01333205122500658
v -0.06385551393032074 0.04554404318332672 -0.013531851582229137
v -0.06116951256990433 0.04443373158574104 -0.005499999970197678
v -0.05990447849035263 0.044759877026081085 -0.005499999970197678
v -0.05874001607298851 0.04535209387540817 -0.005499999970197678
v -0.05554180219769478 0.047445494681596756 -0.00559999980032444
v -0.05554180219769478 0.047445494681596756 -0.005499999970197678
v -0.058175671845674515 0.06570781022310257 -0.00559999980032444
v -0.05841293931007385 0.06585488468408585 -0.005630973260849714
v -0.058277782052755356 0.06577110290527344 -0.0055502899922430515
v -0.058175671845674515 0.06570781022310257 -0.005489334464073181
v -0.06137552857398987 0.07038101553916931 -0.0062500000931322575
v -0.061027642339468 0.06903164833784103 -0.0062500000931322575
v -0.060395944863557816 0.06778955459594727 -0.0062500000931322575
v -0.06020091101527214 0.06750830262899399 -0.0062500000931322575
v -0.059661976993083954 0.06686659157276154 -0.006169769447296858
v -0.05950288474559784 0.0667218565940857 -0.00611169682815671
v -0.05901361629366875 0.06627674400806427 -0.0059331003576517105
v -0.05169455334544182 0.057395175099372864 -0.00559999980032444
v -0.05216168984770775 0.057850927114486694 -0.00559999980032444
v -0.05118461325764656 0.05620579048991203 -0.00559999980032444
v -0.051176559180021286 0.05555320903658867 -0.00559999980032444
v -0.051361288875341415 0.05683404952287674 -0.00559999980032444
v -0.05515632778406143 0.05384691432118416 -0.00559999980032444
v -0.05562346801161766 0.05430266261100769 -0.00559999980032444
v -0.05336329713463783 0.05833137035369873 -0.00559999980032444
v -0.05566101893782616 0.05734623968601227 -0.00559999980032444
v -0.055205266922712326 0.0578133761882782 -0.00559999980032444
v -0.056141458451747894 0.056144632399082184 -0.00559999980032444
v -0.05598033592104912 0.05677706375718117 -0.00559999980032444
v -0.05613340809941292 0.05549205094575882 -0.00559999980032444
v -0.055956728756427765 0.05486379191279411 -0.00559999980032444
v -0.05267388001084328 0.05355120077729225 -0.00559999980032444
v -0.05165700241923332 0.054351601749658585 -0.00559999980032444
v -0.05133768543601036 0.054920777678489685 -0.00559999980032444
v -0.05273086950182915 0.058170247822999954 -0.00559999980032444
v -0.0540158785879612 0.058323320001363754 -0.00559999980032444
v -0.0546441413462162 0.0581466406583786 -0.00559999980032444
v -0.05458715185523033 0.0535275936126709 -0.00559999980032444
v -0.05211275443434715 0.053884461522102356 -0.00559999980032444
v -0.053954724222421646 0.05336647108197212 -0.00559999980032444
v -0.05330214276909828 0.0533745214343071 -0.00559999980032444
v -0.0636439099907875 0.044076863676309586 -0.005499999970197678
v -0.06521010398864746 0.044057540595531464 -0.011599999852478504
v -0.06672793626785278 0.044444236904382706 -0.011599999852478504
v -0.06809396296739578 0.04521059989929199 -0.011599999852478504
v -0.0692150890827179 0.046304404735565186 -0.011599999852478504
v -0.07001492381095886 0.04765110835433006 -0.011599999852478504
v -0.07043895125389099 0.049158934503793716 -0.011599999852478504
v -0.07037150114774704 0.049168661236763 -0.012117638252675533
v -0.07017374783754349 0.049197182059288025 -0.012600000016391277
v -0.06985916197299957 0.04924255236983299 -0.013014213182032108
v -0.06944919377565384 0.04930168017745018 -0.01333205122500658
v -0.06897176802158356 0.04937053844332695 -0.013531851582229137
v -0.06865250319242477 0.04823523387312889 -0.013531851582229137
v -0.06909583508968353 0.04804515838623047 -0.01333205122500658
v -0.06947653740644455 0.04788193851709366 -0.013014213182032108
v -0.06976865231990814 0.04775669425725937 -0.012600000016391277
v -0.06995228677988052 0.047677960246801376 -0.012117638252675533
v -0.06805028021335602 0.04722124710679054 -0.013531851582229137
v -0.06842930614948273 0.04692290723323822 -0.01333205122500658
v -0.06875479221343994 0.046666715294122696 -0.013014213182032108
v -0.06900454312562943 0.04647013172507286 -0.012600000016391277
v -0.0691615417599678 0.046346552670001984 -0.012117638252675533
v -0.06720613688230515 0.046397678554058075 -0.013531851582229137
v -0.06749503314495087 0.04601140320301056 -0.01333205122500658
v -0.06774311512708664 0.04567969962954521 -0.013014213182032108
v -0.06793347746133804 0.0454251728951931 -0.012600000016391277
v -0.06805314868688583 0.04526517167687416 -0.012117638252675533
v -0.066177599132061 0.045820653438568115 -0.013531851582229137
v -0.06635668128728867 0.04537276551127434 -0.01333205122500658
v -0.06651046127080917 0.044988155364990234 -0.013014213182032108
v -0.06662845611572266 0.04469303414225578 -0.012600000016391277
v -0.06670263409614563 0.04450751468539238 -0.012117638252675533
v -0.06503476202487946 0.04552949592471123 -0.013531851582229137
v -0.0650918185710907 0.045050520449876785 -0.01333205122500658
v -0.06514081358909607 0.044639214873313904 -0.013014213182032108
v -0.06517840921878815 0.04432360827922821 -0.012600000016391277
v -0.06520204246044159 0.044125210493803024 -0.012117638252675533
v -0.0772223025560379 0.09619228541851044 0.011599999852478504
v -0.07043895125389099 0.049158934503793716 0.011599999852478504
v -0.062454238533973694 0.053341563791036606 -0.01140000019222498
v -0.06320815533399582 0.05312955006957054 -0.01140000019222498
v -0.06388150155544281 0.052729636430740356 -0.01140000019222498
v -0.0644284039735794 0.052169069647789 -0.01140000019222498
v -0.0648115873336792 0.0514860562980175 -0.01140000019222498
v -0.06500493735074997 0.05072714388370514 -0.01140000019222498
v -0.06499527394771576 0.04994404315948486 -0.01140000019222498
v -0.0647832602262497 0.049190130084753036 -0.01140000019222498
v -0.06438334286212921 0.04851678013801575 -0.01140000019222498
v -0.06382278352975845 0.04796987771987915 -0.01140000019222498
v -0.06313976645469666 0.04758669435977936 -0.01140000019222498
v -0.062025997787714005 0.04737228527665138 -0.01140000019222498
v -0.06238085404038429 0.047393348067998886 -0.01140000019222498
v -0.061597757041454315 0.0474030077457428 -0.01140000019222498
v -0.06084384024143219 0.04761502146720886 -0.01140000019222498
v -0.0601704902946949 0.048014938831329346 -0.01140000019222498
v -0.059623587876558304 0.0485755018889904 -0.01140000019222498
v -0.05924040824174881 0.0492585152387619 -0.01140000019222498
v -0.05904705822467804 0.05001743137836456 -0.01140000019222498
v -0.05905672162771225 0.05080052837729454 -0.01140000019222498
v -0.059268731623888016 0.05155444145202637 -0.01140000019222498
v -0.0596686489880085 0.052227795124053955 -0.01140000019222498
v -0.060229215770959854 0.05277469754219055 -0.01140000019222498
v -0.060912229120731354 0.053157877177000046 -0.01140000019222498
v -0.061671141535043716 0.053351227194070816 -0.01140000019222498
v -0.05330214276909828 0.0533745214343071 -0.01140000019222498
v -0.053954724222421646 0.05336647108197212 -0.01140000019222498
v -0.05458715185523033 0.0535275936126709 -0.01140000019222498
v -0.05515632778406143 0.05384691432118416 -0.01140000019222498
v -0.05562346801161766 0.05430266261100769 -0.01140000019222498
v -0.055956728756427765 0.05486379191279411 -0.01140000019222498
v -0.05613340809941292 0.05549205094575882 -0.01140000019222498
v -0.056141458451747894 0.056144632399082184 -0.01140000019222498
v -0.05598033592104912 0.05677706375718117 -0.01140000019222498
v -0.05566101893782616 0.05734623968601227 -0.01140000019222498
v -0.055205266922712326 0.0578133761882782 -0.01140000019222498
v -0.0546441413462162 0.0581466406583786 -0.01140000019222498
v -0.0540158785879612 0.058323320001363754 -0.01140000019222498
v -0.05336329713463783 0.05833137035369873 -0.01140000019222498
v -0.05273086950182915 0.058170247822999954 -0.01140000019222498
v -0.05216168984770775 0.057850927114486694 -0.01140000019222498
v -0.05169455334544182 0.057395175099372864 -0.01140000019222498
v -0.051361288875341415 0.05683404952287674 -0.01140000019222498
v -0.05118461325764656 0.05620579048991203 -0.01140000019222498
v -0.051176559180021286 0.05555320903658867 -0.01140000019222498
v -0.05133768543601036 0.054920777678489685 -0.01140000019222498
v -0.05165700241923332 0.054351601749658585 -0.01140000019222498
v -0.05211275443434715 0.053884461522102356 -0.01140000019222498
v -0.05267388001084328 0.05355120077729225 -0.01140000019222498
v -0.05365901067852974 0.05284892022609711 -0.01140000019222498
v -0.05401386693120003 0.05286998301744461 -0.01140000019222498
v -0.05477277934551239 0.05306332930922508 -0.01140000019222498
v -0.05545579269528389 0.053446512669324875 -0.01140000019222498
v -0.056016359478235245 0.05399341136217117 -0.01140000019222498
v -0.05641627311706543 0.05466676503419876 -0.01140000019222498
v -0.056628286838531494 0.05542067810893059 -0.01140000019222498
v -0.056637950241565704 0.056203775107860565 -0.01140000019222498
v -0.056444600224494934 0.056962691247463226 -0.01140000019222498
v -0.05606142058968544 0.057645704597234726 -0.01140000019222498
v -0.05551451817154884 0.05820626765489578 -0.01140000019222498
v -0.054841164499521255 0.058606185019016266 -0.01140000019222498
v -0.05408725142478943 0.05881819874048233 -0.01140000019222498
v -0.05330415442585945 0.05882785841822624 -0.01140000019222498
v -0.05254523828625679 0.05863451212644577 -0.01140000019222498
v -0.05186222493648529 0.05825132876634598 -0.01140000019222498
v -0.051301661878824234 0.05770442634820938 -0.01140000019222498
v -0.05090174451470375 0.05703107640147209 -0.01140000019222498
v -0.050689730793237686 0.056277163326740265 -0.01140000019222498
v -0.050680071115493774 0.05549406632781029 -0.01140000019222498
v -0.050873417407274246 0.054735150188207626 -0.01140000019222498
v -0.05125660076737404 0.05405213683843613 -0.01140000019222498
v -0.051803503185510635 0.05349157005548477 -0.01140000019222498
v -0.052476853132247925 0.05309165641665459 -0.01140000019222498
v -0.05323076620697975 0.05287964269518852 -0.01140000019222498
v -0.06264716386795044 0.04805406555533409 -0.01140000019222498
v -0.062025997787714005 0.047972287982702255 -0.01140000019222498
v -0.05994753539562225 0.051572285592556 -0.01140000019222498
v -0.059707775712013245 0.050993453711271286 -0.01140000019222498
v -0.06082599610090256 0.0482938252389431 -0.01140000019222498
v -0.06140483170747757 0.04805406555533409 -0.01140000019222498
v -0.06372305750846863 0.048675231635570526 -0.01140000019222498
v -0.06410446017980576 0.049172285944223404 -0.01140000019222498
v -0.06372305750846863 0.052069343626499176 -0.01140000019222498
v -0.06322599947452545 0.052450746297836304 -0.01140000019222498
v -0.06032894179224968 0.052069343626499176 -0.01140000019222498
v -0.05962599813938141 0.05037228763103485 -0.01140000019222498
v -0.059707775712013245 0.049751121550798416 -0.01140000019222498
v -0.06322599947452545 0.0482938252389431 -0.01140000019222498
v -0.0644259974360466 0.05037228763103485 -0.01140000019222498
v -0.06434421986341476 0.050993453711271286 -0.01140000019222498
v -0.06264716386795044 0.05269050970673561 -0.01140000019222498
v -0.06140483170747757 0.05269050970673561 -0.01140000019222498
v -0.06082599610090256 0.052450746297836304 -0.01140000019222498
v -0.05994753539562225 0.049172285944223404 -0.01140000019222498
v -0.06032894179224968 0.048675231635570526 -0.01140000019222498
v -0.06434421986341476 0.049751121550798416 -0.01140000019222498
v -0.06410446017980576 0.051572285592556 -0.01140000019222498
v -0.062025997787714005 0.05277228727936745 -0.01140000019222498
v -0.05972599610686302 0.05037228763103485 -0.011500000022351742
v -0.059804368764162064 0.05096757039427757 -0.011500000022351742
v -0.060034140944480896 0.05152228847146034 -0.011500000022351742
v -0.060399651527404785 0.05199863389134407 -0.011500000022351742
v -0.06087599694728851 0.05236414447426796 -0.011500000022351742
v -0.06143071502447128 0.05259391665458679 -0.011500000022351742
v -0.062025997787714005 0.052672285586595535 -0.011500000022351742
v -0.06262128055095673 0.05259391665458679 -0.011500000022351742
v -0.0631759986281395 0.05236414447426796 -0.011500000022351742
v -0.06365234404802322 0.05199863389134407 -0.011500000022351742
v -0.06401785463094711 0.05152228847146034 -0.011500000022351742
v -0.06424763053655624 0.05096757039427757 -0.011500000022351742
v -0.06432599574327469 0.05037228763103485 -0.011500000022351742
v -0.06424763053655624 0.04977700486779213 -0.011500000022351742
v -0.06401785463094711 0.04922228679060936 -0.011500000022351742
v -0.06365234404802322 0.04874594137072563 -0.011500000022351742
v -0.0631759986281395 0.048380427062511444 -0.011500000022351742
v -0.06262128055095673 0.04815065860748291 -0.011500000022351742
v -0.062025997787714005 0.04807228595018387 -0.011500000022351742
v -0.06143071502447128 0.04815065860748291 -0.011500000022351742
v -0.06087599694728851 0.048380427062511444 -0.011500000022351742
v -0.060399651527404785 0.04874594137072563 -0.011500000022351742
v -0.060034140944480896 0.04922228679060936 -0.011500000022351742
v -0.059804368764162064 0.04977700486779213 -0.011500000022351742
v -0.06230071559548378 0.05310853198170662 -0.011500000022351742
v -0.06299954652786255 0.05294419452548027 -0.011500000022351742
v -0.06089578941464424 0.05287930369377136 -0.011500000022351742
v -0.06158316135406494 0.05308639630675316 -0.011500000022351742
v -0.06363203376531601 0.05260458588600159 -0.011500000022351742
v -0.06415507197380066 0.052112847566604614 -0.011500000022351742
v -0.06453301012516022 0.051502496004104614 -0.011500000022351742
v -0.06425829231739044 0.048766251653432846 -0.011500000022351742
v -0.06376656144857407 0.048243217170238495 -0.011500000022351742
v -0.06315620988607407 0.04786527156829834 -0.011500000022351742
v -0.06246883422136307 0.047658175230026245 -0.011500000022351742
v -0.06028543412685394 0.05250135809183121 -0.011500000022351742
v -0.06474010646343231 0.050815124064683914 -0.011500000022351742
v -0.06175127997994423 0.04763604328036308 -0.011500000022351742
v -0.06105244904756546 0.04780038073658943 -0.011500000022351742
v -0.0604199655354023 0.048139989376068115 -0.011500000022351742
v -0.06476224213838577 0.050097569823265076 -0.011500000022351742
v -0.06459790468215942 0.04939873889088631 -0.011500000022351742
v -0.05989692732691765 0.04863172397017479 -0.011500000022351742
v -0.05951898172497749 0.04924207553267479 -0.011500000022351742
v -0.0593118853867054 0.04992945119738579 -0.011500000022351742
v -0.059289753437042236 0.050647005438804626 -0.011500000022351742
v -0.059454090893268585 0.051345836371183395 -0.011500000022351742
v -0.05979369953274727 0.05197831988334656 -0.011500000022351742
v -0.059275995939970016 0.05037228763103485 -0.011500000022351742
v -0.05936970189213753 0.04966053366661072 -0.013199999928474426
v -0.05953951179981232 0.04925058037042618 -0.013199999928474426
v -0.059275995939970016 0.05037228763103485 -0.013199999928474426
v -0.0593339167535305 0.04993234947323799 -0.013199999928474426
v -0.05936970189213753 0.051084037870168686 -0.013199999928474426
v -0.05931178480386734 0.050644103437662125 -0.013199999928474426
v -0.0596444271504879 0.051747288554906845 -0.013199999928474426
v -0.05947461724281311 0.05133733153343201 -0.013199999928474426
v -0.06008145213127136 0.052316829562187195 -0.013199999928474426
v -0.05981132760643959 0.05196479335427284 -0.013199999928474426
v -0.06065099686384201 0.052753858268260956 -0.013199999928474426
v -0.06029896065592766 0.052483730018138885 -0.013199999928474426
v -0.06131424382328987 0.05302858352661133 -0.013199999928474426
v -0.06090429052710533 0.05285877361893654 -0.013199999928474426
v -0.062025997787714005 0.05312228575348854 -0.013199999928474426
v -0.06158606335520744 0.05306436866521835 -0.013199999928474426
v -0.06273774802684784 0.05302858352661133 -0.013199999928474426
v -0.06229781359434128 0.053086500614881516 -0.013199999928474426
v -0.063400998711586 0.052753858268260956 -0.013199999928474426
v -0.06299104541540146 0.05292366445064545 -0.013199999928474426
v -0.06397054344415665 0.052316829562187195 -0.013199999928474426
v -0.063618503510952 0.052586957812309265 -0.013199999928474426
v -0.06440756469964981 0.051747288554906845 -0.013199999928474426
v -0.06413744390010834 0.0520993210375309 -0.013199999928474426
v -0.06468228995800018 0.051084037870168686 -0.013199999928474426
v -0.06451248377561569 0.051493994891643524 -0.013199999928474426
v -0.0647759959101677 0.05037228763103485 -0.013199999928474426
v -0.0647180825471878 0.05081222206354141 -0.013199999928474426
v -0.06468228995800018 0.04966053366661072 -0.013199999928474426
v -0.06474021077156067 0.05010046809911728 -0.013199999928474426
v -0.06440756469964981 0.04899728670716286 -0.013199999928474426
v -0.0645773783326149 0.0494072400033474 -0.013199999928474426
v -0.06397054344415665 0.04842774197459221 -0.013199999928474426
v -0.06424066424369812 0.04877977818250656 -0.013199999928474426
v -0.063400998711586 0.047990716993808746 -0.013199999928474426
v -0.06375303119421005 0.04826084524393082 -0.013199999928474426
v -0.06273774802684784 0.047715991735458374 -0.013199999928474426
v -0.06314770132303238 0.047885797917842865 -0.013199999928474426
v -0.062025997787714005 0.04762228578329086 -0.013199999928474426
v -0.062465932220220566 0.04768020659685135 -0.013199999928474426
v -0.06131424382328987 0.047715991735458374 -0.013199999928474426
v -0.06175418198108673 0.04765807092189789 -0.013199999928474426
v -0.06065099686384201 0.047990716993808746 -0.013199999928474426
v -0.06106095388531685 0.04782090708613396 -0.013199999928474426
v -0.06008145213127136 0.04842774197459221 -0.013199999928474426
v -0.060433488339185715 0.04815761744976044 -0.013199999928474426
v -0.0596444271504879 0.04899728670716286 -0.013199999928474426
v -0.05991455540060997 0.048645250499248505 -0.013199999928474426
v -0.06447599828243256 0.05037228763103485 -0.013500000350177288
v -0.06439251452684402 0.051006391644477844 -0.013500000350177288
v -0.06414776295423508 0.05159728601574898 -0.013500000350177288
v -0.06375841051340103 0.05210469663143158 -0.013500000350177288
v -0.06325099617242813 0.052494049072265625 -0.013500000350177288
v -0.0626601055264473 0.05273880437016487 -0.013500000350177288
v -0.062025997787714005 0.0528222881257534 -0.013500000350177288
v -0.06139189004898071 0.05273880437016487 -0.013500000350177288
v -0.06080099940299988 0.052494049072265625 -0.013500000350177288
v -0.06029358506202698 0.05210469663143158 -0.013500000350177288
v -0.05990423634648323 0.05159728601574898 -0.013500000350177288
v -0.059659481048583984 0.051006391644477844 -0.013500000350177288
v -0.05957599729299545 0.05037228763103485 -0.013500000350177288
v -0.059659481048583984 0.04973817989230156 -0.013500000350177288
v -0.05990423634648323 0.049147285521030426 -0.013500000350177288
v -0.06029358506202698 0.048639874905347824 -0.013500000350177288
v -0.06080099940299988 0.04825052618980408 -0.013500000350177288
v -0.06139189004898071 0.04800576716661453 -0.013500000350177288
v -0.062025997787714005 0.0479222871363163 -0.013500000350177288
v -0.0626601055264473 0.04800576716661453 -0.013500000350177288
v -0.06325099617242813 0.04825052618980408 -0.013500000350177288
v -0.06375841051340103 0.048639874905347824 -0.013500000350177288
v -0.06414776295423508 0.049147285521030426 -0.013500000350177288
v -0.06439251452684402 0.04973817989230156 -0.013500000350177288
v -0.06467241793870926 0.05108139291405678 -0.013277646154165268
v -0.06439871340990067 0.051742177456617355 -0.013277646154165268
v -0.06396331638097763 0.05230960249900818 -0.013277646154165268
v -0.06339588761329651 0.05274500325322151 -0.013277646154165268
v -0.06273510307073593 0.053018707782030106 -0.013277646154165268
v -0.062025997787714005 0.05311206355690956 -0.013277646154165268
v -0.06131689250469208 0.053018707782030106 -0.013277646154165268
v -0.0606561079621315 0.05274500325322151 -0.013277646154165268
v -0.06008868291974068 0.05230960249900818 -0.013277646154165268
v -0.059653282165527344 0.051742177456617355 -0.013277646154165268
v -0.05937957391142845 0.05108139291405678 -0.013277646154165268
v -0.059286218136548996 0.05037228763103485 -0.013277646154165268
v -0.05937957391142845 0.049663178622722626 -0.013277646154165268
v -0.059653282165527344 0.04900239780545235 -0.013277646154165268
v -0.06008868291974068 0.04843497276306152 -0.013277646154165268
v -0.0606561079621315 0.04799956828355789 -0.013277646154165268
v -0.06131689250469208 0.0477258637547493 -0.013277646154165268
v -0.062025997787714005 0.04763250797986984 -0.013277646154165268
v -0.06273510307073593 0.0477258637547493 -0.013277646154165268
v -0.06339588761329651 0.04799956828355789 -0.013277646154165268
v -0.06396331638097763 0.04843497276306152 -0.013277646154165268
v -0.06439871340990067 0.04900239780545235 -0.013277646154165268
v -0.06467241793870926 0.049663178622722626 -0.013277646154165268
v -0.06476577371358871 0.05037228763103485 -0.013277646154165268
v -0.0645536407828331 0.05037228763103485 -0.013489778153598309
v -0.06446751952171326 0.049718085676431656 -0.013489778153598309
v -0.06462600082159042 0.05037228763103485 -0.013459807261824608
v -0.0645374059677124 0.04969935864210129 -0.013459807261824608
v -0.06468813121318817 0.05037228763103485 -0.013412131927907467
v -0.06459742039442062 0.04968327656388283 -0.013412131927907467
v -0.06473580747842789 0.05037228763103485 -0.01334999967366457
v -0.06464347243309021 0.04967093840241432 -0.01334999967366457
v -0.06421500444412231 0.049108464270830154 -0.013489778153598309
v -0.06427766382694244 0.04907228797674179 -0.013459807261824608
v -0.06433147192001343 0.04904121905565262 -0.013412131927907467
v -0.06437276303768158 0.04901738464832306 -0.01334999967366457
v -0.06381331384181976 0.04858497157692909 -0.013489778153598309
v -0.06386447697877884 0.048533808439970016 -0.013459807261824608
v -0.0639084056019783 0.048489876091480255 -0.013412131927907467
v -0.06394211947917938 0.048456162214279175 -0.01334999967366457
v -0.0632898211479187 0.04818328097462654 -0.013489778153598309
v -0.06332600116729736 0.04812062159180641 -0.013459807261824608
v -0.06335706263780594 0.04806681349873543 -0.013412131927907467
v -0.0633809044957161 0.048025526106357574 -0.01334999967366457
v -0.0626801997423172 0.0479307696223259 -0.013489778153598309
v -0.06269893050193787 0.04786087945103645 -0.013459807261824608
v -0.06271500885486603 0.04780086502432823 -0.013412131927907467
v -0.06272734701633453 0.047754812985658646 -0.01334999967366457
v -0.062025997787714005 0.04784464091062546 -0.013489778153598309
v -0.062025997787714005 0.04777228832244873 -0.013459807261824608
v -0.062025997787714005 0.047710154205560684 -0.013412131927907467
v -0.062025997787714005 0.04766247794032097 -0.01334999967366457
v -0.06137179583311081 0.0479307696223259 -0.013489778153598309
v -0.06135306879878044 0.04786087945103645 -0.013459807261824608
v -0.06133698672056198 0.04780086502432823 -0.013412131927907467
v -0.061324648559093475 0.047754812985658646 -0.01334999967366457
v -0.06076217442750931 0.04818328097462654 -0.013489778153598309
v -0.060725998133420944 0.04812062159180641 -0.013459807261824608
v -0.06069493293762207 0.04806681349873543 -0.013412131927907467
v -0.06067109480500221 0.048025526106357574 -0.01334999967366457
v -0.060238681733608246 0.04858497157692909 -0.013489778153598309
v -0.06018751859664917 0.048533808439970016 -0.013459807261824608
v -0.06014358624815941 0.048489876091480255 -0.013412131927907467
v -0.06010987609624863 0.048456162214279175 -0.01334999967366457
v -0.059836991131305695 0.049108464270830154 -0.013489778153598309
v -0.059774331748485565 0.04907228797674179 -0.013459807261824608
v -0.05972052365541458 0.04904121905565262 -0.013412131927907467
v -0.05967923626303673 0.04901738464832306 -0.01334999967366457
v -0.05958447977900505 0.049718085676431656 -0.013489778153598309
v -0.05951458960771561 0.04969935864210129 -0.013459807261824608
v -0.059454575181007385 0.04968327656388283 -0.013412131927907467
v -0.0594085231423378 0.04967093840241432 -0.01334999967366457
v -0.05949835106730461 0.05037228763103485 -0.013489778153598309
v -0.059425998479127884 0.05037228763103485 -0.013459807261824608
v -0.05936386436223984 0.05037228763103485 -0.013412131927907467
v -0.05931619182229042 0.05037228763103485 -0.01334999967366457
v -0.05958447977900505 0.051026489585638046 -0.013489778153598309
v -0.05951458960771561 0.051045216619968414 -0.013459807261824608
v -0.059454575181007385 0.051061298698186874 -0.013412131927907467
v -0.0594085231423378 0.05107363685965538 -0.01334999967366457
v -0.059836991131305695 0.05163611099123955 -0.013489778153598309
v -0.059774331748485565 0.05167228728532791 -0.013459807261824608
v -0.05972052365541458 0.051703352481126785 -0.013412131927907467
v -0.05967923626303673 0.05172719061374664 -0.01334999967366457
v -0.060238681733608246 0.05215960368514061 -0.013489778153598309
v -0.06018751859664917 0.05221076309680939 -0.013459807261824608
v -0.06014358624815941 0.05225469917058945 -0.013412131927907467
v -0.06010987609624863 0.05228840932250023 -0.01334999967366457
v -0.06076217442750931 0.05256129056215286 -0.013489778153598309
v -0.060725998133420944 0.05262395367026329 -0.013459807261824608
v -0.06069493293762207 0.052677761763334274 -0.013412131927907467
v -0.06067109480500221 0.05271904915571213 -0.01334999967366457
v -0.06137179583311081 0.052813805639743805 -0.013489778153598309
v -0.06135306879878044 0.05288369581103325 -0.013459807261824608
v -0.06133698672056198 0.05294371023774147 -0.013412131927907467
v -0.061324648559093475 0.05298975855112076 -0.01334999967366457
v -0.062025997787714005 0.052899934351444244 -0.013489778153598309
v -0.062025997787714005 0.05297228693962097 -0.013459807261824608
v -0.062025997787714005 0.05303441733121872 -0.013412131927907467
v -0.062025997787714005 0.053082093596458435 -0.01334999967366457
v -0.0626801997423172 0.052813805639743805 -0.013489778153598309
v -0.06269893050193787 0.05288369581103325 -0.013459807261824608
v -0.06271500885486603 0.05294371023774147 -0.013412131927907467
v -0.06272734701633453 0.05298975855112076 -0.01334999967366457
v -0.0632898211479187 0.05256129056215286 -0.013489778153598309
v -0.06332600116729736 0.05262395367026329 -0.013459807261824608
v -0.06335706263780594 0.052677761763334274 -0.013412131927907467
v -0.0633809044957161 0.05271904915571213 -0.01334999967366457
v -0.06381331384181976 0.05215960368514061 -0.013489778153598309
v -0.06386447697877884 0.05221076309680939 -0.013459807261824608
v -0.0639084056019783 0.05225469917058945 -0.013412131927907467
v -0.06394211947917938 0.05228840932250023 -0.01334999967366457
v -0.06421500444412231 0.05163611099123955 -0.013489778153598309
v -0.06427766382694244 0.05167228728532791 -0.013459807261824608
v -0.06433147192001343 0.051703352481126785 -0.013412131927907467
v -0.06437276303768158 0.05172719061374664 -0.01334999967366457
v -0.06446751952171326 0.051026489585638046 -0.013489778153598309
v -0.0645374059677124 0.051045216619968414 -0.013459807261824608
v -0.06459742039442062 0.051061298698186874 -0.013412131927907467
v -0.06464347243309021 0.05107363685965538 -0.01334999967366457
v -0.05805977061390877 0.06490417569875717 -0.004438427742570639
v -0.0581141896545887 0.06528151035308838 -0.0050451671704649925
v -0.07098105549812317 0.06342579424381256 -0.0050451671704649925
v -0.05802598595619202 0.06466992944478989 -0.003762067062780261
v -0.07092663645744324 0.06304845958948135 -0.004438427742570639
v -0.058014530688524246 0.06459052115678787 -0.0030499999411404133
v -0.07089285552501678 0.06281421333551407 -0.003762067062780261
v -0.0710533857345581 0.0639273002743721 -0.0055518606677651405
v -0.07113999873399734 0.06452782452106476 -0.0059331003576517105
v -0.07123655080795288 0.06519725918769836 -0.006169769447296858
v -0.07133819162845612 0.06590203195810318 -0.0062500000931322575
v -0.07088140398263931 0.06273480504751205 -0.0030499999411404133
v -0.0719948336482048 0.0704549252986908 -0.0062500000931322575
v -0.061602361500263214 0.07195377349853516 -0.0062500000931322575
v -0.058014530688524246 0.06459052115678787 0.0030499999411404133
v -0.07088140398263931 0.06273480504751205 0.0030499999411404133
v -0.06204358488321304 0.07501307874917984 -0.0038782209157943726
v -0.062059152871370316 0.07512100040912628 -0.0030499999411404133
v -0.0724516212940216 0.07362215220928192 -0.0030499999411404133
v -0.06199795380234718 0.07469667494297028 -0.004650000017136335
v -0.07243605703115463 0.07351423054933548 -0.0038782209157943726
v -0.061925359070301056 0.07419334352016449 -0.005312741734087467
v -0.07239042222499847 0.07319782674312592 -0.004650000017136335
v -0.061830755323171616 0.07353738695383072 -0.005821281112730503
v -0.07231783121824265 0.07269449532032013 -0.005312741734087467
v -0.0617205873131752 0.0727735087275505 -0.0061409627087414265
v -0.0722232237458229 0.07203853875398636 -0.005821281112730503
v -0.07211305946111679 0.07127466797828674 -0.0061409627087414265
v -0.062059152871370316 0.07512100040912628 0.0030499999411404133
v -0.0724516212940216 0.07362215220928192 0.0030499999411404133
v -0.07211305946111679 0.07127466797828674 0.0061409627087414265
v -0.07239042222499847 0.07319782674312592 0.004650000017136335
v -0.07231783121824265 0.07269449532032013 0.005312741734087467
v -0.07098105549812317 0.06342579424381256 0.0050451671704649925
v -0.07092663645744324 0.06304845958948135 0.004438427742570639
v -0.07113999873399734 0.06452782452106476 0.0059331003576517105
v -0.0710533857345581 0.0639273002743721 0.0055518606677651405
v -0.0722232237458229 0.07203853875398636 0.005821281112730503
v -0.0719948336482048 0.0704549252986908 0.0062500000931322575
v -0.07243605703115463 0.07351423054933548 0.0038782209157943726
v -0.07123655080795288 0.06519725918769836 0.006169769447296858
v -0.07133819162845612 0.06590203195810318 0.0062500000931322575
v -0.07089285552501678 0.06281421333551407 0.003762067062780261
v -0.0617205873131752 0.0727735087275505 0.0061409627087414265
v -0.061602361500263214 0.07195377349853516 0.0062500000931322575
v -0.061830755323171616 0.07353738695383072 0.005821281112730503
v -0.061925359070301056 0.07419334352016449 0.005312741734087467
v -0.06199795380234718 0.07469667494297028 0.004650000017136335
v -0.06204358488321304 0.07501307874917984 0.0038782209157943726
v -0.06137552857398987 0.07038101553916931 0.0062500000931322575
v -0.061027642339468 0.06903164833784103 0.0062500000931322575
v -0.060395944863557816 0.06778955459594727 0.0062500000931322575
v -0.06020091101527214 0.06750830262899399 0.0062500000931322575
v -0.05802598595619202 0.06466992944478989 0.003762067062780261
v -0.05805977061390877 0.06490417569875717 0.004438427742570639
v -0.0581141896545887 0.06528151035308838 0.0050451671704649925
v -0.059661976993083954 0.06686659157276154 0.006169769447296858
v -0.05950288474559784 0.0667218565940857 0.00611169682815671
v -0.05901361629366875 0.06627674400806427 0.0059331003576517105
v -0.05841293931007385 0.06585488468408585 0.005630973260849714
v -0.058277782052755356 0.06577110290527344 0.0055502899922430515
v -0.058175671845674515 0.06570781022310257 0.005489334464073181
v -0.059510380029678345 0.06671363115310669 0.011599999852478504
v -0.05841293931007385 0.06585488468408585 0.011599999852478504
v -0.060395944863557816 0.06778955459594727 0.011599999852478504
v -0.061027642339468 0.06903164833784103 0.011599999852478504
v -0.06137552857398987 0.07038101553916931 0.011599999852478504
v -0.06363555043935776 0.08605119585990906 0.011599999852478504
v -0.06363555043935776 0.08605119585990906 0.009200000204145908
v -0.06370087713003159 0.08701729774475098 0.009200000204145908
v -0.07179860025644302 0.09011050313711166 0.009200000204145908
v -0.06307440996170044 0.09136874228715897 0.009200000204145908
v -0.0636197030544281 0.0879821926355362 0.009200000204145908
v -0.06370087713003159 0.08701729774475098 0.011599999852478504
v -0.0636197030544281 0.0879821926355362 0.011599999852478504
v -0.07191190868616104 0.09089609980583191 0.009100000374019146
v -0.06294221431016922 0.0921897441148758 0.009100000374019146
v -0.06368518620729446 0.08604404330253601 0.012045041657984257
v -0.06144298240542412 0.07037129253149033 0.012117638252675533
v -0.06383158266544342 0.08602292835712433 0.012467767111957073
v -0.06158433482050896 0.07035090029239655 0.012462424114346504
v -0.06164073571562767 0.0703427717089653 0.012600000016391277
v -0.06406742334365845 0.08598891645669937 0.012846979312598705
v -0.061820559203624725 0.07031683623790741 0.012836776673793793
v -0.06438086181879044 0.08594370633363724 0.013163662515580654
v -0.06195531785488129 0.07029739767313004 0.013014213182032108
v -0.06213093921542168 0.07027207314968109 0.013150366023182869
v -0.06475619226694107 0.08588957786560059 0.013401937671005726
v -0.06236528977751732 0.07023826986551285 0.01333205122500658
v -0.062501460313797 0.07021863013505936 0.013389036990702152
v -0.06291564553976059 0.07015889883041382 0.013541553169488907
v -0.0628427118062973 0.07016941159963608 0.013531851582229137
v -0.06517458707094193 0.0858292356133461 0.013549855910241604
v -0.06561507284641266 0.08576570451259613 0.01360000018030405
v -0.06335505098104477 0.07009552419185638 0.01360000018030405
v -0.06143337860703468 0.07037267088890076 0.012043949216604233
v -0.06369349360466003 0.08799407631158829 0.01211533136665821
v -0.06366921216249466 0.0879901647567749 0.012045041657984257
v -0.06389359384775162 0.08802630007266998 0.012594053521752357
v -0.06381525099277496 0.0880136787891388 0.012467767111957073
v -0.06420682370662689 0.08807673305273056 0.01300532091408968
v -0.06405049562454224 0.08805155754089355 0.012846979312598705
v -0.06461285799741745 0.08814211189746857 0.013322587125003338
v -0.06436315178871155 0.08810190111398697 0.013163662515580654
v -0.06508549302816391 0.08821821212768555 0.013525260612368584
v -0.06473754346370697 0.08816219121217728 0.013401937671005726
v -0.06570081412792206 0.087033711373806 0.01360000018030405
v -0.06515488773584366 0.08822938799858093 0.013549855910241604
v -0.06559427082538605 0.08830013871192932 0.01360000018030405
v -0.0652557834982872 0.08703006058931351 0.013549855910241604
v -0.06483307480812073 0.08702658861875534 0.013401937671005726
v -0.06445387005805969 0.08702347427606583 0.013163662515580654
v -0.06413719803094864 0.0870208814740181 0.012846979312598705
v -0.06389893591403961 0.0870189219713211 0.012467767111957073
v -0.06375101953744888 0.08701770752668381 0.012045041657984257
v -0.06258811801671982 0.09438882768154144 0.011599999852478504
v -0.06258811801671982 0.09438882768154144 0.009100000374019146
v -0.06265540421009064 0.09439966082572937 0.012117638252675533
v -0.06285266578197479 0.09443142265081406 0.012600000016391277
v -0.06316645443439484 0.0944819524884224 0.013014213182032108
v -0.06357540190219879 0.094547800719738 0.01333205122500658
v -0.06405162811279297 0.09462448209524155 0.013531851582229137
v -0.06456268578767776 0.09470676630735397 0.01360000018030405
v -0.06251202523708344 0.09529341757297516 0.009100000374019146
v -0.06251202523708344 0.09529341757297516 0.011599999852478504
v -0.06257326155900955 0.0961991399526596 0.009100000374019146
v -0.06257326155900955 0.0961991399526596 0.011599999852478504
v -0.05844373255968094 0.06580520421266556 0.012043949216604233
v -0.05844884365797043 0.06579696387052536 0.012117638252675533
v -0.058524083346128464 0.06567557156085968 0.012462424114346504
v -0.05855410918593407 0.06562714278697968 0.012600000016391277
v -0.058649830520153046 0.06547271460294724 0.012836776673793793
v -0.05872156098484993 0.06535699218511581 0.013014213182032108
v -0.05881504341959953 0.06520617753267288 0.013150366023182869
v -0.05893979221582413 0.06500492990016937 0.01333205122500658
v -0.0590122751891613 0.06488799303770065 0.013389036990702152
v -0.0591939277946949 0.06459493935108185 0.013531851582229137
v -0.060907039791345596 0.06528207659721375 0.01360000018030405
v -0.05923274904489517 0.0645323097705841 0.013541553169488907
v -0.0594666451215744 0.0641549751162529 0.01360000018030405
v -0.06206934154033661 0.0666942298412323 0.01360000018030405
v -0.06289844959974289 0.06832446902990341 0.01360000018030405
v -0.062414247542619705 0.06850749999284744 0.013531851582229137
v -0.06054555997252464 0.06565259397029877 0.013531851582229137
v -0.0619630441069603 0.06867805868387222 0.01333205122500658
v -0.06020871177315712 0.06599785387516022 0.01333205122500658
v -0.06157558783888817 0.06882452219724655 0.013014213182032108
v -0.05991945415735245 0.0662943422794342 0.013014213182032108
v -0.06127828359603882 0.06893689930438995 0.012600000016391277
v -0.05969749763607979 0.06652183830738068 0.012600000016391277
v -0.06109138950705528 0.06900754570960999 0.012117638252675533
v -0.06163623556494713 0.06697771698236465 0.013531851582229137
v -0.06123264133930206 0.06724189221858978 0.01333205122500658
v -0.060886070132255554 0.06746874004602432 0.013014213182032108
v -0.06062013655900955 0.06764280796051025 0.012600000016391277
v -0.060452964156866074 0.06775223463773727 0.012117638252675533
v -0.059557970613241196 0.06666485220193863 0.012117638252675533
v -0.06404044479131699 0.09598753601312637 0.013531851582229137
v -0.06455278396606445 0.09591364115476608 0.01360000018030405
v -0.06451195478439331 0.09530983120203018 0.01360000018030405
v -0.0635630264878273 0.09605638682842255 0.01333205122500658
v -0.06315305083990097 0.09611551463603973 0.013014213182032108
v -0.06283847242593765 0.096160888671875 0.012600000016391277
v -0.0626407191157341 0.09618940949440002 0.012117638252675533
v -0.0625801682472229 0.09529397636651993 0.012117638252675533
v -0.06277996301651001 0.09529561549425125 0.012600000016391277
v -0.06309778988361359 0.09529822319746017 0.013014213182032108
v -0.06351199001073837 0.09530162066221237 0.01333205122500658
v -0.06399433314800262 0.09530558437108994 0.013531851582229137
v -0.0628708004951477 0.09826212376356125 0.009100000374019146
v -0.0628708004951477 0.09826212376356125 0.011599999852478504
v -0.050497885793447495 0.060948655009269714 0.011599999852478504
v -0.05053379014134407 0.06089073047041893 0.012117638252675533
v -0.050609033554792404 0.06076934561133385 0.012462424114346504
v -0.05073477700352669 0.060566484928131104 0.012836776673793793
v -0.05063905566930771 0.060720909386873245 0.012600000016391277
v -0.05080650746822357 0.06045076251029968 0.013014213182032108
v -0.050899993628263474 0.06029994785785675 0.013150366023182869
v -0.05102473869919777 0.06009870022535324 0.01333205122500658
v -0.05109722167253494 0.05998176708817482 0.013389036990702152
v -0.051317695528268814 0.059626080095767975 0.013541553169488907
v -0.05127887427806854 0.059688713401556015 0.013531851582229137
v -0.05155159533023834 0.05924874171614647 0.01360000018030405
v -0.05052867904305458 0.060898978263139725 0.012043949216604233
v -0.06293825060129166 0.09825240075588226 0.012117638252675533
v -0.06313600391149521 0.09822387993335724 0.012600000016391277
v -0.06345058232545853 0.09817850589752197 0.013014213182032108
v -0.06386055797338486 0.09811937808990479 0.01333205122500658
v -0.06433797627687454 0.09805051982402802 0.013531851582229137
v -0.06485031545162201 0.09797663241624832 0.01360000018030405
v -0.06329482048749924 0.0997699499130249 0.009100000374019146
v -0.06321027874946594 0.09956210851669312 0.011599999852478504
v -0.06331340968608856 0.0997602790594101 0.011599999852478504
v -0.0640946552157402 0.10111665725708008 0.009100000374019146
v -0.06383051723241806 0.10075394809246063 0.011599999852478504
v -0.06412021070718765 0.10109494626522064 0.011599999852478504
v -0.06521578878164291 0.10221046209335327 0.009100000374019146
v -0.0647004097700119 0.10177789628505707 0.011599999852478504
v -0.06523837894201279 0.10218024998903275 0.011599999852478504
v -0.06577634811401367 0.10258260369300842 0.011599999852478504
v -0.06658181548118591 0.10297682136297226 0.009100000374019146
v -0.0665954202413559 0.10294617712497711 0.011599999852478504
v -0.06700437515974045 0.10312771052122116 0.011599999852478504
v -0.06809964030981064 0.1033635213971138 0.009100000374019146
v -0.06810367107391357 0.10334295779466629 0.011599999852478504
v -0.06832291185855865 0.10338588804006577 0.011599999852478504
v -0.0696658343076706 0.10334419459104538 0.009100000374019146
v -0.0696658343076706 0.10334419459104538 0.011599999852478504
v -0.07214023917913437 0.10298732668161392 0.009100000374019146
v -0.07214023917913437 0.10298732668161392 0.011599999852478504
v -0.06945423781871796 0.10187701880931854 0.013531851582229137
v -0.06938034296035767 0.10136467963457108 0.01360000018030405
v -0.06848505884408951 0.1013924777507782 0.01360000018030405
v -0.06760603189468384 0.10122035443782806 0.01360000018030405
v -0.06678735464811325 0.10085694491863251 0.01360000018030405
v -0.066070057451725 0.1003204807639122 0.01360000018030405
v -0.06549012660980225 0.09963784366846085 0.01360000018030405
v -0.06507663428783417 0.0988432839512825 0.01360000018030405
v -0.06952308863401413 0.10235443711280823 0.01333205122500658
v -0.06958221644163132 0.10276441276073456 0.013014213182032108
v -0.06962759047746658 0.10307899117469788 0.012600000016391277
v -0.06965611129999161 0.10327674448490143 0.012117638252675533
v -0.06459358334541321 0.09902932494878769 0.013531851582229137
v -0.06414345651865005 0.09920269250869751 0.01333205122500658
v -0.06375692039728165 0.09935157001018524 0.013014213182032108
v -0.0634603202342987 0.09946580231189728 0.012600000016391277
v -0.06327386945486069 0.09953761100769043 0.012117638252675533
v -0.06388706713914871 0.10071592032909393 0.012117638252675533
v -0.06474708020687103 0.10172823816537857 0.012117638252675533
v -0.06581079959869385 0.1025238037109375 0.012117638252675533
v -0.06702487915754318 0.1030627191066742 0.012117638252675533
v -0.06832843273878098 0.10331796854734421 0.012117638252675533
v -0.06405285745859146 0.10060442239046097 0.012600000016391277
v -0.06488391011953354 0.10158263891935349 0.012600000016391277
v -0.06591179966926575 0.10235140472650528 0.012600000016391277
v -0.06708498299121857 0.10287217050790787 0.012600000016391277
v -0.06834463775157928 0.10311882197856903 0.012600000016391277
v -0.06431660056114197 0.1004270538687706 0.013014213182032108
v -0.06510157138109207 0.10135103017091751 0.013014213182032108
v -0.06607246398925781 0.1020771712064743 0.013014213182032108
v -0.06718059629201889 0.10256905853748322 0.013014213182032108
v -0.06837040185928345 0.10280203074216843 0.013014213182032108
v -0.06466031819581985 0.10019589960575104 0.01333205122500658
v -0.06538523733615875 0.10104918479919434 0.01333205122500658
v -0.06628185510635376 0.10171977430582047 0.01333205122500658
v -0.06730520725250244 0.10217402875423431 0.01333205122500658
v -0.06840398162603378 0.10238917917013168 0.01333205122500658
v -0.0650605857372284 0.09992671757936478 0.013531851582229137
v -0.06571556627750397 0.10069768875837326 0.013531851582229137
v -0.06652568280696869 0.1013035774230957 0.013531851582229137
v -0.06745031476020813 0.10171401500701904 0.013531851582229137
v -0.06844308972358704 0.10190840810537338 0.013531851582229137
v -0.07213307917118073 0.10293769836425781 0.012045041657984257
v -0.07211196422576904 0.10279129445552826 0.012467767111957073
v -0.07212956994771957 0.10291335731744766 0.01211533136665821
v -0.07207795232534409 0.10255546122789383 0.012846979312598705
v -0.07210063189268112 0.10271275788545609 0.012594053521752357
v -0.07203274220228195 0.10224202275276184 0.013163662515580654
v -0.07205534726381302 0.10239873826503754 0.01300532091408968
v -0.0719786137342453 0.1018666923046112 0.013401937671005726
v -0.07199663668870926 0.1019916832447052 0.013322587125003338
v -0.07191827148199081 0.10144829750061035 0.013549855910241604
v -0.07192829996347427 0.10151786357164383 0.013525260612368584
v -0.07185474038124084 0.10100781172513962 0.01360000018030405
v -0.07568327337503433 0.09641425311565399 0.013549855910241604
v -0.0752427875995636 0.09647778421640396 0.01360000018030405
v -0.07525566965341568 0.09752191603183746 0.01360000018030405
v -0.07499787211418152 0.09853380173444748 0.01360000018030405
v -0.07448696345090866 0.09944448620080948 0.01360000018030405
v -0.07375776022672653 0.10019190609455109 0.01360000018030405
v -0.07285995781421661 0.10072512924671173 0.01360000018030405
v -0.07575283944606781 0.09640422463417053 0.013525260612368584
v -0.07610166817903519 0.0963539108633995 0.013401937671005726
v -0.07622665911912918 0.09633588790893555 0.013322587125003338
v -0.07647699862718582 0.09629978239536285 0.013163662515580654
v -0.07663371413946152 0.09627717733383179 0.01300532091408968
v -0.07679043710231781 0.09625457227230072 0.012846979312598705
v -0.07694773375988007 0.09623189270496368 0.012594053521752357
v -0.07702627032995224 0.09622056037187576 0.012467767111957073
v -0.07714833319187164 0.09620295464992523 0.01211533136665821
v -0.0771726742386818 0.09619944542646408 0.012045041657984257
v -0.07724162936210632 0.09775848686695099 0.011599999852478504
v -0.07685492932796478 0.09927631169557571 0.011599999852478504
v -0.0760885700583458 0.10064233839511871 0.011599999852478504
v -0.0749947652220726 0.10176347196102142 0.011599999852478504
v -0.07364806532859802 0.1025632992386818 0.011599999852478504
v -0.07719183713197708 0.09775255620479584 0.012045041657984257
v -0.07362830638885498 0.10251721739768982 0.012045041657984257
v -0.07357001304626465 0.10238126665353775 0.012467767111957073
v -0.07704495638608932 0.09773505479097366 0.012467767111957073
v -0.07347612082958221 0.10216227173805237 0.012846979312598705
v -0.07680835574865341 0.0977068692445755 0.012846979312598705
v -0.07335133105516434 0.10187120735645294 0.013163662515580654
v -0.07649389654397964 0.09766941517591476 0.013163662515580654
v -0.07320190221071243 0.10152268409729004 0.013401937671005726
v -0.07496374845504761 0.1017240658402443 0.012045041657984257
v -0.07487226277589798 0.10160783678293228 0.012467767111957073
v -0.07472489029169083 0.10142060369253159 0.012846979312598705
v -0.0745290219783783 0.10117176175117493 0.013163662515580654
v -0.07429447770118713 0.10087378323078156 0.013401937671005726
v -0.07604841142892838 0.10061230510473251 0.012045041657984257
v -0.07592996209859848 0.10052371770143509 0.012467767111957073
v -0.07573915272951126 0.10038100928068161 0.012846979312598705
v -0.07548554986715317 0.10019133239984512 0.013163662515580654
v -0.07518187165260315 0.0999642163515091 0.013401937671005726
v -0.0768083706498146 0.0992577001452446 0.012045041657984257
v -0.07667102664709091 0.09920278191566467 0.012467767111957073
v -0.07644978165626526 0.0991143211722374 0.012846979312598705
v -0.07615572959184647 0.09899675101041794 0.013163662515580654
v -0.07580362260341644 0.09885596483945847 0.013401937671005726
v -0.07611734420061111 0.09762455523014069 0.013401937671005726
v -0.073035329580307 0.10113415867090225 0.013549855910241604
v -0.07403302192687988 0.1005416139960289 0.013549855910241604
v -0.07484335452318192 0.09971103072166443 0.013549855910241604
v -0.0754111036658287 0.09869902580976486 0.013549855910241604
v -0.07569758594036102 0.09757455438375473 0.013549855910241604
v -0.07364806532859802 0.1025632992386818 -0.009100000374019146
v -0.07364806532859802 0.1025632992386818 0.009100000374019146
v -0.0749947652220726 0.10176347196102142 0.009100000374019146
v -0.07528014481067657 0.10152412950992584 -0.009100000374019146
v -0.07528014481067657 0.10152412950992584 0.009100000374019146
v -0.0749947652220726 0.10176347196102142 -0.009100000374019146
v -0.07037150114774704 0.049168661236763 0.012117638252675533
v -0.07017374783754349 0.049197182059288025 0.012600000016391277
v -0.06985916197299957 0.04924255236983299 0.013014213182032108
v -0.06944919377565384 0.04930168017745018 0.01333205122500658
v -0.06897176802158356 0.04937053844332695 0.013531851582229137
v -0.06845942884683609 0.04944442957639694 0.01360000018030405
v -0.06385551393032074 0.04554404318332672 0.013531851582229137
v -0.06392940878868103 0.04605638235807419 0.01360000018030405
v -0.06497353315353394 0.04604350030422211 0.01360000018030405
v -0.06598541885614395 0.04630129784345627 0.01360000018030405
v -0.06689610332250595 0.046812206506729126 0.01360000018030405
v -0.06764353066682816 0.047541409730911255 0.01360000018030405
v -0.0681767463684082 0.04843921214342117 0.01360000018030405
v -0.06378665566444397 0.04506662115454674 0.01333205122500658
v -0.06372752785682678 0.044656649231910706 0.013014213182032108
v -0.06368216127157211 0.04434206709265709 0.012600000016391277
v -0.06365364044904709 0.04414431378245354 0.012117638252675533
v -0.0636439099907875 0.044076863676309586 0.011599999852478504
v -0.06521010398864746 0.044057540595531464 0.011599999852478504
v -0.06672793626785278 0.044444236904382706 0.011599999852478504
v -0.06809396296739578 0.04521059989929199 0.011599999852478504
v -0.0692150890827179 0.046304404735565186 0.011599999852478504
v -0.07001492381095886 0.04765110835433006 0.011599999852478504
v -0.06995228677988052 0.047677960246801376 0.012117638252675533
v -0.06976865231990814 0.04775669425725937 0.012600000016391277
v -0.06947653740644455 0.04788193851709366 0.013014213182032108
v -0.06909583508968353 0.04804515838623047 0.01333205122500658
v -0.06865250319242477 0.04823523387312889 0.013531851582229137
v -0.0691615417599678 0.046346552670001984 0.012117638252675533
v -0.06900454312562943 0.04647013172507286 0.012600000016391277
v -0.06875479221343994 0.046666715294122696 0.013014213182032108
v -0.06842930614948273 0.04692290723323822 0.01333205122500658
v -0.06805028021335602 0.04722124710679054 0.013531851582229137
v -0.06805314868688583 0.04526517167687416 0.012117638252675533
v -0.06793347746133804 0.0454251728951931 0.012600000016391277
v -0.06774311512708664 0.04567969962954521 0.013014213182032108
v -0.06749503314495087 0.04601140320301056 0.01333205122500658
v -0.06720613688230515 0.046397678554058075 0.013531851582229137
v -0.06670263409614563 0.04450751468539238 0.012117638252675533
v -0.06662845611572266 0.04469303414225578 0.012600000016391277
v -0.06651046127080917 0.044988155364990234 0.013014213182032108
v -0.06635668128728867 0.04537276551127434 0.01333205122500658
v -0.066177599132061 0.045820653438568115 0.013531851582229137
v -0.06520204246044159 0.044125210493803024 0.012117638252675533
v -0.06517840921878815 0.04432360827922821 0.012600000016391277
v -0.06514081358909607 0.044639214873313904 0.013014213182032108
v -0.0650918185710907 0.045050520449876785 0.01333205122500658
v -0.06503476202487946 0.04552949592471123 0.013531851582229137
v -0.07496676594018936 0.10156932473182678 0.009100000374019146
v -0.07496676594018936 0.10156932473182678 -0.009100000374019146
v -0.058175671845674515 0.06570781022310257 0.00559999980032444
v -0.050497885793447495 0.060948655009269714 0.00559999980032444
v -0.050373028963804245 0.0508287288248539 0.011599999852478504
v -0.050373028963804245 0.0508287288248539 0.00559999980032444
v -0.04922955855727196 0.05180170387029648 0.00559999980032444
v -0.04922955855727196 0.05180170387029648 0.011599999852478504
v -0.048363447189331055 0.05302810296416283 0.00559999980032444
v -0.048363447189331055 0.05302810296416283 0.011599999852478504
v -0.047828927636146545 0.05443113297224045 0.00559999980032444
v -0.047828927636146545 0.05443113297224045 0.011599999852478504
v -0.04765946790575981 0.055922940373420715 0.00559999980032444
v -0.04765946790575981 0.055922940373420715 0.011599999852478504
v -0.04786567762494087 0.057410113513469696 0.00559999980032444
v -0.04786567762494087 0.057410113513469696 0.011599999852478504
v -0.048434652388095856 0.05879952758550644 0.00559999980032444
v -0.048434652388095856 0.05879952758550644 0.011599999852478504
v -0.049330759793519974 0.060004185885190964 0.00559999980032444
v -0.049330759793519974 0.060004185885190964 0.011599999852478504
v -0.05169455334544182 0.057395175099372864 0.00559999980032444
v -0.051361288875341415 0.05683404952287674 0.00559999980032444
v -0.0546441413462162 0.0581466406583786 0.00559999980032444
v -0.055205266922712326 0.0578133761882782 0.00559999980032444
v -0.05273086950182915 0.058170247822999954 0.00559999980032444
v -0.05336329713463783 0.05833137035369873 0.00559999980032444
v -0.05216168984770775 0.057850927114486694 0.00559999980032444
v -0.05118461325764656 0.05620579048991203 0.00559999980032444
v -0.051176559180021286 0.05555320903658867 0.00559999980032444
v -0.05133768543601036 0.054920777678489685 0.00559999980032444
v -0.05165700241923332 0.054351601749658585 0.00559999980032444
v -0.05211275443434715 0.053884461522102356 0.00559999980032444
v -0.05330214276909828 0.0533745214343071 0.00559999980032444
v -0.05267388001084328 0.05355120077729225 0.00559999980032444
v -0.05554180219769478 0.047445494681596756 0.00559999980032444
v -0.055956728756427765 0.05486379191279411 0.00559999980032444
v -0.05562346801161766 0.05430266261100769 0.00559999980032444
v -0.0540158785879612 0.058323320001363754 0.00559999980032444
v -0.05515632778406143 0.05384691432118416 0.00559999980032444
v -0.05458715185523033 0.0535275936126709 0.00559999980032444
v -0.053954724222421646 0.05336647108197212 0.00559999980032444
v -0.05613340809941292 0.05549205094575882 0.00559999980032444
v -0.056141458451747894 0.056144632399082184 0.00559999980032444
v -0.05566101893782616 0.05734623968601227 0.00559999980032444
v -0.05598033592104912 0.05677706375718117 0.00559999980032444
v -0.050773508846759796 0.058619096875190735 0.01360000018030405
v -0.05017610639333725 0.05781599134206772 0.01360000018030405
v -0.04979678988456726 0.056889716535806656 0.01360000018030405
v -0.04965931549668312 0.055898267775774 0.01360000018030405
v -0.04977228865027428 0.054903727024793625 0.01360000018030405
v -0.05012863501906395 0.05396837368607521 0.01360000018030405
v -0.05070604383945465 0.05315077677369118 0.01360000018030405
v -0.05146835744380951 0.05250212550163269 0.01360000018030405
v -0.051184866577386856 0.05206901952624321 0.013531851582229137
v -0.05092069134116173 0.051665425300598145 0.01333205122500658
v -0.05069384351372719 0.051318854093551636 0.013014213182032108
v -0.05051977559924126 0.051052920520305634 0.012600000016391277
v -0.050410352647304535 0.050885748118162155 0.012117638252675533
v -0.05032389983534813 0.05280160903930664 0.013531851582229137
v -0.049967799335718155 0.05247623845934868 0.01333205122500658
v -0.049427371472120285 0.051982443779706955 0.012600000016391277
v -0.049279868602752686 0.0518476702272892 0.012117638252675533
v -0.04842359572649002 0.0530601404607296 0.012117638252675533
v -0.047895144671201706 0.0544472374022007 0.012117638252675533
v -0.04772761091589928 0.05592209845781326 0.012117638252675533
v -0.0479314811527729 0.05739238113164902 0.012117638252675533
v -0.048493992537260056 0.058766014873981476 0.012117638252675533
v -0.04937991872429848 0.05995699018239975 0.012117638252675533
v -0.04952405020594597 0.05981862172484398 0.012600000016391277
v -0.04866796359419823 0.05866776034235954 0.012600000016391277
v -0.04812439903616905 0.05734039470553398 0.012600000016391277
v -0.04792739450931549 0.05591963604092598 0.012600000016391277
v -0.04808928817510605 0.05449444800615311 0.012600000016391277
v -0.048599936068058014 0.053154073655605316 0.012600000016391277
v -0.04966201260685921 0.05219683796167374 0.013014213182032108
v -0.04888045787811279 0.05330350250005722 0.013014213182032108
v -0.04839812219142914 0.0545695535838604 0.013014213182032108
v -0.048245206475257874 0.0559157133102417 0.013014213182032108
v -0.048431288450956345 0.05725769326090813 0.013014213182032108
v -0.048944711685180664 0.058511458337306976 0.013014213182032108
v -0.049753330647945404 0.05959850177168846 0.013014213182032108
v -0.050052132457494736 0.059311643242836 0.01333205122500658
v -0.04930537939071655 0.05830775946378708 0.01333205122500658
v -0.048831235617399216 0.05714991316199303 0.01333205122500658
v -0.048659391701221466 0.05591060221195221 0.01333205122500658
v -0.04880060628056526 0.054667431861162186 0.01333205122500658
v -0.04924603924155235 0.05349823832511902 0.01333205122500658
v -0.04967176914215088 0.05372501537203789 0.013531851582229137
v -0.049269307404756546 0.054781410843133926 0.013531851582229137
v -0.049141716212034225 0.055904652923345566 0.013531851582229137
v -0.04929698258638382 0.057024404406547546 0.013531851582229137
v -0.04972538352012634 0.058070551604032516 0.013531851582229137
v -0.05040009692311287 0.05897758528590202 0.013531851582229137
v -0.05874001607298851 0.04535209387540817 0.011599999852478504
v -0.0587773397564888 0.04540911316871643 0.012117638252675533
v -0.05888676270842552 0.04557628557085991 0.012600000016391277
v -0.05906083062291145 0.04584221914410591 0.013014213182032108
v -0.05928768217563629 0.04618879407644272 0.01333205122500658
v -0.05955185368657112 0.046592384576797485 0.013531851582229137
v -0.059835344552993774 0.047025490552186966 0.01360000018030405
v -0.060611650347709656 0.046630680561065674 0.01360000018030405
v -0.06145500764250755 0.046413250267505646 0.01360000018030405
v -0.06138111650943756 0.04590091481804848 0.013531851582229137
v -0.06131226196885109 0.045423492789268494 0.01333205122500658
v -0.0612531341612339 0.04501352086663246 0.013014213182032108
v -0.061207763850688934 0.044698938727378845 0.012600000016391277
v -0.05990447849035263 0.044759877026081085 0.011599999852478504
v -0.06117924302816391 0.044501181691884995 0.012117638252675533
v -0.06116951256990433 0.04443373158574104 0.011599999852478504
v -0.05992857366800308 0.044823624193668365 0.012117638252675533
v -0.059999220073223114 0.0450105182826519 0.012600000016391277
v -0.06011160463094711 0.04530782252550125 0.013014213182032108
v -0.06025806441903114 0.04569527879357338 0.01333205122500658
v -0.060428619384765625 0.04614647850394249 0.013531851582229137
v -0.05554180219769478 0.047445494681596756 0.005499999970197678
v -0.05874001607298851 0.04535209387540817 0.005499999970197678
v -0.06116951256990433 0.04443373158574104 0.005499999970197678
v -0.05990447849035263 0.044759877026081085 0.005499999970197678
v -0.0636439099907875 0.044076863676309586 0.005499999970197678
v -0.06672793626785278 0.044444236904382706 0.005499999970197678
v -0.06521010398864746 0.044057540595531464 0.005499999970197678
v -0.06521010398864746 0.044057540595531464 -0.005499999970197678
v -0.06672793626785278 0.044444236904382706 -0.005499999970197678
v -0.06706932187080383 0.04459318146109581 0.005499999970197678
v -0.06706932187080383 0.04459318146109581 -0.005499999970197678
v -0.06675593554973602 0.04463838040828705 -0.005499999970197678
v -0.06675593554973602 0.04463838040828705 0.005499999970197678
v -0.053954724222421646 0.05336647108197212 0.01140000019222498
v -0.05330214276909828 0.0533745214343071 0.01140000019222498
v -0.05458715185523033 0.0535275936126709 0.01140000019222498
v -0.05515632778406143 0.05384691432118416 0.01140000019222498
v -0.05562346801161766 0.05430266261100769 0.01140000019222498
v -0.055956728756427765 0.05486379191279411 0.01140000019222498
v -0.05613340809941292 0.05549205094575882 0.01140000019222498
v -0.056141458451747894 0.056144632399082184 0.01140000019222498
v -0.05598033592104912 0.05677706375718117 0.01140000019222498
v -0.05566101893782616 0.05734623968601227 0.01140000019222498
v -0.055205266922712326 0.0578133761882782 0.01140000019222498
v -0.0546441413462162 0.0581466406583786 0.01140000019222498
v -0.0540158785879612 0.058323320001363754 0.01140000019222498
v -0.05336329713463783 0.05833137035369873 0.01140000019222498
v -0.05273086950182915 0.058170247822999954 0.01140000019222498
v -0.05216168984770775 0.057850927114486694 0.01140000019222498
v -0.05169455334544182 0.057395175099372864 0.01140000019222498
v -0.051361288875341415 0.05683404952287674 0.01140000019222498
v -0.05118461325764656 0.05620579048991203 0.01140000019222498
v -0.051176559180021286 0.05555320903658867 0.01140000019222498
v -0.05133768543601036 0.054920777678489685 0.01140000019222498
v -0.05165700241923332 0.054351601749658585 0.01140000019222498
v -0.05211275443434715 0.053884461522102356 0.01140000019222498
v -0.05267388001084328 0.05355120077729225 0.01140000019222498
v -0.05090174451470375 0.05703107640147209 0.01140000019222498
v -0.051301661878824234 0.05770442634820938 0.01140000019222498
v -0.05641627311706543 0.05466676503419876 0.01140000019222498
v -0.056016359478235245 0.05399341136217117 0.01140000019222498
v -0.050689730793237686 0.056277163326740265 0.01140000019222498
v -0.05186222493648529 0.05825132876634598 0.01140000019222498
v -0.054841164499521255 0.058606185019016266 0.01140000019222498
v -0.05551451817154884 0.05820626765489578 0.01140000019222498
v -0.05606142058968544 0.057645704597234726 0.01140000019222498
v -0.056444600224494934 0.056962691247463226 0.01140000019222498
v -0.056628286838531494 0.05542067810893059 0.01140000019222498
v -0.05545579269528389 0.053446512669324875 0.01140000019222498
v -0.05323076620697975 0.05287964269518852 0.01140000019222498
v -0.052476853132247925 0.05309165641665459 0.01140000019222498
v -0.051803503185510635 0.05349157005548477 0.01140000019222498
v -0.05125660076737404 0.05405213683843613 0.01140000019222498
v -0.05254523828625679 0.05863451212644577 0.01140000019222498
v -0.05330415442585945 0.05882785841822624 0.01140000019222498
v -0.05408725142478943 0.05881819874048233 0.01140000019222498
v -0.056637950241565704 0.056203775107860565 0.01140000019222498
v -0.05477277934551239 0.05306332930922508 0.01140000019222498
v -0.05401386693120003 0.05286998301744461 0.01140000019222498
v -0.050873417407274246 0.054735150188207626 0.01140000019222498
v -0.050680071115493774 0.05549406632781029 0.01140000019222498
v -0.05401386693120003 0.05286998301744461 0.01360000018030405
v -0.05323076620697975 0.05287964269518852 0.01360000018030405
v -0.05477277934551239 0.05306332930922508 0.01360000018030405
v -0.05545579269528389 0.053446512669324875 0.01360000018030405
v -0.056016359478235245 0.05399341136217117 0.01360000018030405
v -0.05641627311706543 0.05466676503419876 0.01360000018030405
v -0.056628286838531494 0.05542067810893059 0.01360000018030405
v -0.056637950241565704 0.056203775107860565 0.01360000018030405
v -0.056444600224494934 0.056962691247463226 0.01360000018030405
v -0.05606142058968544 0.057645704597234726 0.01360000018030405
v -0.05551451817154884 0.05820626765489578 0.01360000018030405
v -0.054841164499521255 0.058606185019016266 0.01360000018030405
v -0.05408725142478943 0.05881819874048233 0.01360000018030405
v -0.05330415442585945 0.05882785841822624 0.01360000018030405
v -0.05254523828625679 0.05863451212644577 0.01360000018030405
v -0.05186222493648529 0.05825132876634598 0.01360000018030405
v -0.051301661878824234 0.05770442634820938 0.01360000018030405
v -0.05090174451470375 0.05703107640147209 0.01360000018030405
v -0.050689730793237686 0.056277163326740265 0.01360000018030405
v -0.050680071115493774 0.05549406632781029 0.01360000018030405
v -0.050873417407274246 0.054735150188207626 0.01360000018030405
v -0.05125660076737404 0.05405213683843613 0.01360000018030405
v -0.051803503185510635 0.05349157005548477 0.01360000018030405
v -0.052476853132247925 0.05309165641665459 0.01360000018030405
v -0.06840965896844864 0.09463431686162949 0.01360000018030405
v -0.06320815533399582 0.05312955006957054 0.01360000018030405
v -0.06499527394771576 0.04994404315948486 0.01360000018030405
v -0.06502600014209747 0.05037228763103485 0.01360000018030405
v -0.0647832602262497 0.049190130084753036 0.01360000018030405
v -0.06388150155544281 0.052729636430740356 0.01360000018030405
v -0.06914055347442627 0.09462530165910721 0.01360000018030405
v -0.06984887272119522 0.0948057547211647 0.01360000018030405
v -0.06500493735074997 0.05072714388370514 0.01360000018030405
v -0.0601704902946949 0.048014938831329346 0.01360000018030405
v -0.05924040824174881 0.0492585152387619 0.01360000018030405
v -0.062454238533973694 0.053341563791036606 0.01360000018030405
v -0.061671141535043716 0.053351227194070816 0.01360000018030405
v -0.0648115873336792 0.0514860562980175 0.01360000018030405
v -0.0644284039735794 0.052169069647789 0.01360000018030405
v -0.07048635184764862 0.09516339004039764 0.01360000018030405
v -0.06438334286212921 0.04851678013801575 0.01360000018030405
v -0.061597757041454315 0.0474030077457428 0.01360000018030405
v -0.06084384024143219 0.04761502146720886 0.01360000018030405
v -0.059623587876558304 0.0485755018889904 0.01360000018030405
v -0.05904705822467804 0.05001743137836456 0.01360000018030405
v -0.06770601123571396 0.09483219683170319 0.01360000018030405
v -0.06382278352975845 0.04796987771987915 0.01360000018030405
v -0.06313976645469666 0.04758669435977936 0.01360000018030405
v -0.05905672162771225 0.05080052837729454 0.01360000018030405
v -0.07105160504579544 0.09908264130353928 0.01360000018030405
v -0.07054115831851959 0.09960583597421646 0.01360000018030405
v -0.06656710803508759 0.09572864323854446 0.01360000018030405
v -0.06707754731178284 0.09520544856786728 0.01360000018030405
v -0.06238085404038429 0.047393348067998886 0.01360000018030405
v -0.07140924036502838 0.09844516217708588 0.01360000018030405
v -0.0715806782245636 0.0970059484243393 0.01360000018030405
v -0.07158969342708588 0.09773684293031693 0.01360000018030405
v -0.0710095465183258 0.09567383676767349 0.01360000018030405
v -0.059268731623888016 0.05155444145202637 0.01360000018030405
v -0.0713827982544899 0.09630229324102402 0.01360000018030405
v -0.060229215770959854 0.05277469754219055 0.01360000018030405
v -0.0596686489880085 0.052227795124053955 0.01360000018030405
v -0.060912229120731354 0.053157877177000046 0.01360000018030405
v -0.06920904666185379 0.10017696768045425 0.01360000018030405
v -0.06991270184516907 0.09997908771038055 0.01360000018030405
v -0.06620946526527405 0.09636612236499786 0.01360000018030405
v -0.06603802740573883 0.09780533611774445 0.01360000018030405
v -0.06623590737581253 0.09850898385047913 0.01360000018030405
v -0.06660915911197662 0.09913744777441025 0.01360000018030405
v -0.06713235378265381 0.0996478870511055 0.01360000018030405
v -0.06776983290910721 0.10000552982091904 0.01360000018030405
v -0.06847815215587616 0.10018598288297653 0.01360000018030405
v -0.06602901220321655 0.09707444161176682 0.01360000018030405
v -0.06782422214746475 0.09510792046785355 0.013299999758601189
v -0.06726309657096863 0.09544118493795395 0.013299999758601189
v -0.0668073445558548 0.09590832144021988 0.013299999758601189
v -0.06648802757263184 0.09647750109434128 0.013299999758601189
v -0.06632690131664276 0.09710992872714996 0.013299999758601189
v -0.06633495539426804 0.09776251018047333 0.013299999758601189
v -0.06651163101196289 0.09839077293872833 0.013299999758601189
v -0.0668448954820633 0.09895189851522446 0.013299999758601189
v -0.06731203198432922 0.09940765053033829 0.013299999758601189
v -0.06788121163845062 0.09972696751356125 0.013299999758601189
v -0.06851363927125931 0.09988809376955032 0.013299999758601189
v -0.06916622072458267 0.09988003969192505 0.013299999758601189
v -0.06979448348283768 0.0997033640742302 0.013299999758601189
v -0.0703556090593338 0.09937009960412979 0.013299999758601189
v -0.07081136107444763 0.09890296310186386 0.013299999758601189
v -0.0711306780576706 0.09833378344774246 0.013299999758601189
v -0.07129180431365967 0.09770135581493378 0.013299999758601189
v -0.0712837502360344 0.09704877436161041 0.013299999758601189
v -0.07110707461833954 0.09642051160335541 0.013299999758601189
v -0.07077381014823914 0.09585938602685928 0.013299999758601189
v -0.0703066736459732 0.09540363401174545 0.013299999758601189
v -0.0697374939918518 0.09508431702852249 0.013299999758601189
v -0.06910506635904312 0.09492319077253342 0.013299999758601189
v -0.06845248490571976 0.09493124485015869 0.013299999758601189
v -0.06880935281515121 0.09740564227104187 0.013299999758601189
v -0.06320815533399582 0.05312955006957054 0.01140000019222498
v -0.062454238533973694 0.053341563791036606 0.01140000019222498
v -0.06388150155544281 0.052729636430740356 0.01140000019222498
v -0.0644284039735794 0.052169069647789 0.01140000019222498
v -0.0648115873336792 0.0514860562980175 0.01140000019222498
v -0.06500493735074997 0.05072714388370514 0.01140000019222498
v -0.06499527394771576 0.04994404315948486 0.01140000019222498
v -0.06502600014209747 0.05037228763103485 0.01140000019222498
v -0.0647832602262497 0.049190130084753036 0.01140000019222498
v -0.06438334286212921 0.04851678013801575 0.01140000019222498
v -0.06382278352975845 0.04796987771987915 0.01140000019222498
v -0.06313976645469666 0.04758669435977936 0.01140000019222498
v -0.06238085404038429 0.047393348067998886 0.01140000019222498
v -0.061597757041454315 0.0474030077457428 0.01140000019222498
v -0.06084384024143219 0.04761502146720886 0.01140000019222498
v -0.0601704902946949 0.048014938831329346 0.01140000019222498
v -0.059623587876558304 0.0485755018889904 0.01140000019222498
v -0.05924040824174881 0.0492585152387619 0.01140000019222498
v -0.05904705822467804 0.05001743137836456 0.01140000019222498
v -0.05905672162771225 0.05080052837729454 0.01140000019222498
v -0.059268731623888016 0.05155444145202637 0.01140000019222498
v -0.0596686489880085 0.052227795124053955 0.01140000019222498
v -0.060229215770959854 0.05277469754219055 0.01140000019222498
v -0.060912229120731354 0.053157877177000046 0.01140000019222498
v -0.061671141535043716 0.053351227194070816 0.01140000019222498
v -0.062025997787714005 0.05277228727936745 0.01140000019222498
v -0.06264716386795044 0.05269050970673561 0.01140000019222498
v -0.06140483170747757 0.05269050970673561 0.01140000019222498
v -0.062025997787714005 0.047972287982702255 0.01140000019222498
v -0.06140483170747757 0.04805406555533409 0.01140000019222498
v -0.059707775712013245 0.050993453711271286 0.01140000019222498
v -0.05994753539562225 0.051572285592556 0.01140000019222498
v -0.06322599947452545 0.052450746297836304 0.01140000019222498
v -0.06264716386795044 0.04805406555533409 0.01140000019222498
v -0.06032894179224968 0.052069343626499176 0.01140000019222498
v -0.06082599610090256 0.052450746297836304 0.01140000019222498
v -0.0644259974360466 0.05037228763103485 0.01140000019222498
v -0.06082599610090256 0.0482938252389431 0.01140000019222498
v -0.059707775712013245 0.049751121550798416 0.01140000019222498
v -0.05962599813938141 0.05037228763103485 0.01140000019222498
v -0.06372305750846863 0.052069343626499176 0.01140000019222498
v -0.06410446017980576 0.051572285592556 0.01140000019222498
v -0.06434421986341476 0.050993453711271286 0.01140000019222498
v -0.06434421986341476 0.049751121550798416 0.01140000019222498
v -0.06410446017980576 0.049172285944223404 0.01140000019222498
v -0.06372305750846863 0.048675231635570526 0.01140000019222498
v -0.06032894179224968 0.048675231635570526 0.01140000019222498
v -0.05994753539562225 0.049172285944223404 0.01140000019222498
v -0.06322599947452545 0.0482938252389431 0.01140000019222498
v -0.06432599574327469 0.05037228763103485 0.011500000022351742
v -0.06424763053655624 0.05096757039427757 0.011500000022351742
v -0.06401785463094711 0.05152228847146034 0.011500000022351742
v -0.06365234404802322 0.05199863389134407 0.011500000022351742
v -0.0631759986281395 0.05236414447426796 0.011500000022351742
v -0.06262128055095673 0.05259391665458679 0.011500000022351742
v -0.062025997787714005 0.052672285586595535 0.011500000022351742
v -0.06143071502447128 0.05259391665458679 0.011500000022351742
v -0.06087599694728851 0.05236414447426796 0.011500000022351742
v -0.060399651527404785 0.05199863389134407 0.011500000022351742
v -0.060034140944480896 0.05152228847146034 0.011500000022351742
v -0.059804368764162064 0.05096757039427757 0.011500000022351742
v -0.05972599610686302 0.05037228763103485 0.011500000022351742
v -0.059804368764162064 0.04977700486779213 0.011500000022351742
v -0.060034140944480896 0.04922228679060936 0.011500000022351742
v -0.060399651527404785 0.04874594137072563 0.011500000022351742
v -0.06087599694728851 0.048380427062511444 0.011500000022351742
v -0.06143071502447128 0.04815065860748291 0.011500000022351742
v -0.062025997787714005 0.04807228595018387 0.011500000022351742
v -0.06262128055095673 0.04815065860748291 0.011500000022351742
v -0.0631759986281395 0.048380427062511444 0.011500000022351742
v -0.06365234404802322 0.04874594137072563 0.011500000022351742
v -0.06401785463094711 0.04922228679060936 0.011500000022351742
v -0.06424763053655624 0.04977700486779213 0.011500000022351742
v -0.06230071559548378 0.05310853198170662 0.011500000022351742
v -0.06158316135406494 0.05308639630675316 0.011500000022351742
v -0.06089578941464424 0.05287930369377136 0.011500000022351742
v -0.06028543412685394 0.05250135809183121 0.011500000022351742
v -0.05979369953274727 0.05197831988334656 0.011500000022351742
v -0.059454090893268585 0.051345836371183395 0.011500000022351742
v -0.059289753437042236 0.050647005438804626 0.011500000022351742
v -0.0593118853867054 0.04992945119738579 0.011500000022351742
v -0.0604199655354023 0.048139989376068115 0.011500000022351742
v -0.06105244904756546 0.04780038073658943 0.011500000022351742
v -0.06363203376531601 0.05260458588600159 0.011500000022351742
v -0.06299954652786255 0.05294419452548027 0.011500000022351742
v -0.05951898172497749 0.04924207553267479 0.011500000022351742
v -0.05989692732691765 0.04863172397017479 0.011500000022351742
v -0.06175127997994423 0.04763604328036308 0.011500000022351742
v -0.06476224213838577 0.050097569823265076 0.011500000022351742
v -0.06474010646343231 0.050815124064683914 0.011500000022351742
v -0.06246883422136307 0.047658175230026245 0.011500000022351742
v -0.06453301012516022 0.051502496004104614 0.011500000022351742
v -0.06315620988607407 0.04786527156829834 0.011500000022351742
v -0.06415507197380066 0.052112847566604614 0.011500000022351742
v -0.06376656144857407 0.048243217170238495 0.011500000022351742
v -0.06425829231739044 0.048766251653432846 0.011500000022351742
v -0.06459790468215942 0.04939873889088631 0.011500000022351742
v -0.05951898172497749 0.04924207553267479 0.013199999928474426
v -0.0593118853867054 0.04992945119738579 0.013199999928474426
v -0.059289753437042236 0.050647005438804626 0.013199999928474426
v -0.059454090893268585 0.051345836371183395 0.013199999928474426
v -0.05979369953274727 0.05197831988334656 0.013199999928474426
v -0.06028543412685394 0.05250135809183121 0.013199999928474426
v -0.06089578941464424 0.05287930369377136 0.013199999928474426
v -0.06158316135406494 0.05308639630675316 0.013199999928474426
v -0.06230071559548378 0.05310853198170662 0.013199999928474426
v -0.06299954652786255 0.05294419452548027 0.013199999928474426
v -0.06363203376531601 0.05260458588600159 0.013199999928474426
v -0.06415507197380066 0.052112847566604614 0.013199999928474426
v -0.06453301012516022 0.051502496004104614 0.013199999928474426
v -0.06474010646343231 0.050815124064683914 0.013199999928474426
v -0.06476224213838577 0.050097569823265076 0.013199999928474426
v -0.06459790468215942 0.04939873889088631 0.013199999928474426
v -0.06425829231739044 0.048766251653432846 0.013199999928474426
v -0.06376656144857407 0.048243217170238495 0.013199999928474426
v -0.06315620988607407 0.04786527156829834 0.013199999928474426
v -0.06246883422136307 0.047658175230026245 0.013199999928474426
v -0.06175127997994423 0.04763604328036308 0.013199999928474426
v -0.06105244904756546 0.04780038073658943 0.013199999928474426
v -0.0604199655354023 0.048139989376068115 0.013199999928474426
v -0.05989692732691765 0.04863172397017479 0.013199999928474426
v -0.059792473912239075 0.04936537146568298 0.013500000350177288
v -0.05960797145962715 0.04997776076197624 0.013500000350177288
v -0.05958825349807739 0.0506170354783535 0.013500000350177288
v -0.059734661132097244 0.051239628344774246 0.013500000350177288
v -0.060037221759557724 0.051803115755319595 0.013500000350177288
v -0.060475315898656845 0.052269093692302704 0.013500000350177288
v -0.06101908162236214 0.05260580778121948 0.013500000350177288
v -0.061631470918655396 0.052790313959121704 0.013500000350177288
v -0.062270745635032654 0.05281003192067146 0.013500000350177288
v -0.0628933385014534 0.05266362056136131 0.013500000350177288
v -0.06345682591199875 0.05236105993390083 0.013500000350177288
v -0.06392280757427216 0.05192296952009201 0.013500000350177288
v -0.06425952166318893 0.05137920007109642 0.013500000350177288
v -0.06444402039051056 0.05076681450009346 0.013500000350177288
v -0.06446374207735062 0.0501275397837162 0.013500000350177288
v -0.06431733071804047 0.04950494319200516 0.013500000350177288
v -0.06401477009057999 0.04894145578145981 0.013500000350177288
v -0.06357668340206146 0.0484754778444767 0.013500000350177288
v -0.06303291022777557 0.04813876375555992 0.013500000350177288
v -0.062420524656772614 0.047954261302948 0.013500000350177288
v -0.061781249940395355 0.04793454334139824 0.013500000350177288
v -0.06115865334868431 0.04808095097541809 0.013500000350177288
v -0.06059516593813896 0.04838351160287857 0.013500000350177288
v -0.06012918800115585 0.04882160574197769 0.013500000350177288
v -0.05953133851289749 0.049965258687734604 0.013489778153598309
v -0.05951099470257759 0.0506247915327549 0.013489778153598309
v -0.059662044048309326 0.0512671172618866 0.013489778153598309
v -0.05997419357299805 0.05184846371412277 0.013489778153598309
v -0.060426171869039536 0.052329208701848984 0.013489778153598309
v -0.06098717078566551 0.052676595747470856 0.013489778153598309
v -0.06161896884441376 0.052866943180561066 0.013489778153598309
v -0.06227850168943405 0.052887286990880966 0.013489778153598309
v -0.06292083114385605 0.05273623764514923 0.013489778153598309
v -0.06350217014551163 0.05242409184575081 0.013489778153598309
v -0.06398291885852814 0.05197211354970932 0.013489778153598309
v -0.06433030217885971 0.051411110907793045 0.013489778153598309
v -0.06452065706253052 0.0507793165743351 0.013489778153598309
v -0.06454099714756012 0.050119783729314804 0.013489778153598309
v -0.06438995152711868 0.04947745427489281 0.013489778153598309
v -0.06407780200242996 0.04889611154794693 0.013489778153598309
v -0.06362582743167877 0.04841536283493042 0.013489778153598309
v -0.0630648210644722 0.048067979514598846 0.013489778153598309
v -0.06243302673101425 0.04787762835621834 0.013489778153598309
v -0.06177349388599396 0.04785728454589844 0.013489778153598309
v -0.06113116815686226 0.04800833389163017 0.013489778153598309
v -0.06054982170462608 0.04832048341631889 0.013489778153598309
v -0.06006907671689987 0.048772457987070084 0.013489778153598309
v -0.059721689671278 0.04933346062898636 0.013489778153598309
v -0.059459928423166275 0.049953605979681015 0.013459807261824608
v -0.059439003467559814 0.050632018595933914 0.013459807261824608
v -0.059594377875328064 0.05129273235797882 0.013459807261824608
v -0.059915460646152496 0.051890719681978226 0.013459807261824608
v -0.06038037687540054 0.052385225892066956 0.013459807261824608
v -0.06095743551850319 0.05274255573749542 0.013459807261824608
v -0.06160731613636017 0.05293835327029228 0.013459807261824608
v -0.06228572875261307 0.05295928195118904 0.013459807261824608
v -0.06294644623994827 0.05280390754342079 0.013459807261824608
v -0.06354442983865738 0.05248282477259636 0.013459807261824608
v -0.06403893977403641 0.05201790854334831 0.013459807261824608
v -0.06439626961946487 0.051440849900245667 0.013459807261824608
v -0.06459206342697144 0.05079096928238869 0.013459807261824608
v -0.0646129921078682 0.05011255294084549 0.013459807261824608
v -0.06445761770009995 0.04945184290409088 0.013459807261824608
v -0.06413653492927551 0.048853855580091476 0.013459807261824608
v -0.06367161870002747 0.04835934564471245 0.013459807261824608
v -0.06309455633163452 0.04800201952457428 0.013459807261824608
v -0.06244467943906784 0.04780621826648712 0.013459807261824608
v -0.06176626682281494 0.04778529331088066 0.013459807261824608
v -0.061105553060770035 0.04794066771864891 0.013459807261824608
v -0.06050756573677063 0.04826175048947334 0.013459807261824608
v -0.0600130595266819 0.04872666299343109 0.013459807261824608
v -0.05965572968125343 0.049303725361824036 0.013459807261824608
v -0.05939860641956329 0.049943599849939346 0.013412131927907467
v -0.05937718227505684 0.05063822492957115 0.013412131927907467
v -0.05953626707196236 0.05131473019719124 0.013412131927907467
v -0.05986502394080162 0.051927004009485245 0.013412131927907467
v -0.06034104898571968 0.052433330565690994 0.013412131927907467
v -0.06093189865350723 0.052799198776483536 0.013412131927907467
v -0.0615973100066185 0.052999675273895264 0.013412131927907467
v -0.062291935086250305 0.05302110314369202 0.013412131927907467
v -0.06296844035387039 0.0528620146214962 0.013412131927907467
v -0.0635807141661644 0.05253325775265694 0.013412131927907467
v -0.06408704072237015 0.052057236433029175 0.013412131927907467
v -0.06445290893316269 0.051466383039951324 0.013412131927907467
v -0.06465338915586472 0.05080097168684006 0.013412131927907467
v -0.06467480957508087 0.05010634660720825 0.013412131927907467
v -0.06451572477817535 0.049429845064878464 0.013412131927907467
v -0.06418696790933609 0.04881756752729416 0.013412131927907467
v -0.06371094286441803 0.04831124469637871 0.013412131927907467
v -0.06312009692192078 0.047945376485586166 0.013412131927907467
v -0.06245468556880951 0.04774489626288414 0.013412131927907467
v -0.061760056763887405 0.047723472118377686 0.013412131927907467
v -0.06108355522155762 0.0478825569152832 0.013412131927907467
v -0.06047128140926361 0.04821131378412247 0.013412131927907467
v -0.05996495485305786 0.04868733882904053 0.013412131927907467
v -0.05959908664226532 0.04927818849682808 0.013412131927907467
v -0.05935155600309372 0.049935922026634216 0.01334999967366457
v -0.059329744428396225 0.050642989575862885 0.01334999967366457
v -0.059491679072380066 0.05133160576224327 0.01334999967366457
v -0.0598263256251812 0.05195484682917595 0.01334999967366457
v -0.06031087413430214 0.052470240741968155 0.01334999967366457
v -0.06091230735182762 0.05284266173839569 0.01334999967366457
v -0.06158963590860367 0.053046729415655136 0.01334999967366457
v -0.06229669973254204 0.05306854099035263 0.01334999967366457
v -0.06298531591892242 0.05290660262107849 0.01334999967366457
v -0.0636085569858551 0.05257195979356766 0.01334999967366457
v -0.06412395089864731 0.052087411284446716 0.01334999967366457
v -0.06449636816978455 0.051485978066921234 0.01334999967366457
v -0.06470043957233429 0.05080864951014519 0.01334999967366457
v -0.06472224742174149 0.05010158568620682 0.01334999967366457
v -0.06456031650304794 0.04941296577453613 0.01334999967366457
v -0.06422566622495651 0.048789724707603455 0.01334999967366457
v -0.06374111771583557 0.04827433452010155 0.01334999967366457
v -0.06313969194889069 0.04790191352367401 0.01334999967366457
v -0.06246235966682434 0.047697845846414566 0.01334999967366457
v -0.06175529584288597 0.04767603427171707 0.01334999967366457
v -0.061066679656505585 0.04783796891570091 0.01334999967366457
v -0.06044343486428261 0.048172615468502045 0.01334999967366457
v -0.0599280446767807 0.048657163977622986 0.01334999967366457
v -0.059555623680353165 0.04925859719514847 0.01334999967366457
v -0.05932197719812393 0.04993109777569771 0.013277646154165268
v -0.05929992347955704 0.05064598098397255 0.013277646154165268
v -0.05946364998817444 0.05134221538901329 0.013277646154165268
v -0.05980199575424194 0.05197235196828842 0.013277646154165268
v -0.06029190495610237 0.052493441849946976 0.013277646154165268
v -0.06089998781681061 0.05286998301744461 0.013277646154165268
v -0.06158480793237686 0.053076308220624924 0.013277646154165268
v -0.062299694865942 0.05309835821390152 0.013277646154165268
v -0.06299592554569244 0.05293463170528412 0.013277646154165268
v -0.06362605839967728 0.052596285939216614 0.013277646154165268
v -0.06414715200662613 0.052106380462646484 0.013277646154165268
v -0.06452369689941406 0.05149829387664795 0.013277646154165268
v -0.06473001837730408 0.050813477486371994 0.013277646154165268
v -0.06475207209587097 0.050098590552806854 0.013277646154165268
v -0.06458834558725357 0.04940235614776611 0.013277646154165268
v -0.06424999982118607 0.04877222329378128 0.013277646154165268
v -0.06376008689403534 0.04825112968683243 0.013277646154165268
v -0.0631520077586174 0.04787459224462509 0.013277646154165268
v -0.06246718764305115 0.04766826331615448 0.013277646154165268
v -0.06175230070948601 0.047646213322877884 0.013277646154165268
v -0.06105606630444527 0.047809939831495285 0.013277646154165268
v -0.060425933450460434 0.04814828559756279 0.013277646154165268
v -0.05990483984351158 0.04863819479942322 0.013277646154165268
v -0.059528302401304245 0.049246277660131454 0.013277646154165268
v -0.05743781477212906 0.06059177964925766 0.004256033338606358
v -0.05744354426860809 0.06063148379325867 0.0038999998942017555
v -0.05721514672040939 0.059047866612672806 0.005499999970197678
v -0.05744354426860809 0.06063148379325867 -0.0038999998942017555
v -0.057435762137174606 0.060577522963285446 -0.004314110614359379
v -0.05726597085595131 0.05940025672316551 0.005459884647279978
v -0.0573575496673584 0.060035236179828644 0.005150930490344763
v -0.05739371478557587 0.060285989195108414 0.004897583741694689
v -0.05731424316763878 0.059734974056482315 0.005341550335288048
v -0.05721514672040939 0.059047866612672806 -0.005499999970197678
v -0.057376645505428314 0.06016765162348747 -0.005031371023505926
v -0.05732934549450874 0.059839677065610886 -0.005285640712827444
v -0.05741294473409653 0.060419317334890366 -0.004699999932199717
v -0.05742092430591583 0.06047465652227402 0.004594213794916868
v -0.05727425962686539 0.05945773795247078 -0.005445481278002262
v -0.05826402083039284 0.059314992278814316 -0.005445481278002262
v -0.058204907923936844 0.05890512093901634 -0.005499999970197678
v -0.058319102972745895 0.059696927666664124 -0.005285640712827444
v -0.058366406708955765 0.06002490594983101 -0.005031371023505926
v -0.05840270221233368 0.0602765716612339 -0.004699999932199717
v -0.05842551961541176 0.060434773564338684 -0.004314110614359379
v -0.058433301746845245 0.060488734394311905 -0.0038999998942017555
v -0.05837210267782211 0.0600644089281559 -0.0038999998942017555
v -0.058299511671066284 0.05956107750535011 -0.004562741611152887
v -0.058204907923936844 0.05890512093901634 -0.0050712814554572105
v -0.05809473618865013 0.05814124643802643 -0.005390962585806847
v -0.058433301746845245 0.060488734394311905 -0.002300000051036477
v -0.05841773748397827 0.06038081645965576 -0.0031282210256904364
v -0.057976510375738144 0.05732150748372078 -0.005499999970197678
v -0.06981553137302399 0.05884714052081108 -0.002300000051036477
v -0.06979996711015701 0.05873921886086464 -0.0031282210256904364
v -0.06975433230400085 0.05842281132936478 -0.0038999998942017555
v -0.06968174129724503 0.05791947990655899 -0.004562741611152887
v -0.06958713382482529 0.05726352706551552 -0.0050712814554572105
v -0.06947696954011917 0.056499652564525604 -0.005390962585806847
v -0.06935874372720718 0.05567990988492966 -0.005499999970197678
v -0.05842757597565651 0.0604490302503109 0.004256033338606358
v -0.058433301746845245 0.060488734394311905 0.0038999998942017555
v -0.05841068550944328 0.060331907123327255 0.004594213794916868
v -0.05838347226381302 0.06014323979616165 0.004897583741694689
v -0.05834730714559555 0.05989248678088188 0.005150930490344763
v -0.05830400437116623 0.05959222465753555 0.005341550335288048
v -0.05825572833418846 0.05925750732421875 0.005459884647279978
v -0.058204907923936844 0.05890512093901634 0.005499999970197678
v -0.058433301746845245 0.060488734394311905 0.002300000051036477
v -0.06981553137302399 0.05884714052081108 0.002300000051036477
v -0.05809473618865013 0.05814124643802643 0.005390962585806847
v -0.057976510375738144 0.05732150748372078 0.005499999970197678
v -0.06935874372720718 0.05567990988492966 0.005499999970197678
v -0.058204907923936844 0.05890512093901634 0.0050712814554572105
v -0.06947696954011917 0.056499652564525604 0.005390962585806847
v -0.058299511671066284 0.05956107750535011 0.004562741611152887
v -0.06958713382482529 0.05726352706551552 0.0050712814554572105
v -0.05837210267782211 0.0600644089281559 0.0038999998942017555
v -0.06968174129724503 0.05791947990655899 0.004562741611152887
v -0.05841773748397827 0.06038081645965576 0.0031282210256904364
v -0.06975433230400085 0.05842281132936478 0.0038999998942017555
v -0.06979996711015701 0.05873921886086464 0.0031282210256904364
v -0.07169778645038605 0.08941145986318588 0.007499999832361937
v -0.07170556485652924 0.0894654169678688 0.007914110086858273
v -0.07169778645038605 0.08941145986318588 -0.007499999832361937
v -0.0718119814991951 0.09020326286554337 -0.008885640650987625
v -0.07176467776298523 0.08987528830766678 0.008631370961666107
v -0.07176467776298523 0.08987528830766678 -0.008631370961666107
v -0.07172838598489761 0.08962362259626389 -0.008299999870359898
v -0.07186706364154816 0.09058520197868347 -0.00904548168182373
v -0.07186706364154816 0.09058520197868347 0.00904548168182373
v -0.07192618399858475 0.09099507331848145 0.009100000374019146
v -0.07172838598489761 0.08962362259626389 0.008299999870359898
v -0.0718119814991951 0.09020326286554337 0.008885640650987625
v -0.07170556485652924 0.0894654169678688 -0.007914110086858273
v -0.07192618399858475 0.09099507331848145 -0.009100000374019146
v -0.07440058141946793 0.09063820540904999 -0.009100000374019146
v -0.07434146851301193 0.09022833406925201 -0.00904548168182373
v -0.07428637892007828 0.08984639495611191 -0.008885640650987625
v -0.07423907518386841 0.08951842039823532 -0.008631370961666107
v -0.07420278340578079 0.08926675468683243 -0.008299999870359898
v -0.07417996227741241 0.08910854905843735 -0.007914110086858273
v -0.07417218387126923 0.08905459195375443 -0.007499999832361937
v -0.07417218387126923 0.08905459195375443 0.007499999832361937
v -0.07417996227741241 0.08910854905843735 0.007914110086858273
v -0.07420278340578079 0.08926675468683243 0.008299999870359898
v -0.07423907518386841 0.08951842039823532 0.008631370961666107
v -0.07428637892007828 0.08984639495611191 0.008885640650987625
v -0.07434146851301193 0.09022833406925201 0.00904548168182373
v -0.07440058141946793 0.09063820540904999 0.009100000374019146
v -0.0745956227183342 0.09899595379829407 0.009100000374019146
v -0.07494775205850601 0.09793481975793839 0.009100000374019146
v -0.07509050518274307 0.09892457723617554 0.009100000374019146
v -0.07544263452291489 0.09786344319581985 0.009100000374019146
v -0.07465473562479019 0.09940582513809204 0.00904548168182373
v -0.07470981776714325 0.09978775680065155 0.008885640650987625
v -0.07514961808919907 0.09933444857597351 0.00904548168182373
v -0.07475712150335312 0.10011573880910873 0.008631370961666107
v -0.07520470023155212 0.09971638768911362 0.008885640650987625
v -0.07479342073202133 0.10036740452051163 0.008299999870359898
v -0.075252003967762 0.1000443622469902 0.008631370961666107
v -0.07481623440980911 0.10052561014890671 0.007914110086858273
v -0.07528829574584961 0.1002960279583931 0.008299999870359898
v -0.0748240202665329 0.10057956725358963 0.007499999832361937
v -0.07531111687421799 0.10045423358678818 0.007914110086858273
v -0.07531889528036118 0.1005081906914711 0.007499999832361937
v -0.0748240202665329 0.10057956725358963 -0.007499999832361937
v -0.07470981776714325 0.09978775680065155 -0.008885640650987625
v -0.07465473562479019 0.09940582513809204 -0.00904548168182373
v -0.07479342073202133 0.10036740452051163 -0.008299999870359898
v -0.07475712150335312 0.10011573880910873 -0.008631370961666107
v -0.07481623440980911 0.10052561014890671 -0.007914110086858273
v -0.0745956227183342 0.09899595379829407 -0.009100000374019146
v -0.07531889528036118 0.1005081906914711 -0.007499999832361937
v -0.07531111687421799 0.10045423358678818 -0.007914110086858273
v -0.07528829574584961 0.1002960279583931 -0.008299999870359898
v -0.075252003967762 0.1000443622469902 -0.008631370961666107
v -0.07520470023155212 0.09971638768911362 -0.008885640650987625
v -0.07514961808919907 0.09933444857597351 -0.00904548168182373
v -0.07509050518274307 0.09892457723617554 -0.009100000374019146
v -0.07494775205850601 0.09793481975793839 -0.009100000374019146
v -0.07544263452291489 0.09786344319581985 -0.009100000374019146
v -0.07558503746986389 0.09885081648826599 0.008750930428504944
v -0.07554173469543457 0.09855055063962936 0.008941549807786942
v -0.07564841210842133 0.09929023683071136 0.00819421373307705
v -0.07562120258808136 0.09910156577825546 0.00849758367985487
v -0.07560413330793381 0.09898322820663452 -0.008631370961666107
v -0.07564043253660202 0.09923489391803741 -0.008299999870359898
v -0.07550174742937088 0.09827331453561783 -0.00904548168182373
v -0.07555682957172394 0.09865525364875793 -0.008885640650987625
v -0.07566530257463455 0.09940735995769501 0.007856033742427826
v -0.07567103207111359 0.09944706410169601 -0.007499999832361937
v -0.0756632462143898 0.0993930995464325 -0.007914110086858273
v -0.07567103207111359 0.09944706410169601 0.007499999832361937
v -0.0754934549331665 0.09821583330631256 0.009059884585440159
v -0.07517614960670471 0.09951843321323395 0.007499999832361937
v -0.07517042756080627 0.09947872906923294 0.007856033742427826
v -0.07517614960670471 0.09951843321323395 -0.007499999832361937
v -0.07516837120056152 0.09946447610855103 -0.007914110086858273
v -0.07515352964401245 0.0993616059422493 0.00819421373307705
v -0.07512632012367249 0.09917294234037399 0.00849758367985487
v -0.0750468522310257 0.0986219272017479 0.008941549807786942
v -0.07509015500545502 0.09892218559980392 0.008750930428504944
v -0.07499857991933823 0.09828720986843109 0.009059884585440159
v -0.07510925829410553 0.09905460476875305 -0.008631370961666107
v -0.07506195455789566 0.09872663021087646 -0.008885640650987625
v -0.07514555007219315 0.09930627048015594 -0.008299999870359898
v -0.075006864964962 0.09834469109773636 -0.00904548168182373
v -0.06803897023200989 0.04652911052107811 -0.004314110614359379
v -0.06806179136037827 0.04668731614947319 -0.004699999932199717
v -0.06809808313846588 0.04693898186087608 -0.005031371023505926
v -0.0680311918258667 0.04647514969110489 -0.0038999998942017555
v -0.06814538687467575 0.04726696014404297 -0.005285640712827444
v -0.06820046901702881 0.047648895531892776 -0.005445481278002262
v -0.0682595893740654 0.04805876687169075 0.005499999970197678
v -0.06805381178855896 0.04663197696208954 0.004594213794916868
v -0.06803691387176514 0.046514857560396194 0.004256033338606358
v -0.06820876151323318 0.047706376761198044 0.005459884647279978
v -0.06816048920154572 0.04737166315317154 0.005341550335288048
v -0.0681171864271164 0.04707139730453491 0.005150930490344763
v -0.0680311918258667 0.04647514969110489 0.0038999998942017555
v -0.0682595893740654 0.04805876687169075 -0.005499999970197678
v -0.06808102130889893 0.04682064801454544 0.004897583741694689
v -0.06753630936145782 0.04654652625322342 0.0038999998942017555
v -0.06753630936145782 0.04654652625322342 -0.0038999998942017555
v -0.06770559400320053 0.04772026836872101 -0.005445481278002262
v -0.06776470690965652 0.04813013970851898 -0.005499999970197678
v -0.06765051186084747 0.0473383329808712 -0.005285640712827444
v -0.0676032081246376 0.047010354697704315 -0.005031371023505926
v -0.06756690889596939 0.04675868898630142 -0.004699999932199717
v -0.06754409521818161 0.04660048708319664 -0.004314110614359379
v -0.06754203885793686 0.046586230397224426 0.004256033338606358
v -0.06755892932415009 0.04670335352420807 0.004594213794916868
v -0.06758613884449005 0.04689202085137367 0.004897583741694689
v -0.06762230396270752 0.04714277386665344 0.005150930490344763
v -0.06766560673713684 0.04744303598999977 0.005341550335288048
v -0.06771388649940491 0.047777753323316574 0.005459884647279978
v -0.06776470690965652 0.04813013970851898 0.005499999970197678
v -0.05845295637845993 0.054553598165512085 0.005499999970197678
v -0.05891193076968193 0.054905783385038376 0.005499999970197678
v -0.05749250203371048 0.053486354649066925 0.005499999970197678
v -0.05891193076968193 0.045838791877031326 0.005499999970197678
v -0.05784468352794647 0.04679924622178078 0.005499999970197678
v -0.06019139662384987 0.04518728703260422 0.005499999970197678
v -0.06159588694572449 0.04488912969827652 0.005499999970197678
v -0.05965690687298775 0.05533589422702789 0.005499999970197678
v -0.05654283985495567 0.05080239847302437 0.005499999970197678
v -0.05684099718928337 0.05220688879489899 0.005499999970197678
v -0.06559903919696808 0.04619097337126732 0.005499999970197678
v -0.06655949354171753 0.04725822061300278 0.005499999970197678
v -0.056618355214595795 0.04936859756708145 0.005499999970197678
v -0.0630296841263771 0.04496464505791664 0.005499999970197678
v -0.06439508497714996 0.04540867730975151 0.005499999970197678
v -0.06712707877159119 0.04721175506711006 0.005499999970197678
v -0.06743364036083221 0.05137597396969795 0.005499999970197678
v -0.061022307723760605 0.05577993020415306 0.005499999970197678
v -0.057062387466430664 0.048003196716308594 0.005499999970197678
v -0.06698960810899734 0.05274137854576111 0.005499999970197678
v -0.06386060267686844 0.055557288229465485 0.005499999970197678
v -0.06514006108045578 0.054905783385038376 0.005499999970197678
v -0.06245610862970352 0.055855441838502884 0.005499999970197678
v -0.06620731204748154 0.053945329040288925 0.005499999970197678
v -0.06762196123600006 0.04714038223028183 0.005499999970197678
v -0.06750915199518204 0.049942173063755035 0.005499999970197678
v -0.06721100211143494 0.048537686467170715 0.005499999970197678
v -0.06690646708011627 0.04568209871649742 0.004314110614359379
v -0.06689868122339249 0.0456281378865242 0.0038999998942017555
v -0.06739356368780136 0.04555676504969597 0.0038999998942017555
v -0.06692928075790405 0.0458403043448925 0.004699999932199717
v -0.06740134209394455 0.04561072587966919 0.004314110614359379
v -0.06696557998657227 0.046091970056295395 0.005031371023505926
v -0.06742416322231293 0.04576893150806427 0.004699999932199717
v -0.06701288372278214 0.04641994833946228 0.005285640712827444
v -0.06746045500040054 0.04602059721946716 0.005031371023505926
v -0.06706796586513519 0.04680188372731209 0.005445481278002262
v -0.06750775873661041 0.04634857177734375 0.005285640712827444
v -0.06756284832954407 0.046730510890483856 0.005445481278002262
v -0.06740134209394455 0.04561072587966919 -0.004314110614359379
v -0.06739356368780136 0.04555676504969597 -0.0038999998942017555
v -0.06750775873661041 0.04634857177734375 -0.005285640712827444
v -0.06742416322231293 0.04576893150806427 -0.004699999932199717
v -0.06746045500040054 0.04602059721946716 -0.005031371023505926
v -0.06756284832954407 0.046730510890483856 -0.005445481278002262
v -0.06762196123600006 0.04714038223028183 -0.005499999970197678
v -0.06706796586513519 0.04680188372731209 -0.005445481278002262
v -0.06701288372278214 0.04641994833946228 -0.005285640712827444
v -0.06689868122339249 0.0456281378865242 -0.0038999998942017555
v -0.06696557998657227 0.046091970056295395 -0.005031371023505926
v -0.06692928075790405 0.0458403043448925 -0.004699999932199717
v -0.06690646708011627 0.04568209871649742 -0.004314110614359379
v -0.06712707877159119 0.04721175506711006 -0.005499999970197678
v -0.05784468352794647 0.04679924622178078 -0.005499999970197678
v -0.056618355214595795 0.04936859756708145 -0.005499999970197678
v -0.057062387466430664 0.048003196716308594 -0.005499999970197678
v -0.05684099718928337 0.05220688879489899 -0.005499999970197678
v -0.05965690687298775 0.05533589422702789 -0.005499999970197678
v -0.05845295637845993 0.054553598165512085 -0.005499999970197678
v -0.05749250203371048 0.053486354649066925 -0.005499999970197678
v -0.061022307723760605 0.05577993020415306 -0.005499999970197678
v -0.05654283985495567 0.05080239847302437 -0.005499999970197678
v -0.06386060267686844 0.055557288229465485 -0.005499999970197678
v -0.06245610862970352 0.055855441838502884 -0.005499999970197678
v -0.06019139662384987 0.04518728703260422 -0.005499999970197678
v -0.05891193076968193 0.045838791877031326 -0.005499999970197678
v -0.06514006108045578 0.054905783385038376 -0.005499999970197678
v -0.06750915199518204 0.049942173063755035 -0.005499999970197678
v -0.06721100211143494 0.048537686467170715 -0.005499999970197678
v -0.06559903919696808 0.04619097337126732 -0.005499999970197678
v -0.06439508497714996 0.04540867730975151 -0.005499999970197678
v -0.06698960810899734 0.05274137854576111 -0.005499999970197678
v -0.06620731204748154 0.053945329040288925 -0.005499999970197678
v -0.0630296841263771 0.04496464505791664 -0.005499999970197678
v -0.06743364036083221 0.05137597396969795 -0.005499999970197678
v -0.06159588694572449 0.04488912969827652 -0.005499999970197678
v -0.06655949354171753 0.04725822061300278 -0.005499999970197678
v -0.06514006108045578 0.054905783385038376 -0.004699999932199717
v -0.06620731204748154 0.053945329040288925 -0.004699999932199717
v -0.06698960810899734 0.05274137854576111 -0.004699999932199717
v -0.06743364036083221 0.05137597396969795 -0.004699999932199717
v -0.06750915199518204 0.049942173063755035 -0.004699999932199717
v -0.06721100211143494 0.048537686467170715 -0.004699999932199717
v -0.06655949354171753 0.04725822061300278 -0.004699999932199717
v -0.06559903919696808 0.04619097337126732 -0.004699999932199717
v -0.06439508497714996 0.04540867730975151 -0.004699999932199717
v -0.062025997787714005 0.04487228766083717 -0.004699999932199717
v -0.06159588694572449 0.04488912969827652 -0.004699999932199717
v -0.06019139662384987 0.04518728703260422 -0.004699999932199717
v -0.05891193076968193 0.045838791877031326 -0.004699999932199717
v -0.05784468352794647 0.04679924622178078 -0.004699999932199717
v -0.057062387466430664 0.048003196716308594 -0.004699999932199717
v -0.056618355214595795 0.04936859756708145 -0.004699999932199717
v -0.05654283985495567 0.05080239847302437 -0.004699999932199717
v -0.05684099718928337 0.05220688879489899 -0.004699999932199717
v -0.05749250203371048 0.053486354649066925 -0.004699999932199717
v -0.05845295637845993 0.054553598165512085 -0.004699999932199717
v -0.05965690687298775 0.05533589422702789 -0.004699999932199717
v -0.061022307723760605 0.05577993020415306 -0.004699999932199717
v -0.06245610862970352 0.055855441838502884 -0.004699999932199717
v -0.06386060267686844 0.055557288229465485 -0.004699999932199717
v -0.0630296841263771 0.04496464505791664 -0.004699999932199717
v -0.062025997787714005 0.05037228763103485 -0.004699999932199717
v -0.06514006108045578 0.054905783385038376 0.0044999998062849045
v -0.06620731204748154 0.053945329040288925 0.0044999998062849045
v -0.06698960810899734 0.05274137854576111 0.0044999998062849045
v -0.06743364036083221 0.05137597396969795 0.0044999998062849045
v -0.06750915199518204 0.049942173063755035 0.0044999998062849045
v -0.06721100211143494 0.048537686467170715 0.0044999998062849045
v -0.06655949354171753 0.04725822061300278 0.0044999998062849045
v -0.06559903919696808 0.04619097337126732 0.0044999998062849045
v -0.06439508497714996 0.04540867730975151 0.0044999998062849045
v -0.0630296841263771 0.04496464505791664 0.0044999998062849045
v -0.062025997787714005 0.04487228766083717 0.0044999998062849045
v -0.06159588694572449 0.04488912969827652 0.0044999998062849045
v -0.06019139662384987 0.04518728703260422 0.0044999998062849045
v -0.05891193076968193 0.045838791877031326 0.0044999998062849045
v -0.05784468352794647 0.04679924622178078 0.0044999998062849045
v -0.057062387466430664 0.048003196716308594 0.0044999998062849045
v -0.056618355214595795 0.04936859756708145 0.0044999998062849045
v -0.05654283985495567 0.05080239847302437 0.0044999998062849045
v -0.05684099718928337 0.05220688879489899 0.0044999998062849045
v -0.05749250203371048 0.053486354649066925 0.0044999998062849045
v -0.05845295637845993 0.054553598165512085 0.0044999998062849045
v -0.05965690687298775 0.05533589422702789 0.0044999998062849045
v -0.061022307723760605 0.05577993020415306 0.0044999998062849045
v -0.06245610862970352 0.055855441838502884 0.0044999998062849045
v -0.06386060267686844 0.055557288229465485 0.0044999998062849045
v -0.062025997787714005 0.05037228763103485 0.0044999998062849045
v -0.06317492574453354 0.05025693401694298 0.013500000350177288
v -0.06270035356283188 0.05130960792303085 0.013500000350177288
v -0.06250056624412537 0.049319613724946976 0.013500000350177288
v -0.06155143305659294 0.051424961537122726 0.013500000350177288
v -0.06087707355618477 0.050487637519836426 0.013500000350177288
v -0.06135163828730583 0.04943496361374855 0.013500000350177288
v -0.061214253306388855 0.05095629766583443 0.012000000104308128
v -0.06155143305659294 0.051424961537122726 0.012000000104308128
v -0.06087707355618477 0.050487637519836426 0.012000000104308128
v -0.06212589517235756 0.05136728286743164 0.012000000104308128
v -0.06270035356283188 0.05130960792303085 0.012000000104308128
v -0.06293763965368271 0.050783272832632065 0.012000000104308128
v -0.06317492574453354 0.05025693401694298 0.012000000104308128
v -0.06283774226903915 0.04978827387094498 0.012000000104308128
v -0.06250056624412537 0.049319613724946976 0.012000000104308128
v -0.06192610040307045 0.04937728866934776 0.012000000104308128
v -0.06135163828730583 0.04943496361374855 0.012000000104308128
v -0.0611143559217453 0.04996130242943764 0.012000000104308128
v -0.06186496466398239 0.05135923624038696 0.012000000104308128
v -0.06161501258611679 0.051283929497003555 0.012000000104308128
v -0.06139306724071503 0.0511464960873127 0.012000000104308128
v -0.06125178933143616 0.049739353358745575 0.012000000104308128
v -0.06144198402762413 0.0495605431497097 0.012000000104308128
v -0.06167197972536087 0.04943704977631569 0.012000000104308128
v -0.06218702718615532 0.04938533902168274 0.012000000104308128
v -0.06243698298931122 0.04946064576506615 0.012000000104308128
v -0.06265892833471298 0.049598079174757004 0.012000000104308128
v -0.06296123564243317 0.05001826956868172 0.012000000104308128
v -0.06302099674940109 0.050272390246391296 0.012000000104308128
v -0.06301295012235641 0.050533317029476166 0.012000000104308128
v -0.06280020624399185 0.05100521817803383 0.012000000104308128
v -0.06261000782251358 0.05118403211236 0.012000000104308128
v -0.06238001585006714 0.05130752548575401 0.012000000104308128
v -0.06109075993299484 0.050726305693387985 0.012000000104308128
v -0.061030998826026917 0.050472185015678406 0.012000000104308128
v -0.06103904917836189 0.05021125450730324 0.012000000104308128
v -0.062025997787714005 0.05037228763103485 0.011422649957239628
v -0.06102599576115608 0.05094963684678078 -0.013500000350177288
v -0.062025997787714005 0.0515269860625267 -0.013500000350177288
v -0.06302599608898163 0.05094963684678078 -0.013500000350177288
v -0.06102599576115608 0.04979493468999863 -0.013500000350177288
v -0.062025997787714005 0.0492175854742527 -0.013500000350177288
v -0.06302599608898163 0.04979493468999863 -0.013500000350177288
v -0.062025997787714005 0.0515269860625267 -0.012000000104308128
v -0.06302599608898163 0.05094963684678078 -0.012000000104308128
v -0.062025997787714005 0.0492175854742527 -0.012000000104308128
v -0.06102599576115608 0.04979493468999863 -0.012000000104308128
v -0.06102599576115608 0.05094963684678078 -0.012000000104308128
v -0.06302599608898163 0.04979493468999863 -0.012000000104308128
vt -0.03393976762890816 -0.009837932884693146
vt 0.7853981852531433 0.044557373970746994
vt 1.4508049488067627 0.0
vt 3.83972430229187 1.7951958179473877
vt 3.1415927410125732 -0.05674999952316284
vt 4.974188327789307 -0.0320499986410141
vt 1.3089969158172607 0.02402881719172001
vt -0.009700000286102295 -0.004000000189989805
vt 4.188790321350098 7.57608358530954e-29
vt -0.004915866535156965 0.00896926037967205
vt 1.9425987476852859e-28 0.035557374358177185
vt 0.2617993950843811 -0.00019999999494757503
vt 1.4193538427352905 0.0044999998062849045
vt 1.121997356414795 -0.025459138676524162
vt -0.006213335786014795 -0.0055486224591732025
vt 1.5707963705062866 7.57608358530954e-29
vt 0.0 1.1384122811097797e-18
vt 0.007128220982849598 0.005390962585806847
vt 0.7853981852531433 0.0024999999441206455
vt 0.8975979089736938 0.7853981852531433
vt 0.5235987901687622 0.032557372003793716
vt -0.008197702467441559 -0.050774961709976196
vt 5.0152740478515625 -1.7951958179473877
vt 0.004728644620627165 0.0005349261336959898
vt -1.5707963705062866 2.802596928649634e-45
vt 5.235987663269043 -0.05674999952316284
vt 5.921573162078857 5.782411445417199e-15
vt 1.3089969158172607 0.04305737093091011
vt -0.0002791492152027786 -0.00800000037997961
vt 2.356194496154785 0.03305737301707268
vt 0.2617993950843811 3.355605723842636e-17
vt -0.004986572545021772 -0.04943576455116272
vt -0.01791411079466343 -0.00394548149779439
vt 4.450589656829834 0.0
vt 2.6179938316345215 0.0003000000142492354
vt 5.759586334228516 -0.03375000134110451
vt -0.005285640712827444 -0.0031999999191612005
vt 4.71238899230957 2.8800551891326904
vt 1.0471975803375244 -0.0005000000237487257
vt 1.3089969158172607 2.802596928649634e-45
vt 2.0941848754882812 0.0020000000949949026
vt 0.4487989544868469 -0.5235987901687622
vt 5.759586334228516 0.019099999219179153
vt 1.9525871276855469 -0.7853981852531433
vt 0.2617993950843811 0.5235987901687622
vt 0.0009009813074953854 -0.001102088252082467
vt 0.0005709895631298423 0.003959036432206631
vt 3.0417797565460205 0.0
vt 0.0026545890141278505 -0.0014892681501805782
vt 5.235987663269043 -0.4487989544868469
vt 6.2831854820251465 0.035557374358177185
vt 1.346396803855896 -0.034771449863910675
vt 4.974188327789307 -1.5707963705062866
vt 1.5707963705062866 0.025200000032782555
vt 4.188790321350098 -0.0272000003606081
vt 2.454369306564331 1.121997356414795
vt -0.004714359529316425 0.04081999883055687
vt 6.544984817504883 1.3010426069826053e-18
vt 3.4033920764923096 1.3010426069826053e-18
vt 1.0471975803375244 -0.02500000037252903
vt 0.7853981852531433 0.5235987901687622
vt 0.673198401927948 0.0
vt 2.6179938316345215 1.0733601507606494e-17
vt 0.0016263455618172884 -0.0011236544232815504
vt 3.665191411972046 -0.0320499986410141
vt 1.832595705986023 1.3010426069826053e-18
vt -0.00819421373307705 0.050361551344394684
vt 1.7016960382461548 -0.0005773502634838223
vt 6.183372497558594 5.782411445417199e-15
vt 5.135923862457275 -0.05844999849796295
vt 0.4487989544868469 1.5707963705062866
vt 4.71238899230957 -0.5233886241912842
vt 0.0005151568329893053 -1.9790042642853223e-05
vt 4.05789041519165 -2.6179938316345215
vt -0.02135266177356243 -0.006995076313614845
vt 0.0059316582046449184 -0.009151031263172626
vt 0.009071281179785728 0.0038999998942017555
vt 6.02138614654541 -0.8975979089736938
vt -0.02868536114692688 -0.009589594788849354
vt -0.009707175195217133 -0.009648087434470654
vt 3.9269907474517822 -5.041540102057596e-18
vt 6.02138614654541 0.5235987901687622
vt 4.974188327789307 -0.0272000003606081
vt -0.0024500000290572643 0.0
vt 0.008885640650987625 0.049720000475645065
vt 0.0044999998062849045 -0.002227407181635499
vt 0.5235987901687622 -0.03375000134110451
vt -0.000595283810980618 -0.0005283706123009324
vt -0.0022335227113217115 0.0010069143027067184
vt -0.0009735483326949179 -0.0001780933962436393
vt -0.0006341066327877343 -0.0023665183689445257
vt 2.094395160675049 0.022700000554323196
vt 3.9269907474517822 -0.002199999988079071
vt 5.759586334228516 0.008100000210106373
vt 6.544984817504883 1.0471975803375244
vt 4.05789041519165 2.4683942794799805
vt 6.02138614654541 0.035557374358177185
vt 0.001500000013038516 -0.0011547005269676447
vt -0.03370309993624687 -0.018038427457213402
vt 2.7488934993743896 -0.0005773502634838223
vt 0.0 0.047520000487565994
vt -0.005433858372271061 0.01081122923642397
vt -0.014795487746596336 -0.04453565925359726
vt 3.2848293781280518 -0.002199999988079071
vt 4.450589656829834 0.015832317993044853
vt 6.2831854820251465 -0.002199999988079071
vt -0.002125580795109272 -0.0021786850411444902
vt -0.045236580073833466 0.001245830557309091
vt 3.665191411972046 -2.3852447794681098e-18
vt 2.463088377870201e-15 0.7853981852531433
vt 5.759586334228516 -9.999999747378752e-05
vt 1.1999138593673706 1.346396803855896
vt -0.00027471708017401397 -1.3756129192188382e-05
vt -0.015505199320614338 -0.03857778385281563
vt 1.5707963705062866 1.121997356414795
vt 0.0033261459320783615 -0.0020461557433009148
vt 6.2831854820251465 0.032557372003793716
vt 1.0471975803375244 -0.00800000037997961
vt 4.188790321350098 -0.02500000037252903
vt 6.2831854820251465 -0.019200000911951065
vt 0.8975979089736938 0.0
vt 0.010412528179585934 -0.006154248025268316
vt 1.7016960382461548 -0.2617993950843811
vt 4.450589656829834 1.3010426069826053e-18
vt 4.494222640991211 -1.832595705986023
vt 5.497786998748779 1.3010426069826053e-18
vt 0.004133360926061869 0.002756555564701557
vt 0.2615375518798828 8.294146619514109e-18
vt 4.581489086151123 -0.0005773502634838223
vt -0.006934252567589283 -0.006771779153496027
vt -0.012792995199561119 -0.0434122271835804
vt -0.01047177892178297 0.009390962310135365
vt 1.0471975803375244 0.02402881719172001
vt 8.639379501342773 0.010999999940395355
vt 3.1415927410125732 1.3092588186264038
vt -0.09079253673553467 -0.009717230685055256
vt -0.035178959369659424 0.00517469784244895
vt 4.974188327789307 -0.8975979089736938
vt 2.923426389694214 -1.1364126822411769e-25
vt 3.1415927410125732 -0.0020843343809247017
vt 0.005396307911723852 0.007767654024064541
vt 4.71238899230957 2.0195953845977783
vt 2.7052602767944336 0.2615375518798828
vt 5.921321868896484 -0.05844999849796295
vt 6.02138614654541 -0.03375000134110451
vt 1.9525871276855469 -0.5235987901687622
vt -1.5707963705062866 0.000800000037997961
vt 6.2831854820251465 0.019099999219179153
vt 1.3092588186264038 -1.2584928516286546e-25
vt -0.009312311187386513 -0.025200000032782555
vt 5.759586334228516 -0.00019999999494757503
vt 0.0014308302197605371 -0.0019887746311724186
vt 0.0007664529839530587 0.0032592809293419123
vt 1.4193538427352905 0.022700000554323196
vt -0.0073543451726436615 -0.050992392003536224
vt 2.094395160675049 -0.00019999999494757503
vt 0.8975979089736938 1.5707963705062866
vt 0.6981316804885864 -1.1216031312942505
vt 3.9269907474517822 1.6069783194858586e-25
vt 1.5707963705062866 -9.999999747378752e-05
vt 2.2034780979156494 -1.7090779979987689e-25
vt 2.0195953845977783 0.0020000000949949026
vt 0.2617993950843811 8.570530891709706e-29
vt -0.031567320227622986 0.00920037180185318
vt 5.497786998748779 -0.0320499986410141
vt 0.0040506054647266865 0.003319484181702137
vt 5.697499752044678 0.008100000210106373
vt 0.04090806469321251 -0.0065273260697722435
vt 0.04336123913526535 0.006253747269511223
vt 3.665191411972046 -0.0272000003606081
vt 3.4033920764923096 -1.5707963705062866
vt 0.0 -0.02500000037252903
vt 0.009031371213495731 0.005031371023505926
vt 5.148721218109131 0.0020000000949949026
vt -0.0017818561755120754 -0.0008895588689483702
vt -0.0038432900328189135 -0.004399999976158142
vt 1.0471975803375244 0.047520000487565994
vt 4.4508514404296875 0.00648915208876133
vt 3.1415927410125732 0.025200000032782555
vt 4.974188327789307 1.3010426069826053e-18
vt -0.03962000086903572 -0.019099999219179153
vt 4.71238899230957 -0.02500000037252903
vt 6.2831854820251465 9.999999747378752e-05
vt 4.863831520080566 -1.5707963705062866
vt 0.005076989997178316 0.00833683181554079
vt 4.855625629425049 -0.0272000003606081
vt 0.8975979089736938 -0.010082819499075413
vt 0.008256033062934875 -0.005459884647279978
vt 5.235987663269043 -0.0272000003606081
vt -1.832595705986023 0.0
vt -0.001604985329322517 0.010826165787875652
vt 0.025200000032782555 -0.00648915208876133
vt 2.356194496154785 0.025200000032782555
vt -0.002121762139722705 -0.0012250000145286322
vt -0.008568628691136837 -0.002531370846554637
vt -0.004297398496419191 -0.002095811767503619
vt 4.974188327789307 0.2617993950843811
vt -0.008010119199752808 -0.010951031930744648
vt 0.4487989544868469 0.0
vt -0.08721949905157089 -0.005535918287932873
vt 3.4033920764923096 9.999999747378752e-05
vt -0.014036573469638824 -0.04434231296181679
vt -0.000595283810980618 -0.004971629474312067
vt 3.4033920764923096 -0.0272000003606081
vt 0.2617993950843811 1.1210387714598537e-44
vt 1.047407627105713 -0.02008282020688057
vt 2.24399471282959 0.0020000000949949026
vt 1.832595705986023 0.000800000037997961
vt 1.346396803855896 -0.010082819499075413
vt 2.454369306564331 -0.5235987901687622
vt 0.019200000911951065 -1.6710785681942727e-27
vt -0.017340997233986855 -0.04490351676940918
vt 0.0 -0.011976709589362144
vt 2.7052602767944336 -0.2617993950843811
vt 1.5705451965332031 -0.05844999849796295
vt 0.03431287035346031 -0.002830918412655592
vt 6.02138614654541 1.3089969158172607
vt 3.1415927410125732 0.4487989544868469
vt 6.2831854820251465 -0.0320499986410141
vt 0.8975979089736938 -1.3089969158172607
vt 3.4033920764923096 0.0003000000142492354
vt -0.0052999998442828655 0.05030564218759537
vt 0.042236294597387314 0.005279337987303734
vt 1.346396803855896 -0.027809027582406998
vt -0.0006525812787003815 8.051290933508426e-06
vt -0.051342420279979706 -0.00800000037997961
vt 3.8271780014038086 5.782411445417199e-15
vt 3.4033920764923096 0.0024999999441206455
vt 4.560946464538574 0.025200000032782555
vt -0.0012488216161727905 0.0008796465117484331
vt 3.9269907474517822 7.57608358530954e-29
vt -0.005499999970197678 -0.00139999995008111
vt 0.0 0.0011547005269676447
vt -0.0182499997317791 0.024071281775832176
vt 2.7052602767944336 0.5233886241912842
vt 2.356194496154785 -0.0003000000142492354
vt -2.0130582925048657e-06 -0.005453336983919144
vt 1.0471975803375244 1.0471975803375244
vt 0.5235987901687622 0.2617993950843811
vt -0.0015682318480685353 0.007847186177968979
vt 0.002121762139722705 0.0012250000145286322
vt -0.006000000052154064 0.028928719460964203
vt 1.0471975803375244 -9.999999747378752e-05
vt 5.235987663269043 9.999999747378752e-05
vt 0.004399999976158142 -0.00648915208876133
vt 0.22439947724342346 -1.6069783194858586e-25
vt 0.043624620884656906 0.0035925409756600857
vt -0.025200000032782555 -9.359436358134806e-27
vt 2.879793167114258 1.3089969158172607
vt 0.0007137369248084724 -0.004948795773088932
vt 0.6981316804885864 -0.22479204833507538
vt -0.003108542412519455 -0.010371931828558445
vt 3.83972430229187 -2.356194496154785
vt 1.3089969158172607 -0.0003000000142492354
vt 8.682494323470047e-27 0.03305737301707268
vt 1.439896583557129 0.0020000000949949026
vt 0.5235987901687622 9.999999747378752e-05
vt 3.1415927410125732 -0.019200000911951065
vt -0.009312311187386513 -0.0020000000949949026
vt 4.450589656829834 0.2617993950843811
vt -0.0044999998062849045 0.04162000119686127
vt -0.02920490875840187 -0.012388797476887703
vt 3.1415927410125732 0.04380989074707031
vt 2.2034780979156494 -1.5707963705062866
vt 0.0007569016888737679 -0.005259988829493523
vt 1.5707963705062866 -1.071316466788007e-28
vt -0.04387267306447029 0.007944063283503056
vt 1.7222387790679932 1.346396803855896
vt 0.022700000554323196 -2.2817558534862288e-28
vt 1.5707963705062866 1.3089969158172607
vt 0.045236580073833466 0.001245830557309091
vt -0.008941549807786942 0.04961421340703964
vt -0.025556353852152824 -0.006773684173822403
vt -0.007041447330266237 0.006790575571358204
vt -0.00037471685209311545 -0.0007482829969376326
vt 1.0471975803375244 0.044557373970746994
vt 5.609986782073975 0.0005000000237487257
vt 2.879793167114258 -0.00800000037997961
vt 4.450589656829834 -0.00019999999494757503
vt 3.4033920764923096 1.0471975803375244
vt 0.0002853858459275216 0.0017254938138648868
vt -0.007600000128149986 0.02850000001490116
vt 1.5707963705062866 -0.0020843343809247017
vt 2.879793167114258 -0.0003000000142492354
vt 0.7853981852531433 -0.010082819499075413
vt -2.6645352591003757e-15 0.032557372003793716
vt -0.018038427457213402 0.013816899619996548
vt 4.71238899230957 6.507633624502511e-29
vt 4.612576007843018 5.782411445417199e-15
vt 2.6177427768707275 -0.05844999849796295
vt -0.021199999377131462 0.028928719460964203
vt -0.0015462561277672648 0.0019644571002572775
vt 5.497786998748779 -0.00019999999494757503
vt 1.121997356414795 -1.3089969158172607
vt -0.013415069319307804 -0.019740963354706764
vt 1.9525871276855469 -1.5707963705062866
vt 0.0 9.999999747378752e-05
vt 6.4424760200323635e-27 0.02452881820499897
vt 0.038216978311538696 0.004596230108290911
vt 6.02138614654541 -0.02500000037252903
vt 1.9525871276855469 1.121997356414795
vt 5.235987663269043 -0.8975979089736938
vt 2.6179938316345215 0.0044999998062849045
vt 5.759586334228516 -0.0320499986410141
vt -0.031662505120038986 0.01204307097941637
vt 3.1415927410125732 1.734723475976807e-18
vt 0.7853981852531433 -0.0272000003606081
vt -0.0038044166285544634 -0.04667849838733673
vt 1.9525871276855469 -1.0471975803375244
vt 2.1925699710845947 0.0020000000949949026
vt 0.002599884755909443 0.00103951885830611
vt -0.004256569780409336 -0.0014919996028766036
vt 0.0017318067839369178 0.0022001920733600855
vt -0.2617993950843811 1.3089969158172607
vt 3.1415927410125732 0.02452881820499897
vt 0.2617993950843811 0.0
vt -0.01054999977350235 0.02449999935925007
vt 4.71238899230957 9.999999747378752e-05
vt 1.121997356414795 -0.027809027582406998
vt -0.0008252872503362596 0.00028286667657084763
vt 6.02138614654541 2.802596928649634e-45
vt 1.5707963705062866 -1.6069783194858586e-25
vt 5.759586334228516 9.999999747378752e-05
vt -0.04301048442721367 0.015296281315386295
vt 8.377580642700195 0.010999999940395355
vt -0.007499999832361937 -0.0005000000237487257
vt 1.832595705986023 2.2159139597613595e-17
vt 6.544984817504883 0.2617993950843811
vt 6.02138614654541 0.04305737093091011
vt 0.7853981852531433 0.7853981852531433
vt 0.22439947724342346 -0.010082819499075413
vt 2.8800551891326904 -0.0020843343809247017
vt 6.282934188842773 -0.05844999849796295
vt 3.9269907474517822 -0.7853981852531433
vt 4.71238899230957 0.02402881719172001
vt 1.346396803855896 -0.008478607051074505
vt -0.0022422485053539276 -0.001676997751928866
vt 4.450589656829834 -0.0003000000142492354
vt 1.439896583557129 0.00800000037997961
vt 3.4033920764923096 0.035557374358177185
vt 4.71238899230957 -2.692793607711792
vt 0.00027471708017401397 0.002736243885010481
vt -0.0015029420610517263 0.0008198875002563
vt 1.3089969158172607 1.0471975803375244
vt -0.033817991614341736 -0.0029022919479757547
vt 3.1415927410125732 -0.00019999999494757503
vt 2.356194496154785 -0.002199999988079071
vt 4.974188327789307 0.0003000000142492354
vt 0.7853981852531433 -2.358139725155972e-18
vt 3.9269907474517822 -0.05674999952316284
vt 3.664940357208252 -0.05844999849796295
vt -0.01863137073814869 -0.0035313707776367664
vt 0.008631285279989243 -0.010269253514707088
vt 3.1415927410125732 -0.2617993950843811
vt -0.043165646493434906 -0.0051222676411271095
vt 0.025200000032782555 -0.0024999999441206455
vt 3.4033920764923096 1.6069783194858586e-25
vt 2.463088377870201e-15 -0.5235987901687622
vt 0.006099999882280827 0.04555737227201462
vt 0.6981316804885864 0.0
vt -0.01812928169965744 -0.04191157594323158
vt 0.8975979089736938 -0.008478607051074505
vt 0.007914110086858273 0.050465479493141174
vt 2.6179938316345215 2.802596928649634e-45
vt 0.2617993950843811 -0.0024999999441206455
vt 0.008314110338687897 0.005445481278002262
vt 5.497786998748779 -1.346396803855896
vt 1.3089969158172607 -0.002199999988079071
vt 0.0 0.2617993950843811
vt 1.1999138593673706 1.5707963705062866
vt 4.263195991516113 0.009312311187386513
vt 0.2617993950843811 0.0003000000142492354
vt -0.01867128163576126 0.007899999618530273
vt 0.005285640712827444 -0.0031999999191612005
vt -0.036867473274469376 -0.00690351752564311
vt 5.650688648223877 0.04534353315830231
vt 1.5707963705062866 -1.3089969158172607
vt -0.008638863451778889 -0.049390703439712524
vt 4.188790321350098 -5.041540102057596e-18
vt -2.042810365310288e-14 -1.84033541504574e-17
vt -0.019850000739097595 0.016699999570846558
vt 3.83972430229187 -2.019989490509033
vt 2.6179938316345215 -0.02500000037252903
vt -0.021900000050663948 0.040234360843896866
vt 2.1925699710845947 0.00800000037997961
vt 3.1415927410125732 0.0
vt 3.5903916358947754 -5.9631119486702744e-18
vt 1.9525871276855469 -1.3089969158172607
vt 3.1415927410125732 0.0020843343809247017
vt 0.0 0.0024500000290572643
vt 0.04501518979668617 -0.00295786140486598
vt 5.759586334228516 0.02402881719172001
vt -0.09803478419780731 -0.00352854048833251
vt -0.0006743593257851899 0.0009373221546411514
vt 1.832595705986023 0.0
vt 5.579236030578613 0.04555737227201462
vt 0.7853981852531433 -0.0024999999441206455
vt 1.832595705986023 0.0020843343809247017
vt 0.2617993950843811 -0.03355737403035164
vt 5.834386348724365 0.032557372003793716
vt 1.5707963705062866 -0.05674999952316284
vt 4.450589656829834 -1.3089969158172607
vt 0.7853981852531433 -0.03355737403035164
vt 1.121997356414795 -0.010082819499075413
vt 1.7222387790679932 -0.7853981852531433
vt 0.5235987901687622 -0.03305737301707268
vt 5.834386348724365 0.03355737403035164
vt 2.2034780979156494 0.4487989544868469
vt 3.9269907474517822 -0.0272000003606081
vt 1.0471975803375244 0.0003000000142492354
vt -0.019540440291166306 -0.015531727112829685
vt 4.450589656829834 0.02452881820499897
vt 1.121997356414795 0.0
vt 8.131516293641283e-15 0.02452881820499897
vt 1.9525871276855469 -1.7090779979987689e-25
vt 5.0152740478515625 -1.8323339223861694
vt 5.759586334228516 -0.0272000003606081
vt 3.665191411972046 0.009999999776482582
vt 5.759586334228516 -0.019200000911951065
vt -0.002117529511451721 -0.002831266261637211
vt 3.665191411972046 -4.035750689130103e-29
vt -0.008287258446216583 0.02356274239718914
vt 1.346396803855896 -0.7853981852531433
vt -0.00015901522419881076 -0.008049709722399712
vt 4.71238899230957 -0.2615375518798828
vt 1.5707963705062866 8.570530891709706e-29
vt 0.011010119691491127 -0.007951031439006329
vt 0.7853981852531433 -0.03305737301707268
vt -0.03393976762890816 -0.017362067475914955
vt 1.8736811876296997 0.0
vt 0.0038999998942017555 -0.0005000000237487257
vt -2.879793167114258 2.802596928649634e-45
vt 2.356194496154785 9.999999747378752e-05
vt 5.497786998748779 1.1210387714598537e-44
vt 0.8975979089736938 -0.2617993950843811
vt 0.002297720406204462 0.0009851297363638878
vt 4.450589656829834 -0.7853981852531433
vt 3.4033920764923096 7.57608358530954e-29
vt 6.058785915374756 0.032557372003793716
vt 0.7853981852531433 0.0
vt 1.1308986677731984e-26 0.04305737093091011
vt 5.385587215423584 0.03355737403035164
vt -0.009721779264509678 0.024390961974859238
vt 1.7222387790679932 0.22439947724342346
vt 1.9525871276855469 0.0
vt -0.01218106597661972 -0.04198496416211128
vt 2.923426389694214 -1.3089969158172607
vt -0.00849758367985487 0.050170931965112686
vt -0.005224528722465038 -0.009064801968634129
vt -0.0044999998062849045 0.048920001834630966
vt 0.00800000037997961 -0.006177578587085009
vt 0.9381144642829895 0.025200000032782555
vt -0.025200000032782555 0.047520000487565994
vt 2.6179938316345215 1.3089969158172607
vt 3.1415927410125732 0.009312311187386513
vt -0.01665000058710575 0.013500000350177288
vt -0.010916358791291714 -0.04200248420238495
vt 5.0152740478515625 -2.0195953845977783
vt 5.0152740478515625 -2.9171931743621826
vt 4.974188327789307 -0.00019999999494757503
vt 4.560946464538574 0.004399999976158142
vt 3.9269907474517822 -0.02500000037252903
vt 5.161188125610352 0.0005000000237487257
vt 0.0 2.8650042407929455e-17
vt -2.6645352591003757e-15 1.1364126822411769e-25
vt 8.639379501342773 0.009999999776482582
vt 3.3659920692443848 0.032557372003793716
vt -0.007350000087171793 0.021299999207258224
vt 3.4033920764923096 0.0020000000949949026
vt 3.3659920692443848 0.00648915208876133
vt 0.7853981852531433 0.047520000487565994
vt 5.759586334228516 2.2159139597613595e-17
vt 3.665191411972046 1.0471975803375244
vt 1.832595705986023 9.999999747378752e-05
vt 0.0029498508665710688 -0.0015839006518945098
vt 5.834386348724365 0.03305737301707268
vt 5.609986782073975 0.03305737301707268
vt 1.5707963705062866 -0.0003000000142492354
vt 4.974188327789307 -1.346396803855896
vt 4.05789041519165 -0.0005773502634838223
vt 1.5707963705062866 1.1210387714598537e-44
vt -0.008010119199752808 -0.0055510313250124454
vt 0.002749999985098839 -0.002749999985098839
vt -0.2617993950843811 0.5235987901687622
vt 5.497786998748779 2.802596928649634e-45
vt 6.2831854820251465 -0.05674999952316284
vt -0.017907608300447464 -0.04037456586956978
vt 1.121997356414795 -0.008478607051074505
vt 2.225294828414917 -0.0005773502634838223
vt -0.007138211280107498 -0.044054415076971054
vt 3.665191411972046 -1.071316466788007e-28
vt 0.0007851106347516179 -0.005443675443530083
vt 4.450589656829834 0.009312311187386513
vt 0.0033358074724674225 -0.0028292532078921795
vt 0.009872714057564735 0.008908105082809925
vt -0.2617993950843811 -0.0272000003606081
vt 5.697499752044678 0.019099999219179153
vt -0.04188618063926697 -0.005773772485554218
vt 4.974188327789307 0.010999999940395355
vt 0.002064179629087448 0.0038443205412477255
vt -2.094395160675049 -0.002199999988079071
vt 5.385587215423584 0.0005000000237487257
vt -0.021514110267162323 0.04007451981306076
vt 6.2831854820251465 -0.2615375518798828
vt 1.121997356414795 0.7853981852531433
vt 0.7853981852531433 -0.00800000037997961
vt 4.974188327789307 -1.121997356414795
vt -0.019099999219179153 0.006300000008195639
vt 4.05789041519165 2.0195953845977783
vt 0.0011404509423300624 -0.004476405680179596
vt 0.13089969754219055 -0.0005773502634838223
vt 2.923426389694214 -1.0471975803375244
vt 1.0471975803375244 1.3010426069826053e-18
vt 0.00928564090281725 0.004699999932199717
vt 2.890937089920044 0.035557374358177185
vt -0.008944571949541569 0.011229430325329304
vt -0.0016060338821262121 -0.0005177018465474248
vt 4.71238899230957 -1.121997356414795
vt 1.5707963705062866 2.802596928649634e-45
vt -0.0008673431002534926 0.0022913350258022547
vt 1.0471975803375244 -0.0024999999441206455
vt 0.673198401927948 -0.0019894554279744625
vt 1.3089969158172607 -0.02500000037252903
vt 5.497786998748779 0.0020000000949949026
vt 2.923426389694214 -1.5707963705062866
vt -0.0001619751419639215 -0.00027638243045657873
vt -0.004671511240303516 -0.004509037360548973
vt -0.0926271453499794 -0.010032229125499725
vt 2.094395160675049 0.5235987901687622
vt 1.9525871276855469 0.673198401927948
vt -0.0024003961589187384 -0.0036565535701811314
vt 1.7327828407287598 5.782411445417199e-15
vt 4.27605676651001 1.5707963705062866
vt 3.4033920764923096 -5.041540102057596e-18
vt 3.303579092025757 5.782411445417199e-15
vt 4.93055534362793 0.019850000739097595
vt 4.863831520080566 -2.24399471282959
vt 0.00020701525500044227 0.0011302100028842688
vt 4.71238899230957 0.009999999776482582
vt -0.044232893735170364 -0.0041618128307163715
vt -2.094395160675049 2.802596928649634e-45
vt -0.002780343173071742 -0.0003311983891762793
vt 0.007499999832361937 -0.0005000000237487257
vt 2.6179938316345215 -0.03375000134110451
vt 2.879793167114258 0.022700000554323196
vt 0.4487989544868469 -0.04555737227201462
vt 1.1999138593673706 0.673198401927948
vt 0.001676997751928866 -0.0022422485053539276
vt -0.041959792375564575 0.010699219070374966
vt 5.759586334228516 -0.673198401927948
vt 4.188790321350098 2.929513409787996e-17
vt 0.7853981852531433 0.02402881719172001
vt 0.5235987901687622 0.000800000037997961
vt 3.665191411972046 0.02402881719172001
vt 0.009880765341222286 0.00956068653613329
vt 5.834386348724365 8.570532095415921e-29
vt 4.494222640991211 -2.6179938316345215
vt 2.463088377870201e-15 1.3089969158172607
vt 5.759586334228516 -1.346396803855896
vt 0.004923917818814516 0.009621841832995415
vt -0.00015901522419881076 -0.01915029063820839
vt 0.2617993950843811 1.3089969158172607
vt -0.03551808372139931 -0.003702837508171797
vt 2.356194496154785 0.044557373970746994
vt -0.0038999998942017555 2.2656863103152428e-20
vt 2.356194496154785 0.5235987901687622
vt 0.005445481278002262 -0.002814110368490219
vt 5.235987663269043 0.025200000032782555
vt 5.497786998748779 0.010999999940395355
vt 1.121997356414795 -0.5235987901687622
vt 4.450589656829834 0.010999999940395355
vt 4.188790321350098 0.02452881820499897
vt -0.0027592775877565145 -0.004271181300282478
vt 6.2831854820251465 -1.121997356414795
vt 1.5707963705062866 1.071316466788007e-28
vt -1.3089969158172607 0.000800000037997961
vt 0.004498873837292194 -1.9790042642853223e-05
vt -2.220446049250313e-14 0.0443718321621418
vt 0.010410119779407978 -0.007951031439006329
vt -0.7853981852531433 2.802596928649634e-45
vt -0.018680719658732414 -0.04343726485967636
vt 6.54473352432251 -0.05844999849796295
vt 1.3089969158172607 -0.0272000003606081
vt 2.454369306564331 -1.0471975803375244
vt 0.0005773502634838223 0.0010000000474974513
vt 2.454369306564331 -1.7090779979987689e-25
vt -0.014243289828300476 -0.007350000087171793
vt 3.1415927410125732 0.03305737301707268
vt 1.5707963705062866 0.7853981852531433
vt -0.008154518902301788 -0.0018141104374080896
vt 3.1415927410125732 0.026028817519545555
vt 0.031567320227622986 0.00920037180185318
vt 2.6179938316345215 0.5235987901687622
vt -0.03289114683866501 -0.019089335575699806
vt 0.010795709677040577 -0.006837261375039816
vt 2.6179938316345215 0.044557373970746994
vt -0.010979397222399712 -0.008379274047911167
vt 4.560946464538574 0.0020000000949949026
vt 2.2034780979156494 1.5707963705062866
vt 5.759586334228516 1.5707963705062866
vt 0.4487989544868469 -0.025459138676524162
vt -0.0016263455618172884 -0.004376345779746771
vt 4.409503936767578 0.02280000038444996
vt 2.692793607711792 0.0020000000949949026
vt 7.0685834884643555 0.009999999776482582
vt 4.450589656829834 0.7853981852531433
vt 3.9269907474517822 1.5707963705062866
vt 3.4033920764923096 -4.035750689130103e-29
vt 5.0152740478515625 2.692793607711792
vt -0.0005159927532076836 0.0006588563555851579
vt -0.018162742257118225 0.008562741801142693
vt 1.0471975803375244 -0.03375000134110451
vt 0.0020455406047403812 -0.0006776145892217755
vt 0.033823344856500626 0.0040659853257238865
vt 0.043337561190128326 -0.005608963780105114
vt -0.022700000554323196 0.041519999504089355
vt 2.356194496154785 1.0733601507606494e-17
vt 3.83972430229187 2.692793607711792
vt 1.5707963705062866 2.2159139597613595e-17
vt 4.71238899230957 0.019850000739097595
vt -0.018536752089858055 -0.0101240836083889
vt -0.0014308302197605371 0.0019887746311724186
vt 2.5397117137908936 0.000800000037997961
vt 3.4033920764923096 0.010999999940395355
vt -0.00918576493859291 -0.04883013665676117
vt 1.5707963705062866 -1.0289078616887437e-16
vt 0.9490227699279785 -0.5235987901687622
vt 0.00904548168182373 0.05033411085605621
vt -1.5707963705062866 0.0
vt 0.0044999998062849045 -4.523304669376593e-29
vt 2.923426389694214 0.673198401927948
vt 1.346396803855896 -0.044557373970746994
vt -0.5235987901687622 2.802596928649634e-45
vt 0.5235987901687622 -0.00800000037997961
vt 5.759586334228516 1.0471975803375244
vt 3.1415927410125732 0.02402881719172001
vt 3.9269907474517822 1.3089969158172607
vt 1.5707963705062866 0.0020000000949949026
vt 0.00681011937558651 -0.005872570443898439
vt -0.0022216294892132282 -0.0021547162905335426
vt 1.3089969158172607 -0.05674999952316284
vt 1.1561068117856312e-18 0.02402881719172001
vt -0.017500000074505806 -0.004000000189989805
vt 3.9269907474517822 1.0471975803375244
vt 3.2724924087524414 -0.0005773502634838223
vt 1.9525871276855469 1.5707963705062866
vt 0.0052432590164244175 0.0008554928936064243
vt 4.71238899230957 -0.4487989544868469
vt -0.04188935458660126 0.016390085220336914
vt 1.5707963705062866 -0.04555737227201462
vt 3.5903916358947754 0.047520000487565994
vt 2.2561304569244385 -0.05844999849796295
vt -0.00510059529915452 0.010250103659927845
vt 0.9490227699279785 1.346396803855896
vt 1.3087458610534668 -0.05844999849796295
vt -0.009059884585440159 0.04927603527903557
vt -0.005601199809461832 -0.04427609220147133
vt 2.517929792404175 -0.05844999849796295
vt 2.9171931743621826 0.025200000032782555
vt 0.04472345486283302 0.0034191710874438286
vt -0.0021027526818215847 0.00644415570423007
vt 3.7740890979766846 0.04534353315830231
vt 0.0020000000949949026 -0.009999999776482582
vt 1.832595705986023 0.02402881719172001
vt 0.4487989544868469 -0.0019894554279744625
vt 0.6981316804885864 0.8975979089736938
vt -0.00455451849848032 0.04933410882949829
vt 4.039190769195557 0.032557372003793716
vt -0.00047456510947085917 -0.001052673440426588
vt 5.235987663269043 -0.00800000037997961
vt -0.019150039181113243 -0.04150737449526787
vt 5.497786998748779 0.025200000032782555
vt 0.012000000104308128 0.04305737093091011
vt 0.043356284499168396 0.0010164210107177496
vt 2.879793167114258 -0.05674999952316284
vt 4.71238899230957 -0.03375000134110451
vt 0.22439947724342346 -0.027809027582406998
vt 1.5707963705062866 9.999999747378752e-05
vt -0.010328341275453568 -0.008572197519242764
vt 5.397974014282227 5.782411445417199e-15
vt 6.02138614654541 0.019099999219179153
vt 4.71238899230957 -7.57608358530954e-29
vt 0.2617993950843811 -0.0005000000237487257
vt 0.673198401927948 0.2617993950843811
vt -0.0014399148058146238 -0.004876806866377592
vt 4.48798942565918 0.032557372003793716
vt 2.4683942794799805 0.025200000032782555
vt -0.0056077102199196815 -0.009747814387083054
vt 0.0358702689409256 0.0029842706862837076
vt -0.006146327126771212 -0.042616430670022964
vt -0.007043289951980114 -0.007600000128149986
vt -0.002678194083273411 -0.003402539761736989
vt 0.0351700484752655 0.0048658172599971294
vt 6.695728103999507e-26 -0.0024999999441206455
vt 0.010367467999458313 -0.009806538932025433
vt 0.009390962310135365 -0.0031282210256904364
vt 1.5707963705062866 1.0471975803375244
vt 0.0019887746311724186 0.0014308302197605371
vt 0.4487989544868469 -0.044557373970746994
vt 0.0012250000145286322 0.002121762139722705
vt 4.974188327789307 -0.02500000037252903
vt -0.022690963000059128 0.03087177872657776
vt -0.002321325708180666 0.0009281418169848621
vt 3.1415927410125732 1.3089969158172607
vt 9.162978172302246 0.009999999776482582
vt 0.5235987901687622 -9.999999747378752e-05
vt -0.008100000210106373 -0.00139999995008111
vt -0.0011033453047275543 -0.002573446836322546
vt 4.71238899230957 -0.002199999988079071
vt 2.356194496154785 0.2617993950843811
vt 4.450589656829834 -0.0320499986410141
vt 1.2854452098648687e-28 0.023528818041086197
vt 4.450589656829834 1.1210387714598537e-44
vt 5.148721218109131 0.025200000032782555
vt 5.235987663269043 1.0471975803375244
vt -0.0023665183689445257 0.0006341066327877343
vt 0.673198401927948 -0.5235987901687622
vt 4.27605676651001 -2.356194496154785
vt 4.188790321350098 -1.0471975803375244
vt 3.4033920764923096 -9.999999747378752e-05
vt 1.3089969158172607 0.2617993950843811
vt -0.010999999940395355 0.0026833752635866404
vt 0.0030453873332589865 0.003602168057113886
vt 4.188790321350098 -0.7853981852531433
vt 1.1999138593673706 0.0
vt 1.832595705986023 0.04305737093091011
vt 2.6179938316345215 -0.00800000037997961
vt 1.3092588186264038 -0.011976709589362144
vt -0.0002791492152027786 -0.00811066571623087
vt 3.727278232574463 0.022700000554323196
vt -0.0020000000949949026 0.047520000487565994
vt 3.665191411972046 0.04305737093091011
vt 3.9269907474517822 -0.0003000000142492354
vt -0.0011500000255182385 -0.0007581415702588856
vt 0.010989058762788773 -0.007596176117658615
vt -0.00681011937558651 -0.010029492899775505
vt 5.235987663269043 -0.03375000134110451
vt 6.2831854820251465 0.0020000000949949026
vt 4.450589656829834 1.3089969158172607
vt 5.497786998748779 1.3089969158172607
vt 3.5903916358947754 -0.0024999999441206455
vt 4.71238899230957 -2.244152784347534
vt 6.2831854820251465 -9.999999747378752e-05
vt 0.7853981852531433 -0.0003000000142492354
vt 0.0348665788769722 -0.002423372818157077
vt 0.4487989544868469 -0.034771449863910675
vt -0.0392058901488781 -0.008154518902301788
vt -0.0052999998442828655 0.040234360843896866
vt 5.759586334228516 -0.002199999988079071
vt -0.011472009122371674 -0.008949999697506428
vt 0.0015682318480685353 0.007847186177968979
vt 3.83972430229187 -2.468236207962036
vt 2.094395160675049 -0.002199999988079071
vt 7.592182159423828 0.009999999776482582
vt 5.235987663269043 0.04305737093091011
vt 3.403130292892456 -0.0024999999441206455
vt -0.034455619752407074 -0.0038206775207072496
vt -0.019850000739097595 0.021299999207258224
vt -0.019421281293034554 0.02290000021457672
vt 0.039152272045612335 0.005646711681038141
vt 0.2615375518798828 6.822571390880806e-26
vt 3.1415927410125732 1.4040418133687282e-17
vt 5.235987663269043 0.0020000000949949026
vt 0.006446316372603178 0.00011627207277342677
vt 3.4033920764923096 0.04305737093091011
vt 0.0025070153642445803 -0.0038802099879831076
vt -0.005499999970197678 -0.002400000113993883
vt -2.356194496154785 -0.002199999988079071
vt 0.8975979089736938 1.3089969158172607
vt 0.2617993950843811 0.0024999999441206455
vt -0.018758144229650497 -0.014327775686979294
vt 0.5233886241912842 -0.011976709589362144
vt 3.9269907474517822 0.025200000032782555
vt -0.001539024175144732 -0.005231662653386593
vt 0.009100000374019146 0.048920001834630966
vt -0.002300000051036477 -0.002749999985098839
vt 1.121997356414795 -0.034771449863910675
vt 4.863831520080566 1.7951958179473877
vt -0.0005773502634838223 0.0010000000474974513
vt 5.759586334228516 -1.5707963705062866
vt -0.08844582736492157 -0.008105271495878696
vt 0.03647853806614876 -0.004770083352923393
vt 2.923426389694214 -0.7853981852531433
vt 2.7052602767944336 0.0
vt -0.00904548168182373 0.05033411085605621
vt -0.04416292905807495 0.00636937003582716
vt 8.901179313659668 0.010999999940395355
vt 6.02138614654541 0.025200000032782555
vt 0.002736243885010481 -0.0024752828758209944
vt 3.9269907474517822 0.035557374358177185
vt 1.7016960382461548 0.673198401927948
vt 1.346396803855896 1.3089969158172607
vt 4.71238899230957 -9.999999747378752e-05
vt 2.7052602767944336 1.5707963705062866
vt 2.094395160675049 1.3089969158172607
vt 2.923426389694214 0.8975979089736938
vt 1.5707963705062866 0.2617993950843811
vt 0.5235987901687622 0.044557373970746994
vt -0.0349649041891098 0.017166953533887863
vt 6.2831854820251465 -0.4487989544868469
vt 6.2831854820251465 0.5235987901687622
vt -0.04653577506542206 -0.0035155636724084616
vt 5.759586334228516 0.02452881820499897
vt 2.9171931743621826 0.0020000000949949026
vt 3.83972430229187 2.0195953845977783
vt -0.0076940287835896015 0.006782524287700653
vt 0.03904789313673973 -0.005996414925903082
vt 0.0 -9.999999747378752e-05
vt -0.09759075194597244 -0.0021631394047290087
vt 3.9269907474517822 0.02452881820499897
vt 0.0012250000145286322 -0.002121762139722705
vt 0.004807015415281057 0.0011302100028842688
vt 0.002000480191782117 -0.00432990537956357
vt -0.04242067039012909 0.004374837502837181
vt -0.03743930160999298 0.01752382144331932
vt 2.463088377870201e-15 1.0471975803375244
vt 0.2617993950843811 1.0471975803375244
vt 0.0022913350258022547 0.0008673431002534926
vt -0.022718064486980438 -0.006551041733473539
vt 0.2617993950843811 0.047520000487565994
vt 6.058785915374756 0.03305737301707268
vt -0.0023665183689445257 -0.0006341066327877343
vt 4.936788558959961 0.04555737227201462
vt 6.02138614654541 -0.0003000000142492354
vt 4.188790321350098 0.035557374358177185
vt 0.4487989544868469 -0.027809027582406998
vt 0.0024500000290572643 0.0
vt 0.007899999618530273 -0.0050712814554572105
vt 6.2831854820251465 0.010999999940395355
vt 1.4508049488067627 0.673198401927948
vt 0.002300000051036477 -0.002749999985098839
vt 0.0 -0.034771449863910675
vt 0.004247577395290136 -0.0009988609235733747
vt -0.0048799472860991955 -0.05134925991296768
vt -0.009210119023919106 -0.010029492899775505
vt 4.974188327789307 -9.999999747378752e-05
vt -0.002622070489451289 -0.0021195425651967525
vt -0.016264114528894424 -0.0387711301445961
vt -0.0038358173333108425 -0.05136214196681976
vt 5.585053443908691 0.0020000000949949026
vt 1.832595705986023 -0.044557373970746994
vt 0.5235987901687622 0.0003000000142492354
vt 1.3089969158172607 0.0003000000142492354
vt -0.022371280938386917 0.03009999915957451
vt -6.217248937900877e-15 -0.03305737301707268
vt -0.007914110086858273 0.0514654815196991
vt 2.879793167114258 1.3010426069826053e-18
vt -0.09680845588445663 -0.0009591876296326518
vt 3.796091079711914 -0.0005773502634838223
vt 0.011914979666471481 0.0191238671541214
vt 2.2034780979156494 1.346396803855896
vt 0.04587589576840401 -0.0055077397264540195
vt 0.006313063204288483 -0.009648087434470654
vt 1.5707963705062866 -0.034771449863910675
vt 1.7222387790679932 0.673198401927948
vt 1.121997356414795 -0.0019894554279744625
vt 0.009341550059616566 -0.004594213794916868
vt 2.356194496154785 -0.03375000134110451
vt 0.004498873837292194 0.0022802099119871855
vt 2.094395160675049 0.2617993950843811
vt 4.450589656829834 -0.02500000037252903
vt -0.0348665788769722 -0.002423372818157077
vt 4.863831520080566 2.24399471282959
vt 0.005040841642767191 -0.007522789295762777
vt 0.7853981852531433 1.3089969158172607
vt 4.71238899230957 -0.22439947724342346
vt -0.005337258335202932 0.02943725883960724
vt 2.2034780979156494 -0.2617993950843811
vt 5.36688756942749 -0.0005773502634838223
vt 3.665191411972046 -0.0003000000142492354
vt 2.3129647052218217e-15 0.025200000032782555
vt 1.3089969158172607 -0.03375000134110451
vt 2.6179938316345215 -0.05674999952316284
vt 4.450589656829834 0.5235987901687622
vt 0.2617993950843811 -0.019200000911951065
vt 4.974188327789307 0.02452881820499897
vt 1.121997356414795 1.0471975803375244
vt -0.028255248442292213 -0.01507275179028511
vt -0.022700000554323196 0.048920001834630966
vt 5.0152740478515625 -1.5707963705062866
vt 4.188790321350098 0.015832317993044853
vt -0.006099999882280827 0.04002000018954277
vt 4.409503936767578 0.004399999976158142
vt -0.0012250000145286322 -0.002121762139722705
vt 3.5903916358947754 0.04480922594666481
vt 5.759586334228516 1.1364126822411769e-25
vt 0.009459884837269783 -0.004256033338606358
vt -0.0017324115615338087 -0.0017324115615338087
vt -0.00777871860191226 0.02290000021457672
vt -0.00021368569287005812 0.00023866632545832545
vt 0.2615375518798828 -0.027809027582406998
vt 0.001604985329322517 0.010826165787875652
vt -0.018103310838341713 -0.04425486549735069
vt 1.7016960382461548 0.0
vt 0.033851344138383865 0.003871841821819544
vt 1.7222387790679932 -0.2617993950843811
vt 1.9943311214447021 -0.05844999849796295
vt 1.170296107013166e-26 0.044557373970746994
vt 3.1415927410125732 0.0024999999441206455
vt 0.4487989544868469 -1.5707963705062866
vt 3.1415927410125732 0.032557372003793716
vt 0.6981316804885864 0.673198401927948
vt -0.010088580660521984 -0.006751031614840031
vt 0.001991858473047614 -0.0015999999595806003
vt 0.0011547005269676447 9.71445146547012e-17
vt 0.0344175323843956 -0.0070592802949249744
vt 3.6649813652038574 0.047520000487565994
vt -0.006428500171750784 -0.050012294203042984
vt 4.71238899230957 1.3010426069826053e-18
vt 0.007914110086858273 0.0514654815196991
vt 0.007499999832361937 -4.097459290107593e-29
vt 3.665191411972046 0.025200000032782555
vt -0.032704561948776245 0.004817829467356205
vt 0.0025070153642445803 0.003430210053920746
vt 3.4033920764923096 -0.0003000000142492354
vt 4.936788558959961 0.03355737403035164
vt 1.4508049488067627 -0.2617993950843811
vt 0.009499999694526196 0.002300000051036477
vt 4.71238899230957 -1.071316466788007e-28
vt 4.05789041519165 2.24399471282959
vt 4.450589656829834 -3.144186300207963e-18
vt 2.463088377870201e-15 -0.7853981852531433
vt 7.8539814949035645 0.009999999776482582
vt 0.004699999932199717 -0.003785640699788928
vt 0.8975979089736938 1.0471975803375244
vt 1.832595705986023 0.7853981852531433
vt 0.7853981852531433 9.999999747378752e-05
vt 1.2091840505599976 5.782411445417199e-15
vt -0.0020843343809247017 -0.0020000000949949026
vt 0.0022001920733600855 -0.0017318067839369178
vt 1.0842021724855044e-14 -0.044557373970746994
vt 5.161188125610352 0.03305737301707268
vt 0.0008673431002534926 -0.0022913350258022547
vt 5.235987663269043 0.02402881719172001
vt 1.5707963705062866 -1.5707963705062866
vt -0.00738895358517766 -0.010269253514707088
vt 2.454369306564331 0.0
vt 0.9381144642829895 0.00800000037997961
vt 1.5707963705062866 -0.011976709589362144
vt 0.0 -0.019230972975492477
vt 1.4508049488067627 1.346396803855896
vt 0.22439947724342346 -0.7853981852531433
vt 2.4434609413146973 0.019200000911951065
vt 4.71238899230957 -2.4683942794799805
vt -0.0017405622638761997 -0.004879070911556482
vt 6.058785915374756 0.0442517027258873
vt 5.759586334228516 0.2617993950843811
vt 0.0016451391857117414 -0.000977078452706337
vt 0.7853981852531433 -8.881784197001252e-16
vt 0.2617993950843811 9.999999747378752e-05
vt 3.9269907474517822 2.802596928649634e-45
vt 0.005499999970197678 -0.002400000113993883
vt 3.9269907474517822 0.2617993950843811
vt -0.0020455406047403812 -0.0006776145892217755
vt -0.00738895358517766 -0.005632809363305569
vt 1.4508049488067627 -0.7853981852531433
vt 0.00800000037997961 -6.962827527970298e-28
vt -0.038019999861717224 -0.017500000074505806
vt -0.002736243885010481 -0.0030247170943766832
vt 5.759335517883301 -0.05844999849796295
vt 2.454369306564331 1.346396803855896
vt 3.9269907474517822 0.04305737093091011
vt 4.188790321350098 9.999999747378752e-05
vt -0.009762294590473175 -0.04738821089267731
vt 3.1413414478302 -0.05844999849796295
vt 1.5707963705062866 -0.0005000000237487257
vt -0.2617993950843811 2.802596928649634e-45
vt 3.665191411972046 0.035557374358177185
vt 3.1415927410125732 -0.00800000037997961
vt 2.6179938316345215 0.0
vt 2.6179938316345215 0.0020843343809247017
vt 0.0036372251342982054 -0.0013768052449449897
vt 0.5235987901687622 0.02402881719172001
vt 0.22439947724342346 -0.2617993950843811
vt 5.0152740478515625 2.0195953845977783
vt 5.759586334228516 0.04305737093091011
vt 3.83972430229187 2.24399471282959
vt 3.1415927410125732 0.015832317993044853
vt 6.2831854820251465 1.1210387714598537e-44
vt 0.8975979089736938 -0.5235987901687622
vt 2.2034780979156494 0.0
vt 3.665191411972046 -0.2617993950843811
vt 3.366384744644165 0.015832317993044853
vt 2.879793167114258 -0.03375000134110451
vt 5.759586334228516 0.0
vt 2.7052602767944336 -1.5707963705062866
vt 5.385587215423584 0.03305737301707268
vt 4.450589656829834 2.2159139597613595e-17
vt 4.188790321350098 -0.0320499986410141
vt -0.0020000000949949026 -7.428124498814477e-28
vt 3.1415927410125732 0.2617993950843811
vt 0.673198401927948 -0.010082819499075413
vt 5.659773826599121 5.782411445417199e-15
vt 0.2617993950843811 -0.0320499986410141
vt 6.706719875335693 -0.05674999952316284
vt 4.189000129699707 0.00648915208876133
vt 5.36688756942749 0.0020000000949949026
vt -0.009192274883389473 -0.005193767137825489
vt 4.71238899230957 -2.879793167114258
vt 4.71238899230957 -2.9171931743621826
vt 4.4508514404296875 -0.0024999999441206455
vt -0.00411233538761735 0.004244781099259853
vt 1.832595705986023 2.802596928649634e-45
vt 5.759586334228516 0.023528818041086197
vt 2.356194496154785 0.022700000554323196
vt 0.0 1.0471975803375244
vt 0.5235987901687622 -0.019200000911951065
vt 4.450589656829834 0.0020000000949949026
vt 1.3089969158172607 -9.999999747378752e-05
vt 4.71238899230957 -3.1415927410125732
vt 0.2617993950843811 -0.03305737301707268
vt -0.01633249968290329 -0.04431398585438728
vt 0.8975979089736938 -1.0471975803375244
vt 3.6649813652038574 -0.0024999999441206455
vt 2.094395160675049 0.02452881820499897
vt 1.4193538427352905 0.025200000032782555
vt 3.9269907474517822 0.023528818041086197
vt 0.4363323152065277 0.008100000210106373
vt 4.039190769195557 -0.0024999999441206455
vt -0.015578585676848888 -0.04452599957585335
vt 0.007799999788403511 0.02402881719172001
vt 5.36688756942749 0.025200000032782555
vt 1.121997356414795 -0.011976709589362144
vt -0.008949999697506428 0.024071281775832176
vt -6.115562428021803e-05 -0.004956847056746483
vt -2.6179938316345215 0.000800000037997961
vt 0.673198401927948 1.5707963705062866
vt 0.03372760862112045 0.001227094209752977
vt -0.0011547005269676447 -0.001500000013038516
vt -0.001500000013038516 0.0011547005269676447
vt -0.01976976916193962 0.015987932682037354
vt -2.879793167114258 0.000800000037997961
vt 0.002968864981085062 0.005217756610363722
vt 0.0015462561277672648 -0.0019644571002572775
vt -3.665191411972046 0.0
vt 0.00411233538761735 0.004244781099259853
vt 1.832595705986023 -0.002199999988079071
vt -0.014009559527039528 -0.03390475735068321
vt 4.188790321350098 1.3010426069826053e-18
vt -0.01793593354523182 -0.042670492082834244
vt 6.2831854820251465 -1.5707963705062866
vt 4.27605676651001 1.7951958179473877
vt 0.0020000000949949026 -2.0103575973977575e-29
vt -2.879793167114258 0.0
vt 6.058785915374756 0.0005000000237487257
vt 1.8070036759545482e-17 -0.002199999988079071
vt 0.4487989544868469 -0.011976709589362144
vt 3.665191411972046 0.026028817519545555
vt 3.1415927410125732 0.023528818041086197
vt 6.544984817504883 0.0
vt 2.0130582925048657e-06 -0.005453336983919144
vt 3.665191411972046 0.02452881820499897
vt 1.7222387790679932 0.8975979089736938
vt 5.470300674438477 0.00766689982265234
vt 3.1415927410125732 -0.04555737227201462
vt 0.5235987901687622 -0.0024999999441206455
vt 4.974188327789307 -0.0003000000142492354
vt 4.974188327789307 2.2159139597613595e-17
vt -0.009752633050084114 -0.04660511389374733
vt 2.879793167114258 0.032557372003793716
vt 2.923426389694214 0.4487989544868469
vt 4.712137699127197 -0.05844999849796295
vt -0.004600000102072954 0.044557373970746994
vt 4.450589656829834 1.0471975803375244
vt -0.03464393690228462 0.00041491768206469715
vt 0.673198401927948 1.3089969158172607
vt 2.879793167114258 1.0471975803375244
vt 5.0152740478515625 -3.1415927410125732
vt 5.161188125610352 0.032557372003793716
vt 1.8070036759545482e-17 2.802596928649634e-45
vt 1.8323339223861694 0.025200000032782555
vt 3.1415927410125732 0.0020000000949949026
vt 0.008100000210106373 -0.006177578587085009
vt 0.008594213984906673 -0.005341550335288048
vt 4.263195991516113 0.015832317993044853
vt 0.6981316804885864 -1.5707963705062866
vt 2.463088377870201e-15 0.5235987901687622
vt 1.3089969158172607 -0.00800000037997961
vt 0.0006341066327877343 -0.0023665183689445257
vt 0.0004428357060533017 -3.588936306186952e-05
vt 1.3089969158172607 1.5707963705062866
vt 1.7325316667556763 -0.05844999849796295
vt -0.003319225739687681 0.002232205355539918
vt 0.008299999870359898 0.05130564048886299
vt 4.27605676651001 2.692793607711792
vt 6.2831854820251465 0.7853981852531433
vt -0.027294794097542763 -0.01613999716937542
vt 0.8975979089736938 -0.7853981852531433
vt -0.0020605663303285837 0.0002956341777462512
vt 0.6981316804885864 -0.5235987901687622
vt 0.9381144642829895 0.019200000911951065
vt 2.356194496154785 -0.00800000037997961
vt -0.0014986388850957155 -0.00011704924691002816
vt 3.665191411972046 0.022700000554323196
vt 5.759586334228516 0.7853981852531433
vt 4.974188327789307 0.7853981852531433
vt 3.665191411972046 0.009312311187386513
vt -0.008438361808657646 -0.004981753882020712
vt 4.71238899230957 -2.356194496154785
vt 1.8323339223861694 0.0020000000949949026
vt 5.497786998748779 0.026028817519545555
vt 0.006213335786014795 -0.0055486224591732025
vt 3.9269907474517822 0.0020000000949949026
vt -0.03401999920606613 -0.01665000058710575
vt 2.879793167114258 -0.044557373970746994
vt 0.7851470112800598 -0.05844999849796295
vt 4.71238899230957 0.7853981852531433
vt 0.008299999870359898 0.05030564218759537
vt 1.4508049488067627 1.5707963705062866
vt 3.4033920764923096 -0.019200000911951065
vt -0.0020843343809247017 -0.022700000554323196
vt 3.4033920764923096 0.0
vt 5.0152740478515625 3.1415927410125732
vt 5.13617467880249 5.782411445417199e-15
vt 1.0471975803375244 0.03305737301707268
vt 6.544984817504883 0.009999999776482582
vt 3.4033920764923096 -0.002199999988079071
vt 4.05789041519165 1.7951958179473877
vt 0.0 0.7853981852531433
vt 0.5235987901687622 -0.0272000003606081
vt 5.235987663269043 -1.5707963705062866
vt 0.00135701522231102 -0.0008616484701633453
vt 1.5707963705062866 1.0289078616887437e-16
vt 5.0152740478515625 -2.692793607711792
vt 0.0014706385554745793 0.0003111929108854383
vt 1.047407627105713 -0.010082819499075413
vt 2.094395160675049 0.02402881719172001
vt 4.188790321350098 0.0
vt -0.0007137369248084724 -0.004948795773088932
vt 1.3092588186264038 -1.0448998437329049e-17
vt 2.454369306564331 0.4487989544868469
vt 4.71238899230957 -2.6179938316345215
vt 4.4508514404296875 0.047520000487565994
vt 0.4487989544868469 -0.010082819499075413
vt 1.5707963705062866 0.0
vt 3.1415927410125732 0.044557373970746994
vt -6.48913555778563e-05 0.0021037582773715258
vt 4.71238899230957 1.8323339223861694
vt 1.5707963705062866 0.0020843343809247017
vt -0.0005773502634838223 -0.0010000000474974513
vt 0.006300000008195639 -0.005499999970197678
vt 6.02138614654541 1.0471975803375244
vt 0.002573446836322546 -0.0011033453047275543
vt -0.0056527708657085896 -0.006095523945987225
vt -0.001991858473047614 -0.0015999999595806003
vt 0.5235987901687622 0.7853981852531433
vt -0.0005712733254767954 -0.004795723594725132
vt 4.974188327789307 -0.05674999952316284
vt 2.094395160675049 9.999999747378752e-05
vt 2.6179938316345215 0.02452881820499897
vt -0.00103951885830611 0.002599884755909443
vt -0.003783355699852109 -0.04703335464000702
vt -0.009806903079152107 -0.010353440418839455
vt 1.0471975803375244 8.570530891709706e-29
vt 6.2831854820251465 1.3010426069826053e-18
vt -2.094395160675049 0.0
vt 4.71238899230957 2.692793607711792
vt 1.3089969158172607 0.000800000037997961
vt 1.346396803855896 -0.025459138676524162
vt 1.5707963705062866 0.2615375518798828
vt 7.592182159423828 0.010999999940395355
vt -0.005691897124052048 -0.007329865824431181
vt 5.235987663269043 0.7853981852531433
vt 1.3089969158172607 3.355605723842636e-17
vt 0.0008252872503362596 0.00028286667657084763
vt 5.235987663269043 1.5707963705062866
vt 1.8736811876296997 1.5707963705062866
vt -0.02472544088959694 -0.017366329208016396
vt 2.6179938316345215 -0.0003000000142492354
vt 6.02138614654541 0.02402881719172001
vt 3.665191411972046 -0.05674999952316284
vt 0.009210119023919106 -0.010029492899775505
vt 1.3089969158172607 -0.0005000000237487257
vt 0.4487989544868469 -0.7853981852531433
vt 3.4033920764923096 2.2159139597613595e-17
vt 0.9490227699279785 0.673198401927948
vt -0.015832317993044853 -0.025200000032782555
vt 0.0016263455618172884 -0.004376345779746771
vt -0.0014706385554745793 0.0003111929108854383
vt -0.009362773038446903 0.0077187176793813705
vt 4.27605676651001 3.1415927410125732
vt 6.2831854820251465 1.0471975803375244
vt 6.2831854820251465 0.0
vt 6.115562428021803e-05 -0.004956847056746483
vt 4.974188327789307 1.1210387714598537e-44
vt 2.1925699710845947 0.019200000911951065
vt -0.0015506827039644122 -0.001896808622404933
vt 5.397723197937012 -0.05844999849796295
vt 0.001500000013038516 0.0
vt 5.759586334228516 1.1210387714598537e-44
vt 0.010328341275453568 -0.007329865824431181
vt 0.0018541879253461957 -0.00047239026753231883
vt -0.0386224165558815 -0.018750930204987526
vt 6.02138614654541 -0.019200000911951065
vt 3.665191411972046 0.2617993950843811
vt 0.0 -0.022700000554323196
vt -0.009865626692771912 -0.005593682639300823
vt 4.71238899230957 0.007350000087171793
vt -0.008154518902301788 -0.002814110368490219
vt 0.04486243054270744 0.008086810819804668
vt 1.5707963705062866 0.03305737301707268
vt 5.497786998748779 0.023528818041086197
vt -0.00681011937558651 -0.005872570443898439
vt 4.450589656829834 0.025200000032782555
vt 3.1415927410125732 1.5707963705062866
vt 1.7016960382461548 -0.5235987901687622
vt -0.013353560119867325 -0.043959129601716995
vt 3.4033920764923096 0.7853981852531433
vt 0.0 0.000800000037997961
vt 3.665191411972046 -3.144186300207963e-18
vt 2.2034780979156494 0.8975979089736938
vt 0.0042371912859380245 0.014364708214998245
vt -1.0471975803375244 2.802596928649634e-45
vt 1.0471975803375244 1.3089969158172607
vt 2.356194496154785 0.0044999998062849045
vt -0.0027713256422430277 0.0003996926825493574
vt 3.83972430229187 2.4683942794799805
vt 6.806784152984619 0.009999999776482582
vt 5.628686904907227 -0.0005773502634838223
vt -0.002232298254966736 -0.004356034100055695
vt 4.974188327789307 -0.019200000911951065
vt -0.019045481458306313 -0.002814110368490219
vt 1.0471975803375244 -0.0003000000142492354
vt 0.0017405622638761997 -0.0006209290586411953
vt -0.008326457813382149 0.006943647749722004
vt -0.0019887746311724186 -0.0014308302197605371
vt 2.879793167114258 0.04305737093091011
vt 6.2831854820251465 1.5707963705062866
vt 0.0027141105383634567 -0.003192835720255971
vt -0.03401999920606613 -0.01054999977350235
vt -0.00914070475846529 -0.045177847146987915
vt 5.235736846923828 -0.05844999849796295
vt 0.008010119199752808 -0.010351031087338924
vt 4.27605676651001 -1.5707963705062866
vt -0.011300000362098217 0.009499999694526196
vt 4.71238899230957 0.02452881820499897
vt 2.879793167114258 2.802596928649634e-45
vt 5.759586334228516 -0.00800000037997961
vt -0.044517021626234055 0.00856845173984766
vt 3.9269907474517822 -4.035750689130103e-29
vt 3.83972430229187 -2.244152784347534
vt 0.006313063204288483 -0.006253974977880716
vt 5.497786998748779 2.2159139597613595e-17
vt -0.042173102498054504 -0.006201181560754776
vt 4.974188327789307 1.5707963705062866
vt -0.005459884647279978 -0.0017560335109010339
vt 0.9490227699279785 1.5707963705062866
vt 0.0030700641218572855 0.01342024002224207
vt -0.0038999998942017555 -0.003000000026077032
vt 6.2831854820251465 0.0003000000142492354
vt 4.188790321350098 -0.00019999999494757503
vt 0.22439947724342346 -0.034771449863910675
vt 4.71238899230957 0.026028817519545555
vt 6.444920539855957 -0.05844999849796295
vt 3.4033920764923096 -0.0320499986410141
vt 6.2831854820251465 0.009999999776482582
vt 0.5235987901687622 1.1210387714598537e-44
vt 1.9525871276855469 1.346396803855896
vt 2.9171931743621826 -0.0020843343809247017
vt 1.0471975803375244 -0.03305737301707268
vt 4.874124526977539 -0.05844999849796295
vt 2.879793167114258 -0.02500000037252903
vt -0.0019132466986775398 -0.050593435764312744
vt 1.8736811876296997 0.673198401927948
vt 0.0010069143027067184 0.0022335227113217115
vt 0.006827963516116142 -0.010708295740187168
vt -0.009281108155846596 0.0008615475380793214
vt -0.03215738758444786 0.012114444747567177
vt 4.188790321350098 0.2617993950843811
vt 4.088977336883545 5.782411445417199e-15
vt 0.4487989544868469 -1.6069783194858586e-25
vt 3.9269907474517822 -0.5235987901687622
vt 2.6179938316345215 0.032557372003793716
vt -0.2617993950843811 -0.02500000037252903
vt -0.006099999882280827 0.032557372003793716
vt 0.0021027526818215847 0.00644415570423007
vt -0.03289114683866501 -0.00811066571623087
vt 2.692793607711792 0.025200000032782555
vt -0.003997765015810728 -0.04591958597302437
vt 0.009123889729380608 -0.010736621916294098
vt 1.7222387790679932 -1.5707963705062866
vt 1.346396803855896 -7.697835424647081e-18
vt 4.936788558959961 8.570532095415921e-29
vt 0.0019408520311117172 -0.003459527622908354
vt 1.047407627105713 -3.415236843329339e-18
vt 1.346396803855896 -0.0019894554279744625
vt 4.71238899230957 -1.3076573210253513e-28
vt 6.02138614654541 -0.00800000037997961
vt 1.5707963705062866 1.5707963705062866
vt 4.843288898468018 -0.0005773502634838223
vt 4.71238899230957 -0.00800000037997961
vt -0.022700000554323196 1.2401643098305158e-28
vt 2.3129647052218217e-15 0.008100000210106373
vt 1.5707963705062866 -0.002199999988079071
vt -0.018912741914391518 0.02356274239718914
vt 1.346396803855896 0.5235987901687622
vt 0.6981316804885864 0.22439947724342346
vt 1.7222387790679932 -1.0471975803375244
vt 0.673198401927948 -0.025459138676524162
vt 1.832595705986023 -0.0272000003606081
vt -0.005443289875984192 -0.004828718490898609
vt 2.6179938316345215 0.2617993950843811
vt 8.901179313659668 0.009999999776482582
vt 1.5707963705062866 -0.019200000911951065
vt -0.007581877056509256 -0.010920308530330658
vt 5.497786998748779 -0.0272000003606081
vt 2.6179938316345215 -0.04555737227201462
vt 0.043290961533784866 0.001982520567253232
vt 4.71238899230957 0.0003000000142492354
vt -0.005685889627784491 0.0514654815196991
vt 0.008010119199752808 -0.0055510313250124454
vt 6.2831854820251465 0.03305737301707268
vt 0.00510059529915452 0.010250103659927845
vt -0.00852871872484684 0.007899999618530273
vt 2.0941848754882812 -0.0020843343809247017
vt 0.0011893876362591982 -0.0005099406698718667
vt 4.450589656829834 -1.5707963705062866
vt 3.1415927410125732 1.3010426069826053e-18
vt 1.4508049488067627 -1.0471975803375244
vt 5.834386348724365 0.0005000000237487257
vt -0.021900000050663948 0.05130564048886299
vt -0.00020709539239760488 0.0006873742677271366
vt 0.0014399148058146238 -0.004876806866377592
vt -3.743473529815674 0.000800000037997961
vt 0.0031022990588098764 0.0033518392592668533
vt 3.4033920764923096 1.1210387714598537e-44
vt 1.6403823879984094e-25 -0.010082819499075413
vt 4.71238899230957 -1.3089969158172607
vt 1.7016960382461548 -0.7853981852531433
vt -0.5235987901687622 0.000800000037997961
vt 2.094395160675049 -0.00800000037997961
vt 1.3089969158172607 0.047520000487565994
vt 0.6981316804885864 1.121997356414795
vt -1.3089969158172607 -0.002199999988079071
vt -0.0012033177772536874 0.0038147117011249065
vt -0.01217140443623066 -0.041201867163181305
vt 0.0015999999595806003 0.04555737227201462
vt 0.006154612172394991 -0.010308380238711834
vt 0.6981316804885864 -0.7853981852531433
vt -0.010412528179585934 -0.006154248025268316
vt -0.04336123913526535 0.006253747269511223
vt 5.759586334228516 0.010999999940395355
vt 0.2615375518798828 -0.010082819499075413
vt -2.094395160675049 0.000800000037997961
vt 3.9269907474517822 1.3010426069826053e-18
vt -0.04486243054270744 0.008086810819804668
vt 0.0038999998942017555 -0.004000000189989805
vt 1.3089969158172607 0.0
vt 2.094395160675049 -0.0003000000142492354
vt 1.8736811876296997 -0.5235987901687622
vt -0.018633248284459114 -0.03958965092897415
vt -0.0210999995470047 0.05152000114321709
vt -0.09574120491743088 1.2671631566263386e-06
vt -0.0010490273125469685 -0.0011103490833193064
vt 1.5707963705062866 0.0003000000142492354
vt 4.409503936767578 0.0020000000949949026
vt 3.9269907474517822 -0.03375000134110451
vt 5.497786998748779 0.009999999776482582
vt 0.0 -0.0011547005269676447
vt 5.759586334228516 1.3010426069826053e-18
vt 5.235987663269043 0.035557374358177185
vt 0.8975979089736938 -1.6069783194858586e-25
vt 0.5235987901687622 -0.002199999988079071
vt 1.9525871276855469 0.8975979089736938
vt 1.4907779871675686e-14 0.035557374358177185
vt 5.759586334228516 -0.4487989544868469
vt 0.014999999664723873 0.02452881820499897
vt 2.454369306564331 -0.7853981852531433
vt 2.356194496154785 -0.044557373970746994
vt 0.001896808622404933 -0.0015506827039644122
vt 1.8736811876296997 -1.5707963705062866
vt -0.03431287035346031 -0.002830918412655592
vt 4.974188327789307 0.5235987901687622
vt 3.665191411972046 1.1210387714598537e-44
vt -0.002084163250401616 -0.000469368853373453
vt -0.005910907406359911 -0.02908116951584816
vt 5.759586334228516 0.5235987901687622
vt 0.0011302100028842688 -0.0002429847518214956
vt 0.0022216294892132282 -0.0033452839124947786
vt -0.017856033518910408 -0.0029598847031593323
vt 0.0017324115615338087 -0.0017324115615338087
vt -2.356194496154785 0.000800000037997961
vt -2.6645352591003757e-15 0.0
vt 1.8736811876296997 -1.0471975803375244
vt 4.71238899230957 0.0020000000949949026
vt -0.025200000032782555 -0.0024999999441206455
vt 2.923426389694214 -0.5235987901687622
vt -0.0013099556090310216 -0.0011023005936294794
vt 4.05789041519165 -2.879793167114258
vt 4.71238899230957 0.2617993950843811
vt 0.0013419982278719544 -0.004772118292748928
vt 0.025200000032782555 -2.1932908133479774e-27
vt -0.01188125554472208 -0.042083654552698135
vt 0.673198401927948 -1.0471975803375244
vt 0.673198401927948 -0.044557373970746994
vt 6.2831854820251465 0.04380989074707031
vt 1.5707963705062866 0.4487989544868469
vt -0.006313063204288483 -0.009648087434470654
vt 2.7052602767944336 -1.7090779979987689e-25
vt 2.356194496154785 0.032557372003793716
vt 1.5707963705062866 -0.00800000037997961
vt 6.02138614654541 1.5707963705062866
vt 2.356194496154785 -0.019200000911951065
vt 4.71238899230957 -1.0471975803375244
vt 2.2034780979156494 -0.7853981852531433
vt 2.356194496154785 0.02452881820499897
vt 3.1415927410125732 -0.0024999999441206455
vt 4.71238899230957 -1.3092588186264038
vt -0.009950258769094944 -0.04206781089305878
vt 2.094395160675049 0.0020843343809247017
vt 2.094395160675049 1.1210387714598537e-44
vt 2.454369306564331 0.22439947724342346
vt -0.004714359529316425 0.05071999877691269
vt 2.094395160675049 0.0
vt 0.6872233748435974 0.019200000911951065
vt 4.71238899230957 2.24399471282959
vt 0.002474397886544466 0.0003568684624042362
vt 0.2617993950843811 0.032557372003793716
vt 2.094395160675049 0.000800000037997961
vt 4.188790321350098 0.5235987901687622
vt -0.004968629218637943 0.05005137249827385
vt -0.0016234895447269082 -0.0011680246097967029
vt 0.5233886241912842 -0.027809027582406998
vt 1.3089969158172607 0.02452881820499897
vt -0.0027392932679504156 0.0029148366302251816
vt 4.71238899230957 0.035557374358177185
vt 3.1415927410125732 1.121997356414795
vt -0.038369070738554 -0.018497584387660027
vt 0.0 -0.0020000000949949026
vt -0.021794214844703674 0.050361551344394684
vt 2.923426389694214 0.22439947724342346
vt 0.0011500000255182385 -0.0007581415702588856
vt 3.4033920764923096 -8.456776945386935e-18
vt 3.83972430229187 -3.1415927410125732
vt 0.0011033453047275543 0.002573446836322546
vt 1.9525871276855469 0.22439947724342346
vt 1.8323445320129395 -0.05844999849796295
vt 0.5235987901687622 0.5235987901687622
vt 1.1801634987453577e-18 0.02452881820499897
vt -0.010367467999458313 -0.009806538932025433
vt -0.0026545890141278505 -0.0014892681501805782
vt 0.0022216294892132282 -0.0021547162905335426
vt 3.6649813652038574 0.00648915208876133
vt -0.051342420279979706 -0.019200000911951065
vt 1.8736811876296997 1.346396803855896
vt 0.2615375518798828 -0.011976709589362144
vt 2.094395160675049 1.3010426069826053e-18
vt -0.02372175268828869 -0.011958684772253036
vt 1.0471975803375244 0.0024999999441206455
vt -0.009100000374019146 0.04992000013589859
vt -0.006470174062997103 0.011586299166083336
vt 0.019200000911951065 -0.006177578587085009
vt 0.005433858372271061 0.01081122923642397
vt -0.021456032991409302 0.05047988519072533
vt 5.235987663269043 -0.0003000000142492354
vt 4.27605676651001 -2.094395160675049
vt 0.7853981852531433 -0.02008282020688057
vt -0.00271421717479825 -0.0006188905681483448
vt 5.759586334228516 0.025200000032782555
vt -0.01700585149228573 -0.0439140684902668
vt 1.1999138593673706 -1.5707963705062866
vt 0.21816615760326385 0.025200000032782555
vt 4.039190769195557 -5.9631119486702744e-18
vt 0.7853981852531433 -0.03375000134110451
vt 1.3089969158172607 9.999999747378752e-05
vt -0.004671511240303516 -0.022690963000059128
vt 4.71238899230957 -1.7951958179473877
vt 0.7853981852531433 3.355605723842636e-17
vt 3.9269907474517822 -1.5707963705062866
vt 2.463088377870201e-15 -0.2617993950843811
vt -0.035321641713380814 -0.0063226777128875256
vt 0.5235987901687622 -0.0003000000142492354
vt -0.00858013890683651 -0.04463094472885132
vt -0.001676997751928866 0.0022422485053539276
vt 0.004133360926061869 -0.0004961356171406806
vt 3.1415927410125732 -0.0272000003606081
vt -0.019740963354706764 0.02212822064757347
vt 0.037682488560676575 -0.005552379880100489
vt 0.0 -0.008478607051074505
vt 2.6179938316345215 1.1210387714598537e-44
vt 0.0011547005269676447 -0.0020000000949949026
vt 0.22439947724342346 -0.008478607051074505
vt 1.1999138593673706 -0.5235987901687622
vt 4.974188327789307 0.02402881719172001
vt 4.263195991516113 -1.089623183347932e-17
vt 4.974188327789307 -0.22439947724342346
vt 4.71238899230957 1.6069783194858586e-25
vt -2.6179938316345215 -0.002199999988079071
vt 2.923426389694214 0.0
vt 0.008326457813382149 0.006943647749722004
vt 5.609986782073975 0.032557372003793716
vt -0.007350000087171793 0.016699999570846558
vt 0.009150930680334568 -0.004897583741694689
vt 0.005691897124052048 -0.007329865824431181
vt 0.010767383500933647 -0.009133187122642994
vt 2.879793167114258 9.999999747378752e-05
vt 1.439896583557129 0.019200000911951065
vt 1.0471975803375244 1.1210387714598537e-44
vt 3.9269907474517822 -0.00019999999494757503
vt 2.7052602767944336 0.8975979089736938
vt 0.005078922025859356 0.0001566615974297747
vt 3.5907857418060303 0.009312311187386513
vt 1.3089969158172607 -0.0320499986410141
vt 5.497786998748779 -0.03375000134110451
vt 1.5707963705062866 0.02452881820499897
vt 0.7853981852531433 1.3010426069826053e-18
vt 3.4033920764923096 0.5235987901687622
vt 0.010979397222399712 -0.008379274047911167
vt 2.356194496154785 0.0003000000142492354
vt 0.033537961542606354 0.0038266442716121674
vt -0.004927848465740681 -0.044676005840301514
vt 0.22439947724342346 1.0471975803375244
vt 0.0 0.0005773502634838223
vt 2.2563815116882324 5.782411445417199e-15
vt 5.497786998748779 -0.4487989544868469
vt 6.2831854820251465 -0.5233886241912842
vt 3.665191411972046 -1.0471975803375244
vt 2.094395160675049 0.7853981852531433
vt -0.009700000286102295 -0.003000000026077032
vt -0.0019408520311117172 -0.003459527622908354
vt -0.004699999932199717 -0.003785640699788928
vt 2.356194496154785 -0.0320499986410141
vt 2.879793167114258 -0.04555737227201462
vt 4.494222640991211 2.0195953845977783
vt 3.665191411972046 0.010999999940395355
vt 0.002117529511451721 -0.002831266261637211
vt 0.006433434318751097 -0.000927857996430248
vt 0.673198401927948 -1.3089969158172607
vt 0.673198401927948 -0.04555737227201462
vt 0.2506556510925293 0.04461987316608429
vt 6.2831854820251465 -0.8975979089736938
vt 0.0020020075608044863 -0.001497319433838129
vt 3.83972430229187 -2.094395160675049
vt 3.1415927410125732 6.667843360785852e-18
vt -0.0010069143027067184 -0.0022335227113217115
vt 6.2831854820251465 0.04305737093091011
vt 1.1780972480773926 -0.0005773502634838223
vt 2.094395160675049 -0.0272000003606081
vt -0.0022001920733600855 0.0017318067839369178
vt 0.22439947724342346 -0.5235987901687622
vt -0.038074519485235214 -0.009285889565944672
vt -0.0021439222618937492 -0.00021524837939068675
vt 3.665191411972046 0.5235987901687622
vt -0.002968864981085062 0.005217756610363722
vt 0.008895635604858398 0.007262966129928827
vt -0.0011404509423300624 -0.004476405680179596
vt 0.0076940287835896015 0.006782524287700653
vt 0.0019117314368486404 0.0033518392592668533
vt 1.5707963705062866 -0.02500000037252903
vt 4.974188327789307 1.0471975803375244
vt 0.009210119023919106 -0.005872570443898439
vt -0.008100000210106373 -0.002400000113993883
vt 3.4033920764923096 -0.03375000134110451
vt 0.002321325708180666 -0.0009281418169848621
vt 0.0003568684624042362 -0.002474397886544466
vt 3.1415927410125732 1.474514954580286e-17
vt 0.009499999694526196 -0.0038999998942017555
vt 1.4508049488067627 -1.7090779979987689e-25
vt -2.356194496154785 0.0
vt 4.71238899230957 1.3089969158172607
vt 2.094395160675049 -9.999999747378752e-05
vt -0.014999999664723873 0.026028817519545555
vt 3.665191411972046 -0.019200000911951065
vt -0.002000480191782117 -0.00432990537956357
vt 2.7052602767944336 0.673198401927948
vt 5.497786998748779 -1.5707963705062866
vt 4.71238899230957 0.03355737403035164
vt 0.5235987901687622 -0.0320499986410141
vt 5.235987663269043 -0.02500000037252903
vt -0.0044999998062849045 2.4584756041572112e-29
vt 2.7052602767944336 -1.3089969158172607
vt 0.0 -0.00044999999227002263
vt -0.0020843343809247017 -0.0044999998062849045
vt 4.936788558959961 0.03305737301707268
vt -0.005445481278002262 -0.002814110368490219
vt 0.0020000000949949026 -0.00648915208876133
vt 2.6179938316345215 0.7853981852531433
vt 0.04653577506542206 -0.0035155636724084616
vt 4.71238899230957 -1.047407627105713
vt -0.014722101390361786 -0.03858744353055954
vt 2.879793167114258 -0.002199999988079071
vt -0.0028393175452947617 -0.002770110731944442
vt 0.9381144642829895 0.0020000000949949026
vt 2.618204116821289 0.0020000000949949026
vt -0.009880765341222286 0.00956068653613329
vt -0.007655263878405094 -0.004972092341631651
vt 1.832595705986023 -0.00019999999494757503
vt 2.356194496154785 -0.0020843343809247017
vt -0.009400323033332825 0.010762292891740799
vt 0.03495049849152565 -0.003749303752556443
vt 5.385587215423584 0.04555737227201462
vt -0.0012850102502852678 -0.00015307222201954573
vt 0.04253450781106949 0.007777092047035694
vt 0.0022335227113217115 -0.0010069143027067184
vt 4.188790321350098 1.1210387714598537e-44
vt 4.05789041519165 3.1415927410125732
vt -0.039621468633413315 0.004894385114312172
vt 0.4487989544868469 -0.008478607051074505
vt 1.346396803855896 -0.011976709589362144
vt 4.263589859008789 -5.9631119486702744e-18
vt 0.00047456510947085917 0.001052673440426588
vt 3.665191411972046 -0.03375000134110451
vt 0.003657015273347497 -0.0008616484701633453
vt 0.9490227699279785 0.4487989544868469
vt 3.565378427505493 5.782411445417199e-15
vt 3.403130292892456 0.00648915208876133
vt 0.006470174062997103 0.011586299166083336
vt -0.020607685670256615 -0.01649218238890171
vt 1.3089969158172607 1.3089969158172607
vt 5.609986782073975 0.03355737403035164
vt -0.028906753286719322 -0.013793286867439747
vt 0.39269909262657166 -0.0005773502634838223
vt -0.002173958346247673 0.012215581722557545
vt 0.009499999694526196 0.0038999998942017555
vt 0.04218662157654762 0.00912646483629942
vt 1.5707963705062866 -0.0019894554279744625
vt 1.5707963705062866 -0.0272000003606081
vt 0.00971964094787836 0.01019311510026455
vt 2.6179938316345215 0.010999999940395355
vt -0.037682488560676575 -0.005552379880100489
vt -0.011914979666471481 0.0191238671541214
vt 2.356194496154785 1.3089969158172607
vt 2.923426389694214 1.121997356414795
vt 0.004314110614359379 -0.00394548149779439
vt 5.497786998748779 -9.999999747378752e-05
vt 4.71238899230957 2.618204116821289
vt -0.022700000554323196 0.04992000013589859
vt 0.22439947724342346 -0.011976709589362144
vt -0.0003499212034512311 -0.04796121269464493
vt -0.007902313023805618 -0.03212356194853783
vt 0.0031424593180418015 -0.0035881679505109787
vt 1.7016960382461548 -1.3089969158172607
vt 5.235987663269043 0.023528818041086197
vt -0.0224856398999691 0.05071999877691269
vt 4.350776672363281 5.782411445417199e-15
vt 3.1415927410125732 -0.7853981852531433
vt -0.0009878933196887374 0.0008715980802662671
vt 0.5233886241912842 1.8108491590854854e-26
vt -0.011472009122371674 -0.0182499997317791
vt -7.137369539123029e-05 0.0004948795540258288
vt 0.22439947724342346 0.0
vt 3.665191411972046 -0.00019999999494757503
vt -0.0019031245028600097 -0.004438855219632387
vt 1.4709833860397339 5.782411445417199e-15
vt 4.263589859008789 0.04555737227201462
vt 0.006099999882280827 0.032557372003793716
vt 4.450589656829834 -0.2617993950843811
vt 0.04105526953935623 0.004818872548639774
vt 6.544984817504883 0.7853981852531433
vt 0.009281108155846596 0.0008615475380793214
vt 1.0471975803375244 3.355605723842636e-17
vt 3.565127372741699 -0.05844999849796295
vt 1.121997356414795 -0.02008282020688057
vt -3.552713678800501e-15 0.04305737093091011
vt 0.673198401927948 1.81603863891322e-18
vt 0.8975979089736938 -0.044557373970746994
vt 6.2831854820251465 0.03355737403035164
vt 0.2617993950843811 0.000800000037997961
vt -0.002599884755909443 -0.00103951885830611
vt -0.004509037360548973 0.03087177872657776
vt 0.035321641713380814 -0.0063226777128875256
vt 2.7052602767944336 1.047407627105713
vt 5.834386348724365 0.04480922594666481
vt -1.0471975803375244 0.000800000037997961
vt 1.0471975803375244 0.5235987901687622
vt 1.8323339223861694 -0.0020843343809247017
vt 1.8736811876296997 0.4487989544868469
vt 4.71238899230957 -0.0320499986410141
vt 1.4508049488067627 0.22439947724342346
vt -0.0021290709264576435 -0.001009437721222639
vt 3.665191411972046 0.0024999999441206455
vt 4.48798942565918 -0.0024999999441206455
vt 0.7853981852531433 5.9631119486702744e-18
vt 1.267911434173584 0.0020000000949949026
vt 4.71238899230957 -2.468236207962036
vt 0.0009281418169848621 0.002321325708180666
vt 0.22439947724342346 3.0357660829594124e-18
vt 6.058785915374756 0.03355737403035164
vt 0.0024180258624255657 -0.0003945263451896608
vt -0.0926271453499794 -0.004532229620963335
vt -0.022645480930805206 0.041205890476703644
vt 1.346396803855896 0.0
vt 0.0006341066327877343 0.0023665183689445257
vt 2.618204116821289 -0.0020843343809247017
vt 1.7222387790679932 1.5707963705062866
vt 4.974188327789307 -0.03375000134110451
vt -0.04105526953935623 0.004818872548639774
vt 4.450589656829834 0.04305737093091011
vt 0.2617993950843811 -0.02500000037252903
vt 2.6179938316345215 0.04305737093091011
vt -0.0007949068676680326 -0.0010505900718271732
vt 3.1415927410125732 0.00648915208876133
vt -0.004026091191917658 -0.048215512186288834
vt -0.018238596618175507 -0.011528572998940945
vt -0.025200000032782555 1.376746326290976e-28
vt 4.188790321350098 0.7853981852531433
vt 6.96851921081543 -0.05844999849796295
vt -0.009540620259940624 -0.0458512008190155
vt -0.0056101190857589245 -0.007951031439006329
vt 3.1415927410125732 2.802596928649634e-45
vt -0.017552752047777176 -0.04335350543260574
vt -0.0020843343809247017 -0.025200000032782555
vt 1.5707963705062866 -0.008478607051074505
vt 0.001991858473047614 -0.0038999998942017555
vt 0.5235987901687622 0.04305737093091011
vt 0.22439947724342346 -0.025459138676524162
vt 1.5707963705062866 0.5233886241912842
vt 0.025200000032782555 -0.009999999776482582
vt -0.022700000554323196 0.05251999944448471
vt 1.1999138593673706 1.121997356414795
vt 0.005499999970197678 -0.00139999995008111
vt -0.008100000210106373 0.006300000008195639
vt 3.1415927410125732 1.346396803855896
vt 1.3089969158172607 0.03305737301707268
vt -0.0031424593180418015 -0.0035881679505109787
vt 0.0059316582046449184 -0.006751031614840031
vt 0.5235987901687622 0.0
vt 1.832595705986023 0.022700000554323196
vt 3.9269907474517822 0.02402881719172001
vt 7.35681693770529e-40 2.7484525072507537e-17
vt 8.1157808303833 0.010999999940395355
vt 0.03693751245737076 0.003944725263863802
vt 0.04545922577381134 -0.0015924600884318352
vt 2.356194496154785 2.802596928649634e-45
vt 4.71238899230957 1.071316466788007e-28
vt 1.1999138593673706 -0.7853981852531433
vt 0.0 0.0
vt 3.665191411972046 7.57608358530954e-29
vt 0.04594730958342552 0.0005646408535540104
vt 4.71238899230957 -1.832595705986023
vt 0.005852059461176395 0.007300516590476036
vt 0.4363323152065277 0.019099999219179153
vt 0.5233886241912842 -7.101524229780054e-18
vt -0.022700000554323196 -0.0024999999441206455
vt 2.618204116821289 0.025200000032782555
vt 0.5235987901687622 0.047520000487565994
vt 0.6981316804885864 1.346396803855896
vt 3.1415927410125732 0.035557374358177185
vt 0.0009735483326949179 -0.005321906413882971
vt 3.83972430229187 2.9171931743621826
vt 0.0 -0.0024500000290572643
vt 0.009100000374019146 0.04992000013589859
vt 0.008897583931684494 -0.005150930490344763
vt -1.3089969158172607 0.0
vt 6.02138614654541 -1.5707963705062866
vt -0.0044999998062849045 0.04992000013589859
vt 0.002780343173071742 0.0003311983891762793
vt 4.974188327789307 0.0020000000949949026
vt 0.22439947724342346 0.2617993950843811
vt 0.2617993950843811 -0.0272000003606081
vt -0.0027141105383634567 -0.0023071642499417067
vt -0.004380946513265371 -0.04523657262325287
vt 1.0471975803375244 1.5707963705062866
vt 3.9269907474517822 -0.019200000911951065
vt 1.4508049488067627 0.8975979089736938
vt 2.094395160675049 3.918537203142944e-17
vt 1.0471975803375244 -0.002199999988079071
vt 5.585053443908691 0.025200000032782555
vt 2.879793167114258 2.2159139597613595e-17
vt 0.22439947724342346 -1.3089969158172607
vt 1.7222387790679932 -0.5235987901687622
vt 1.267911434173584 0.025200000032782555
vt -0.023291639983654022 -0.01744184084236622
vt -0.015832317993044853 -0.0020000000949949026
vt 4.188790321350098 2.802596928649634e-45
vt 4.494222640991211 1.7951958179473877
vt 0.007899999618530273 0.005499999970197678
vt 0.2617993950843811 0.2617993950843811
vt 3.4208757877349854 0.044388506561517715
vt 4.450589656829834 -0.00800000037997961
vt 4.863831520080566 -2.4683942794799805
vt 0.2617993950843811 5.9631119486702744e-18
vt 1.941678762435913 0.019200000911951065
vt 3.267290785216611e-25 -0.02008282020688057
vt -0.008314359001815319 -0.0031999999191612005
vt 4.188790321350098 0.023528818041086197
vt 4.71238899230957 0.047520000487565994
vt 3.403130292892456 0.047520000487565994
vt 3.814790964126587 0.032557372003793716
vt -0.032509516924619675 0.013175577856600285
vt 4.71238899230957 0.0024999999441206455
vt 1.208932876586914 -0.05844999849796295
vt 0.04391742870211601 0.006333963014185429
vt 3.9269907474517822 -0.0024999999441206455
vt 1.832595705986023 -0.00800000037997961
vt 1.6739317178510858e-26 -0.0005000000237487257
vt -0.006099999882280827 0.04305737093091011
vt 1.0471975803375244 0.032557372003793716
vt 2.7052602767944336 1.3092588186264038
vt 3.665191411972046 2.802596928649634e-45
vt 0.8975979089736938 -0.027809027582406998
vt 2.094395160675049 -0.04555737227201462
vt 5.0152740478515625 2.9171931743621826
vt -0.0005649121012538671 -0.0009270960581488907
vt 2.094395160675049 1.0733601507606494e-17
vt 4.71238899230957 2.9171931743621826
vt -0.002573446836322546 0.0011033453047275543
vt -0.017362067475914955 0.013580230996012688
vt 0.0008806696278043091 0.002756555564701557
vt -0.0009281418169848621 -0.002321325708180666
vt -0.09499622881412506 -0.009495838545262814
vt 4.188790321350098 -1.071316466788007e-28
vt 3.1415927410125732 0.2615375518798828
vt 6.2831854820251465 0.02402881719172001
vt 0.0023665183689445257 -0.0006341066327877343
vt -0.005252854898571968 -0.006768875755369663
vt 2.879793167114258 -0.0272000003606081
vt 1.1999138593673706 0.4487989544868469
vt 6.544984817504883 0.0003000000142492354
vt -0.0017318067839369178 -0.0022001920733600855
vt 0.6981316804885864 -0.8974398970603943
vt 4.71238899230957 0.009312311187386513
vt -0.0003996926825493574 -0.0027713256422430277
vt 5.890486240386963 -0.0005773502634838223
vt 0.8975979089736938 -0.034771449863910675
vt 4.863831520080566 -2.9171931743621826
vt 4.863831520080566 2.4683942794799805
vt 3.5907857418060303 -1.1926223897340549e-17
vt 6.2831854820251465 2.7620050344068225e-17
vt -0.03345707803964615 0.016742927953600883
vt 0.0028393175452947617 -0.002770110731944442
vt -0.01236475259065628 -0.040442951023578644
vt 3.9269907474517822 -0.2617993950843811
vt 0.5235987901687622 0.0024999999441206455
vt 2.7052602767944336 1.121997356414795
vt -0.03289114683866501 -0.019200000911951065
vt -0.0007569016888737679 -0.005259988829493523
vt 1.8736811876296997 -0.2617993950843811
vt -0.04501518979668617 -0.00295786140486598
vt 4.188790321350098 0.026028817519545555
vt 0.9490227699279785 -1.7090779979987689e-25
vt 0.8975979089736938 -0.025459138676524162
vt -0.005685889627784491 0.04007451981306076
vt 4.71238899230957 2.356194496154785
vt 5.105088233947754 -0.0005773502634838223
vt -0.0011547005269676447 0.0
vt -0.032223958522081375 0.004647479858249426
vt -0.09305725246667862 0.0009509269148111343
vt 0.0023588761687278748 -0.003971717320382595
vt 0.00271421717479825 -0.0006188905681483448
vt 2.2034780979156494 0.22439947724342346
vt -1.0471975803375244 0.0
vt 6.02138614654541 -0.22439947724342346
vt 5.497786998748779 0.02402881719172001
vt 1.3089969158172607 2.2159139597613595e-17
vt 0.0021290709264576435 -0.0044905622489750385
vt 1.4508049488067627 -1.5707963705062866
vt -0.038216978311538696 0.004596230108290911
vt 2.0195953845977783 -0.0020843343809247017
vt -0.015267801471054554 -0.042628951370716095
vt 1.951563910473908e-16 -0.002199999988079071
vt 2.4683942794799805 0.0020000000949949026
vt 2.094395160675049 0.044557373970746994
vt 1.5707963705062866 1.346396803855896
vt 0.673198401927948 0.5235987901687622
vt -0.03806011378765106 -0.017856033518910408
vt 0.0 -0.001500000013038516
vt 4.039032459259033 0.009312311187386513
vt 2.779729127883911 -0.05844999849796295
vt 0.0008806696278043091 -0.0004961356171406806
vt 6.2831854820251465 1.3089969158172607
vt 6.806784152984619 0.010999999940395355
vt 0.0024377445224672556 0.0002447479637339711
vt 0.000595283810980618 -0.004971629474312067
vt 2.879793167114258 0.0020843343809247017
vt 1.8736811876296997 0.22439947724342346
vt -0.008895635604858398 0.007262966129928827
vt 4.71238899230957 -4.035750689130103e-29
vt 2.879793167114258 0.0
vt 4.71238899230957 -1.346396803855896
vt 4.974188327789307 0.026028817519545555
vt 2.356194496154785 2.2159139597613595e-17
vt 1.5707963705062866 -0.010082819499075413
vt -3.4033920764923096 0.0
vt 1.121997356414795 -1.5707963705062866
vt 1.5707963705062866 -0.2617993950843811
vt -0.019099999219179153 -0.00139999995008111
vt 5.497786998748779 0.04305737093091011
vt 0.5235987901687622 -0.0005000000237487257
vt -0.021887151524424553 -0.01714368723332882
vt -0.01590000092983246 0.009499999694526196
vt -0.006827963516116142 -0.010708295740187168
vt -0.0038999998942017555 -0.0005000000237487257
vt 4.974188327789307 0.023528818041086197
vt -0.009161571972072124 0.013816899619996548
vt 3.665191411972046 1.3089969158172607
vt 0.005691897124052048 -0.008572197519242764
vt 2.094395160675049 1.0471975803375244
vt 3.4033920764923096 0.009312311187386513
vt 4.188790321350098 -0.05674999952316284
vt 0.2617993950843811 -0.0003000000142492354
vt 4.27605676651001 -3.1415927410125732
vt 4.409503936767578 0.025200000032782555
vt 0.0002853858459275216 0.0005349261336959898
vt 2.4889266931565054e-28 0.04555737227201462
vt -0.02265988476574421 0.04927603527903557
vt 2.0195953845977783 0.025200000032782555
vt 0.4487989544868469 1.0471975803375244
vt -0.004426007159054279 -0.04888886213302612
vt 3.1415927410125732 0.009999999776482582
vt 4.48798942565918 0.04555737227201462
vt 0.001539024175144732 -0.005231662653386593
vt 1.5707963705062866 0.8975979089736938
vt 1.5707963705062866 -0.027809027582406998
vt 1.3089969158172607 0.7853981852531433
vt -0.002831266261637211 -0.002117529511451721
vt 3.1415927410125732 -0.0320499986410141
vt -0.7853981852531433 0.0
vt -0.0022913350258022547 -0.0008673431002534926
vt 5.235987663269043 -1.121997356414795
vt 4.27605676651001 2.4683942794799805
vt 3.1415927410125732 -0.044557373970746994
vt 0.0011489244643598795 0.00011535126395756379
vt 0.0016060338821262121 -0.004982298240065575
vt 3.1415927410125732 0.5233886241912842
vt 4.039032459259033 -1.2902005852577503e-17
vt 4.188790321350098 -1.3089969158172607
vt 0.2617993950843811 0.02452881820499897
vt -0.2617993950843811 -0.002199999988079071
vt 4.188790321350098 -3.144186300207963e-18
vt 3.9267396926879883 -0.05844999849796295
vt -0.0024180258624255657 0.0003945263451896608
vt -0.039005499333143234 0.017543144524097443
vt 0.009390962310135365 0.0031282210256904364
vt -0.005669585429131985 -0.049818944185972214
vt 1.346396803855896 1.5707963705062866
vt 1.047407627105713 -8.238533574921768e-26
vt 1.832595705986023 0.5235987901687622
vt 4.71238899230957 0.00648915208876133
vt 1.7016960382461548 0.22439947724342346
vt 6.544984817504883 0.5235987901687622
vt 5.235987663269043 0.009999999776482582
vt -0.038178451359272 -0.01819421350955963
vt 4.319689750671387 -0.0005773502634838223
vt -0.001991858473047614 -0.0038999998942017555
vt 0.00037794432137161493 -0.0006103523191995919
vt -0.006614571437239647 -0.006000000052154064
vt 0.6981316804885864 -1.3460042476654053
vt 0.0003945263451896608 0.0024180258624255657
vt 0.2617993950843811 1.3010426069826053e-18
vt -0.006200000178068876 0.044557373970746994
vt 0.00027471708017401397 -0.00548624387010932
vt 0.6872233748435974 0.025200000032782555
vt 4.450589656829834 0.023528818041086197
vt 4.71238899230957 -0.7853981852531433
vt 0.012000000104308128 0.035557374358177185
vt -0.008554833009839058 0.014198139309883118
vt 4.731063881010676e-16 0.0
vt 4.569152355194092 -0.0272000003606081
vt 0.22439947724342346 1.5707963705062866
vt 1.121997356414795 -0.2617993950843811
vt 0.025200000032782555 -2.533050711147389e-28
vt 6.2831854820251465 -1.346396803855896
vt 2.6179938316345215 -0.0320499986410141
vt -0.008750930428504944 0.04991758242249489
vt 4.48798942565918 -5.9631119486702744e-18
vt -0.011152327060699463 -0.01747822016477585
vt 4.71238899230957 -0.05674999952316284
vt 0.2506556510925293 0.035557374358177185
vt -0.03848863020539284 -0.008568628691136837
vt 1.0471975803375244 9.999999747378752e-05
vt 4.188790321350098 0.0003000000142492354
vt -0.016728220507502556 0.009390962310135365
vt 4.93055534362793 0.0020000000949949026
vt -0.00455451849848032 0.05033411085605621
vt 0.002212375868111849 -0.004831746686249971
vt -0.03370309993624687 -0.009161571972072124
vt 4.863831520080566 2.692793607711792
vt -0.002022001426666975 0.0034513056743890047
vt -0.03647853806614876 -0.004770083352923393
vt -0.03332186117768288 -0.018645167350769043
vt 3.1415927410125732 -1.1384122811097797e-18
vt -0.007211597636342049 -0.050002630800008774
vt 0.0056527708657085896 -0.006095523945987225
vt 0.000595283810980618 -0.0005283706123009324
vt 2.3129647052218217e-15 0.019099999219179153
vt 2.2034780979156494 -0.5235987901687622
vt 4.039032459259033 0.015832317993044853
vt 0.004113049246370792 0.003362508025020361
vt 6.02138614654541 0.0003000000142492354
vt 3.4033920764923096 0.026028817519545555
vt -0.02372175268828869 -0.017458684742450714
vt 1.3089969158172607 -0.0024999999441206455
vt 2.7052602767944336 0.4487989544868469
vt 4.974188327789307 1.1364126822411769e-25
vt -0.008899999782443047 -0.003785640699788928
vt 0.7853981852531433 1.5707963705062866
vt -0.044593118131160736 0.009473043493926525
vt 1.7016960382461548 0.8975979089736938
vt -0.004399999976158142 0.040726274251937866
vt -0.0020000000949949026 -0.0024999999441206455
vt 4.93055534362793 0.025200000032782555
vt 5.366827964782715 0.019711697474122047
vt 3.3659920692443848 -0.0024999999441206455
vt -0.029129397124052048 -0.010954996570944786
vt 3.5903916358947754 0.00648915208876133
vt -0.0006326050497591496 -0.0489664301276207
vt 1.5707963705062866 -0.03305737301707268
vt 0.4487989544868469 0.5235987901687622
vt 5.202206134796143 0.019850000739097595
vt -0.0013419982278719544 -0.004772118292748928
vt 0.6981316804885864 -0.2617993950843811
vt 6.02138614654541 -1.346396803855896
vt 6.544984817504883 1.3089969158172607
vt 4.93055534362793 0.007350000087171793
vt 0.005031371023505926 -0.0035313707776367664
vt 1.690787672996521 0.00800000037997961
vt -0.5235987901687622 -0.02500000037252903
vt 0.007799999788403511 0.02452881820499897
vt -0.08951307833194733 -0.009065725840628147
vt 1.832595705986023 1.3089969158172607
vt 4.188790321350098 -0.5235987901687622
vt 1.0471975803375244 5.9631119486702744e-18
vt 0.005445481278002262 -0.0018141104374080896
vt 4.4875969886779785 -3.550762114890027e-18
vt -0.010088580660521984 -0.009151031263172626
vt 3.279711571768651e-14 0.02402881719172001
vt 1.47073233127594 -0.05844999849796295
vt -0.2617993950843811 0.2617993950843811
vt 2.890937089920044 0.04461987316608429
vt -0.0009851297363638878 0.002297720406204462
vt 6.2831854820251465 -0.00019999999494757503
vt -0.007459037471562624 0.02212822064757347
vt 1.121997356414795 1.5707963705062866
vt 2.454369306564331 0.8975979089736938
vt 0.0350082591176033 -0.006367874797433615
vt -0.03843366727232933 -0.006884194444864988
vt 1.7222387790679932 -1.3089969158172607
vt 0.673198401927948 -0.011976709589362144
vt -0.0044999998062849045 -0.0024999999441206455
vt 4.494222640991211 2.9171931743621826
vt 1.1890054941177368 0.00800000037997961
vt 4.188790321350098 -0.002199999988079071
vt 1.0471975803375244 0.000800000037997961
vt 6.02138614654541 0.0020000000949949026
vt -0.0011489244643598795 -0.00011535126395756379
vt 5.497786998748779 -1.121997356414795
vt 3.1415927410125732 0.04305737093091011
vt -0.004828718490898609 0.03009999915957451
vt 2.356194496154785 -9.999999747378752e-05
vt 1.832595705986023 1.5707963705062866
vt 1.3089969158172607 -0.019200000911951065
vt -0.019037066027522087 -0.04250191152095795
vt 2.7052602767944336 0.7853981852531433
vt -0.0003945263451896608 -0.0024180258624255657
vt 6.2831854820251465 -0.02500000037252903
vt 0.0019644571002572775 -0.0015462561277672648
vt -0.019099999219179153 -0.002400000113993883
vt -0.002482449170202017 0.0002957128453999758
vt 5.235987663269043 -0.00019999999494757503
vt 2.7052602767944336 -0.7853981852531433
vt 6.02138614654541 -0.0320499986410141
vt 0.005252854898571968 -0.006768875755369663
vt -3.4033920764923096 0.000800000037997961
vt 6.02138614654541 2.2159139597613595e-17
vt 4.71238899230957 -0.0003000000142492354
vt 5.497786998748779 0.02452881820499897
vt 3.8455419540405273 0.04555737227201462
vt 4.71238899230957 0.02280000038444996
vt -0.004594213794916868 -0.0028415501583367586
vt 4.71238899230957 2.2159139597613595e-17
vt -0.009568946436047554 -0.04814712703227997
vt 1.121997356414795 -1.6069783194858586e-25
vt 0.5235987901687622 1.3010426069826053e-18
vt 0.04622998833656311 -0.0033086577896028757
vt 3.1415927410125732 -1.1364126822411769e-25
vt 1.5707963705062866 -0.00019999999494757503
vt 0.6981316804885864 1.5707963705062866
vt 3.9269907474517822 -1.0471975803375244
vt 0.4487989544868469 -1.0471975803375244
vt -0.0002292286226293072 0.0014049269957467914
vt 0.4363323152065277 0.00800000037997961
vt 1.267911434173584 0.0044999998062849045
vt 3.1415927410125732 1.047407627105713
vt -3.9269907474517822 0.0
vt 4.188790321350098 -0.2617993950843811
vt 0.004314110614359379 -0.0029454813338816166
vt 0.022700000554323196 -0.002227407181635499
vt 4.71238899230957 0.5235987901687622
vt 0.005285640712827444 -0.002199999988079071
vt 0.7853981852531433 -3.3274017396754193e-26
vt 1.690787672996521 0.0020000000949949026
vt 2.094395160675049 -0.02500000037252903
vt -0.0021358737722039223 4.567989890347235e-05
vt 1.346396803855896 -1.0471975803375244
vt 3.665191411972046 9.999999747378752e-05
vt 2.4683942794799805 -0.0020843343809247017
vt 1.7016960382461548 1.346396803855896
vt 1.832595705986023 1.1210387714598537e-44
vt 0.02280000038444996 -0.00648915208876133
vt -0.003114132909104228 -0.0012922422029078007
vt 2.094395160675049 -0.0320499986410141
vt 0.0 0.5235987901687622
vt -0.0002957128453999758 -0.002482449170202017
vt 0.00681011937558651 -0.010029492899775505
vt 2.094395160675049 0.0003000000142492354
vt 2.879793167114258 0.009999999776482582
vt 0.0 -0.0019894554279744625
vt -0.002474397886544466 -0.0003568684624042362
vt 0.0 -0.0272000003606081
vt 6.2831854820251465 -0.0272000003606081
vt 1.1890054941177368 0.0020000000949949026
vt 2.094395160675049 0.04305737093091011
vt 1.4508049488067627 0.4487989544868469
vt -0.038925785571336746 -0.018941549584269524
vt 2.7052602767944336 0.22439947724342346
vt 1.3877787807814457e-17 -3.469446951953614e-17
vt 1.832595705986023 0.0044999998062849045
vt -0.010999999940395355 0.003000000026077032
vt 4.863831520080566 -2.0195953845977783
vt 4.71238899230957 -0.00019999999494757503
vt 0.0003568684624042362 -0.005474397912621498
vt 1.832595705986023 0.03305737301707268
vt 4.863831520080566 -2.692793607711792
vt -0.03289114683866501 -0.00800000037997961
vt 2.923426389694214 1.5707963705062866
vt 5.497786998748779 -0.05674999952316284
vt -0.008899999782443047 -0.002785640535876155
vt 4.71238899230957 -0.0272000003606081
vt -0.0019606691785156727 -0.0006993635906837881
vt 0.2617993950843811 1.5707963705062866
vt 0.008100000210106373 -0.009999999776482582
vt 1.9634953737258911 -0.0005773502634838223
vt 5.759586334228516 0.035557374358177185
vt 3.814793825149536 0.04546534642577171
vt -0.051342420279979706 -0.019099999219179153
vt 2.7052602767944336 -1.0471975803375244
vt -0.2617993950843811 1.0471975803375244
vt 0.03337547555565834 0.00016596137720625848
vt 0.0020000000949949026 -1.7407068819925746e-28
vt 4.188790321350098 -9.999999747378752e-05
vt -0.00033717966289259493 0.0004686610773205757
vt 0.0 -0.0044999998062849045
vt 5.497786998748779 9.999999747378752e-05
vt -0.01329483650624752 -0.03919937461614609
vt -0.007499999832361937 0.050519999116659164
vt 0.673198401927948 0.7853981852531433
vt -0.005443289875984192 -0.022371280938386917
vt 1.994582176208496 5.782411445417199e-15
vt 1.121997356414795 -3.6591823321385775e-18
vt 0.9490227699279785 -1.5707963705062866
vt 4.855625629425049 -0.02500000037252903
vt 5.235987663269043 0.5235987901687622
vt -0.002612408949062228 -0.0029026400297880173
vt 1.951563910473908e-16 -0.019200000911951065
vt 2.879793167114258 0.044557373970746994
vt 1.5707963705062866 1.3092588186264038
vt 2.879793167114258 0.5235987901687622
vt 0.4363323152065277 0.0020000000949949026
vt -0.014999999664723873 0.023528818041086197
vt 4.263589859008789 0.047520000487565994
vt 4.71238899230957 -2.692399501800537
vt -0.010795709677040577 -0.006837261375039816
vt 5.497786998748779 0.0003000000142492354
vt 2.454369306564331 -1.3089969158172607
vt 4.494222640991211 -2.094395160675049
vt 4.863831520080566 -3.1415927410125732
vt 1.047407627105713 -0.011976709589362144
vt 2.692793607711792 -0.0020843343809247017
vt 2.6179938316345215 -9.999999747378752e-05
vt -0.006313063204288483 -0.006253974977880716
vt 6.2831854820251465 -0.03375000134110451
vt 0.019099999219179153 -5.016599919009674e-27
vt 0.004728644620627165 0.0017254938138648868
vt -0.006740011740475893 -0.03071141242980957
vt -0.0024377445224672556 -0.0002447479637339711
vt 8.822896957397461 0.009999999776482582
vt 0.2617993950843811 0.02402881719172001
vt 3.665191411972046 0.015832317993044853
vt 6.183121204376221 -0.05844999849796295
vt 0.7853981852531433 -0.002199999988079071
vt 5.161188125610352 8.570532095415921e-29
vt 1.0471975803375244 -0.05674999952316284
vt 0.0 -0.02280000038444996
vt 0.2615375518798828 -8.881784197001252e-16
vt 3.665191411972046 -0.002199999988079071
vt 1.5707963705062866 0.04305737093091011
vt 5.148721218109131 0.019850000739097595
vt 6.2831854820251465 -0.7853981852531433
vt 4.71238899230957 0.004399999976158142
vt 0.6981316804885864 0.4487989544868469
vt -0.005852059461176395 0.007300516590476036
vt 0.0005773502634838223 -0.0010000000474974513
vt 3.3659920692443848 -5.9631119486702744e-18
vt -0.017500000074505806 -0.003000000026077032
vt -0.03881999850273132 -0.008314359001815319
vt 3.1415927410125732 0.5235987901687622
vt 2.879793167114258 -0.00019999999494757503
vt 2.356194496154785 0.000800000037997961
vt 0.008562741801142693 -0.004562741611152887
vt 1.690787672996521 0.019200000911951065
vt 0.007899999618530273 0.0050712814554572105
vt -0.006896349135786295 -0.005165440496057272
vt 0.007499999832361937 0.05152000114321709
vt 4.71238899230957 7.57608358530954e-29
vt 0.2617993950843811 0.03305737301707268
vt -0.009837932884693146 0.013580230996012688
vt -0.004714359529316425 0.049720000475645065
vt -0.005075722001492977 -0.03519323468208313
vt 2.2034780979156494 -1.3089969158172607
vt -0.02235092967748642 0.04991758242249489
vt 5.497786998748779 0.2617993950843811
vt 0.002125580795109272 -0.0021786850411444902
vt 3.9269907474517822 0.00648915208876133
vt 0.041959792375564575 0.010699219070374966
vt -1.832595705986023 2.802596928649634e-45
vt 0.002153651788830757 -7.19887248123996e-05
vt 4.188790321350098 -0.03375000134110451
vt 2.094395160675049 0.032557372003793716
vt -0.0016263455618172884 -0.0011236544232815504
vt 4.71238899230957 -0.0024999999441206455
vt 1.941678762435913 0.0020000000949949026
vt -0.000628261303063482 -0.00017667742213234305
vt -0.0003568684624042362 0.002474397886544466
vt 0.007041447330266237 0.006790575571358204
vt 0.22439947724342346 -0.044557373970746994
vt -0.01198054850101471 -0.008287258446216583
vt 0.4487989544868469 0.2617993950843811
vt -0.0004428357060533017 -0.0054641105234622955
vt -0.0016451391857117414 -0.000977078452706337
vt 2.2034780979156494 0.673198401927948
vt 0.7853981852531433 0.2617993950843811
vt 2.9544509200229996e-15 -1.5707963705062866
vt 1.346396803855896 -0.02008282020688057
vt 4.71238899230957 8.570532095415921e-29
vt 1.5707963705062866 0.047520000487565994
vt 0.004399999976158142 -0.0030589860398322344
vt -0.019533099606633186 0.015311571769416332
vt 4.450338363647461 -0.05844999849796295
vt 3.4033920764923096 0.015832317993044853
vt 5.497786998748779 -0.002199999988079071
vt 0.0022422485053539276 0.001676997751928866
vt -0.0031942827627062798 -0.011639936827123165
vt -0.01915186084806919 0.014704832807183266
vt 2.7052602767944336 1.346396803855896
vt -0.03926396742463112 -0.019059885293245316
vt 0.22439947724342346 0.7853981852531433
vt -0.005076989997178316 0.00833683181554079
vt 0.2617993950843811 -0.00800000037997961
vt 4.71238899230957 -0.8975979089736938
vt 4.27605676651001 2.0195953845977783
vt 0.5233886241912842 -8.881784197001252e-16
vt 3.9269907474517822 -4.662069341687669e-18
vt 0.4487989544868469 -5.421010862427522e-19
vt -0.020148711279034615 -0.007777372840791941
vt 4.974188327789307 -0.673198401927948
vt -0.00032429490238428116 0.003986832220107317
vt -0.008100000210106373 -0.004999999888241291
vt -0.009342707693576813 -0.03325067088007927
vt 0.7853981852531433 0.0003000000142492354
vt 2.094395160675049 -0.044557373970746994
vt 4.450589656829834 1.6069783194858586e-25
vt 3.665191411972046 1.6069783194858586e-25
vt 4.863831520080566 2.0195953845977783
vt 3.665191411972046 2.2159139597613595e-17
vt -0.03693751245737076 0.003944725263863802
vt 0.5235987901687622 5.9631119486702744e-18
vt 5.0152740478515625 -2.356194496154785
vt 0.014999999664723873 0.02402881719172001
vt 2.454369306564331 -1.5707963705062866
vt -0.001398772350512445 0.009338993579149246
vt 0.7853981852531433 -0.0320499986410141
vt 0.2615375518798828 -0.02008282020688057
vt 4.4875969886779785 0.015832317993044853
vt 1.3089969158172607 0.044557373970746994
vt 5.759586334228516 0.009999999776482582
vt 4.71238899230957 1.1210387714598537e-44
vt 4.450589656829834 -0.0272000003606081
vt -0.022541550919413567 0.04961421340703964
vt -0.019059885293245316 -0.0017560335109010339
vt 1.832595705986023 -0.04555737227201462
vt 0.04553473740816116 -0.00015865903696976602
vt 3.9269907474517822 0.009999999776482582
vt 3.83972430229187 -1.832595705986023
vt 2.6179938316345215 -0.0272000003606081
vt 0.001497319433838129 0.0020020075608044863
vt 0.7853981852531433 -0.02500000037252903
vt 3.4033920764923096 0.2617993950843811
vt 4.974188327789307 9.999999747378752e-05
vt 4.05789041519165 2.9171931743621826
vt -0.02280000038444996 0.040726274251937866
vt 3.1415927410125732 -1.0471975803375244
vt 1.832595705986023 0.2617993950843811
vt 0.010328341275453568 -0.008572197519242764
vt -0.0002791492152027786 -0.019200000911951065
vt 1.346396803855896 0.7853981852531433
vt -0.01725775934755802 -0.0381568968296051
vt 4.874375343322754 5.782411445417199e-15
vt -0.007755184080451727 0.011739371344447136
vt -0.001923132105730474 0.0005175804835744202
vt 3.1415927410125732 -0.002199999988079071
vt 3.5903916358947754 0.032557372003793716
vt 1.346396803855896 0.2617993950843811
vt -0.01750769279897213 -0.03970121592283249
vt 2.779980421066284 5.782411445417199e-15
vt 2.356194496154785 -0.00019999999494757503
vt 0.0014986388850957155 -0.00011704924691002816
vt 5.497786998748779 0.035557374358177185
vt 6.02138614654541 -0.00019999999494757503
vt -0.08809364587068558 -0.0014181631850078702
vt -0.01803584396839142 -0.038786545395851135
vt 4.188790321350098 0.010999999940395355
vt 0.4487989544868469 0.7853981852531433
vt 3.366384744644165 0.009312311187386513
vt 5.235987663269043 -0.0320499986410141
vt 3.4033920764923096 -3.144186300207963e-18
vt 1.941678762435913 0.00800000037997961
vt 5.235987663269043 -0.22439947724342346
vt 0.6855852603912354 5.782411445417199e-15
vt -0.018645167350769043 0.014198139309883118
vt 1.8736811876296997 -1.3089969158172607
vt 1.3089969158172607 -0.00019999999494757503
vt 1.3092588186264038 -0.027809027582406998
vt 3.9269907474517822 -0.0320499986410141
vt 4.450589656829834 -0.03375000134110451
vt 2.923426389694214 -0.2617993950843811
vt 4.039190769195557 0.047520000487565994
vt -0.010328341275453568 -0.007329865824431181
vt -0.006200000178068876 0.04555737227201462
vt 0.8975979089736938 0.2617993950843811
vt -0.005685889627784491 0.050465479493141174
vt -0.0019644571002572775 -0.0015462561277672648
vt -0.2617993950843811 0.0
vt 3.8149490356445312 0.009312311187386513
vt 0.6544984579086304 -0.0005773502634838223
vt 5.4975361824035645 -0.05844999849796295
vt -0.08905410021543503 -0.00035091719473712146
vt 0.0 -0.007969026453793049
vt 3.83972430229187 -1.5707963705062866
vt -0.005396307911723852 0.007767654024064541
vt 1.5707963705062866 -0.044557373970746994
vt 5.759586334228516 2.802596928649634e-45
vt 3.9269907474517822 -1.071316466788007e-28
vt 1.5707963705062866 -0.0024999999441206455
vt 6.02138614654541 9.999999747378752e-05
vt 0.0 -0.00800000037997961
vt 0.2617993950843811 0.04305737093091011
vt -0.006771779153496027 0.028609037399291992
vt 1.4508049488067627 -0.5235987901687622
vt 5.235987663269043 1.1210387714598537e-44
vt -0.008314359001815319 -0.002199999988079071
vt 0.000628261303063482 -0.00017667742213234305
vt 4.863831520080566 2.9171931743621826
vt 0.04048169404268265 -0.0060719274915754795
vt -0.031824991106987 0.015703754499554634
vt 1.7016960382461548 0.4487989544868469
vt 7.8539814949035645 0.010999999940395355
vt 3.9269907474517822 9.999999747378752e-05
vt 2.356194496154785 0.04305737093091011
vt 0.2617993950843811 2.802596928649634e-45
vt -0.019012562930583954 -0.040515925735235214
vt 0.0031022990588098764 -0.0010914194863289595
vt 5.235987663269043 1.3010426069826053e-18
vt -0.044585078954696655 0.0025252951309084892
vt 5.0152740478515625 1.5707963705062866
vt 2.356194496154785 -0.05674999952316284
vt 1.832595705986023 -0.0003000000142492354
vt 4.05789041519165 2.692793607711792
vt 0.0013768052449449897 0.0036372251342982054
vt 0.0 2.802596928649634e-45
vt 1.832595705986023 0.032557372003793716
vt 1.3089969158172607 8.570530891709706e-29
vt 0.9490227699279785 0.0
vt 3.8269267082214355 -0.05844999849796295
vt 7.137369539123029e-05 0.0004948795540258288
vt 1.8736811876296997 -1.872792150552032e-25
vt 0.4363323152065277 0.019200000911951065
vt 1.9525871276855469 0.4487989544868469
vt 0.03271883726119995 0.004718853626400232
vt 4.71238899230957 0.032557372003793716
vt 5.0152740478515625 -2.4683942794799805
vt -0.09981289505958557 5.782411445417199e-15
vt 4.71238899230957 0.0
vt 0.04242067039012909 0.004374837502837181
vt -0.00503118010237813 -0.008305886760354042
vt 0.5233886241912842 -0.010082819499075413
vt 3.814790964126587 0.047520000487565994
vt 0.0011547005269676447 0.0
vt 6.02138614654541 0.009999999776482582
vt 1.832595705986023 1.0733601507606494e-17
vt -0.021514110267162323 0.0514654815196991
vt 4.189000129699707 0.047520000487565994
vt 0.0011500000255182385 -0.004741858225315809
vt 1.7951958179473877 0.0020000000949949026
vt 0.009696036577224731 0.00827984418720007
vt 2.879793167114258 -9.999999747378752e-05
vt -0.043166205286979675 0.006535002030432224
vt -0.0038999998942017555 -0.004000000189989805
vt 1.7016960382461548 -1.0471975803375244
vt 1.5707963705062866 0.673198401927948
vt 5.385587215423584 0.032557372003793716
vt 3.665191411972046 -0.5235987901687622
vt 1.7016960382461548 1.121997356414795
vt 3.4033920764923096 -0.7853981852531433
vt 4.494222640991211 2.692793607711792
vt 3.1415927410125732 -0.0003000000142492354
vt -0.00789712555706501 -0.044247765094041824
vt -0.019099999219179153 -0.004999999888241291
vt 0.7853981852531433 2.2159139597613595e-17
vt -0.0350082591176033 -0.006367874797433615
vt 1.1999138593673706 -0.2617993950843811
vt 4.71238899230957 -2.9168004989624023
vt 1.7016960382461548 -1.5707963705062866
vt 0.8975979089736938 1.0299920638612292e-18
vt 0.018200000748038292 0.003000000026077032
vt -0.004897583741694689 -0.0026509303133934736
vt 5.0152740478515625 -2.618204116821289
vt -0.1432366669178009 -0.02500000037252903
vt 1.1999138593673706 0.8975979089736938
vt 1.832595705986023 0.0003000000142492354
vt 0.0034805636387318373 0.0037021166644990444
vt 2.463088377870201e-15 0.2617993950843811
vt 0.2617993950843811 0.7853981852531433
vt 4.450589656829834 -0.019200000911951065
vt -3.665191411972046 0.000800000037997961
vt 0.0047393133863806725 -0.00047582396655343473
vt 4.71238899230957 0.010999999940395355
vt 0.044232893735170364 -0.0041618128307163715
vt 3.1415927410125732 0.022700000554323196
vt -0.009100000374019146 0.048920001834630966
vt 0.00838344544172287 0.011562693864107132
vt 4.936788558959961 0.0005000000237487257
vt 6.02138614654541 0.010999999940395355
vt 2.4434609413146973 0.025200000032782555
vt 0.008631285279989243 -0.005632809363305569
vt 0.009707175195217133 -0.009648087434470654
vt 0.21816615760326385 0.0020000000949949026
vt -0.038019999861717224 -0.009700000286102295
vt -0.002297848928719759 -0.00023070252791512758
vt 2.094395160675049 0.03305737301707268
vt 4.974188327789307 0.035557374358177185
vt 1.832595705986023 0.02452881820499897
vt -0.04453187435865402 0.0103787612169981
vt -0.004256033338606358 -0.0029598847031593323
vt 2.454369306564331 0.673198401927948
vt 4.188790321350098 0.02402881719172001
vt 4.450589656829834 1.5707963705062866
vt 1.121997356414795 -1.0471975803375244
vt 2.6179938316345215 1.3010426069826053e-18
vt -0.01819421350955963 -0.0028415501583367586
vt 0.0 -0.027809027582406998
vt 4.48798942565918 0.047520000487565994
vt 4.27605676651001 2.9171931743621826
vt 3.665191411972046 0.0003000000142492354
vt 0.5235987901687622 -0.05674999952316284
vt 1.1999138593673706 -1.7090779979987689e-25
vt 4.039190769195557 0.00648915208876133
vt 3.665191411972046 0.0
vt 5.497786998748779 -0.673198401927948
vt -0.007856033742427826 0.05047988519072533
vt -0.007499999832361937 0.05152000114321709
vt 0.007755184080451727 0.011739371344447136
vt 5.497786998748779 1.5707963705062866
vt -1.832595705986023 -0.002199999988079071
vt 0.025200000032782555 -6.618760239702016e-27
vt 5.235987663269043 0.0
vt 0.005900996271520853 0.0112669812515378
vt 3.9269907474517822 0.7853981852531433
vt 1.439896583557129 0.025200000032782555
vt 0.0025070153642445803 -0.0011697900481522083
vt 0.00463608605787158 0.0028707722667604685
vt -0.04218662157654762 0.00912646483629942
vt 4.188790321350098 1.3089969158172607
vt -0.008631285279989243 -0.005632809363305569
vt 4.450589656829834 -0.05674999952316284
vt 0.008364974521100521 -0.010929970070719719
vt 6.2831854820251465 0.008100000210106373
vt 3.5907857418060303 0.015832317993044853
vt 0.0005151568329893053 0.0022802099119871855
vt 3.4033920764923096 2.802596928649634e-45
vt -0.051342420279979706 -0.008100000210106373
vt 2.518181085586548 5.782411445417199e-15
vt -0.03495049849152565 -0.003749303752556443
vt 0.0050140307284891605 0.0022604200057685375
vt 6.02138614654541 0.7853981852531433
vt 4.71238899230957 0.04555737227201462
vt 0.673198401927948 -1.5707963705062866
vt 0.009071281179785728 -0.0038999998942017555
vt 2.2034780979156494 -1.0471975803375244
vt 0.004915866535156965 0.00896926037967205
vt -0.018885640427470207 -0.0031999999191612005
vt 3.4033920764923096 -1.0471975803375244
vt 0.21816615760326385 0.008100000210106373
vt 0.7853981852531433 2.802596928649634e-45
vt 2.2034780979156494 1.121997356414795
vt 3.1415927410125732 2.2159139597613595e-17
vt 0.7853981852531433 1.0471975803375244
vt 3.9269907474517822 0.047520000487565994
vt 6.152285575866699 -0.0005773502634838223
vt 0.04337213188409805 0.002947417786344886
vt -0.043624620884656906 0.0035925409756600857
vt 4.188790321350098 1.5707963705062866
vt 3.4033920764923096 0.009999999776482582
vt -0.00838344544172287 0.011562693864107132
vt 0.044585078954696655 0.0025252951309084892
vt 1.467068302474808e-18 0.0026833752635866404
vt 2.6179938316345215 -0.002199999988079071
vt 3.83972430229187 3.1415927410125732
vt 4.863831520080566 1.5707963705062866
vt -0.018300000578165054 -0.003785640699788928
vt 1.5707963705062866 0.0044999998062849045
vt 5.609984397888184 0.04546534642577171
vt 4.974188327789307 -0.4487989544868469
vt -0.001559909898787737 -0.0010269931517541409
vt -0.002321325708180666 -0.0009281418169848621
vt -0.0002447479637339711 0.0024377445224672556
vt 4.450589656829834 -5.041540102057596e-18
vt -0.010410119779407978 -0.007951031439006329
vt 1.3089969158172607 0.0024999999441206455
vt 3.4033920764923096 -0.5235987901687622
vt 6.02138614654541 0.008100000210106373
vt 4.450589656829834 -0.5235987901687622
vt 3.9269907474517822 2.2159139597613595e-17
vt 0.007499999832361937 0.050519999116659164
vt 4.450589656829834 0.026028817519545555
vt -0.009285889565944672 -0.0029454813338816166
vt -0.0042371912859380245 0.014364708214998245
vt 0.6981316804885864 -1.3089969158172607
vt 1.8736811876296997 0.8975979089736938
vt 4.27605676651001 -1.832595705986023
vt 4.494222640991211 -2.879793167114258
vt -0.001896808622404933 0.0015506827039644122
vt 6.2831854820251465 0.023528818041086197
vt 1.5707963705062866 0.000800000037997961
vt 3.83972430229187 1.5707963705062866
vt -0.02042822167277336 0.028609037399291992
vt 4.863831520080566 3.1415927410125732
vt 1.0471975803375244 0.02452881820499897
vt 0.22439947724342346 -0.0019894554279744625
vt 0.4487989544868469 -1.3089969158172607
vt 0.019099999219179153 -0.0024999999441206455
vt -0.03508797287940979 0.0017803189111873507
vt 4.71238899230957 0.025200000032782555
vt 4.71238899230957 -2.094395160675049
vt 1.8736811876296997 -0.7853981852531433
vt -0.001497319433838129 -0.0020020075608044863
vt -0.09446174651384354 0.0006527716759592295
vt 0.22439947724342346 0.5235987901687622
vt 3.665191411972046 1.3010426069826053e-18
vt 5.497786998748779 -0.019200000911951065
vt 1.8736811876296997 1.121997356414795
vt 5.497786998748779 1.0471975803375244
vt 0.22439947724342346 -0.04555737227201462
vt 5.497786998748779 0.0
vt 0.006300000008195639 0.005499999970197678
vt 3.010693073272705 -0.0005773502634838223
vt -0.02186274155974388 0.02943725883960724
vt 2.9544509200229996e-15 1.5707963705062866
vt -0.02280000038444996 0.031700000166893005
vt -0.004968629218637943 0.05105137079954147
vt 3.665191411972046 0.7853981852531433
vt 3.665191411972046 1.5707963705062866
vt 0.7853981852531433 1.1210387714598537e-44
vt 1.5707963705062866 0.22439947724342346
vt 4.4875969886779785 0.009312311187386513
vt 3.83972430229187 -2.879793167114258
vt 0.5235987901687622 -0.02500000037252903
vt -0.009312311187386513 -0.019200000911951065
vt -0.012643289752304554 -0.00777871860191226
vt -0.007043289951980114 -0.019600000232458115
vt 3.4033920764923096 -0.00019999999494757503
vt -0.005150930490344763 -0.0023975837975740433
vt -6.217248937900877e-15 -0.03355737403035164
vt 5.235987663269043 -7.511573375854228e-18
vt 0.2617993950843811 -0.03375000134110451
vt 1.0471975803375244 -0.00019999999494757503
vt 0.4487989544868469 -0.2617993950843811
vt -0.007430230733007193 0.015987932682037354
vt 3.9269907474517822 1.1210387714598537e-44
vt -0.0210999995470047 0.04002000018954277
vt 0.010088580660521984 -0.006751031614840031
vt 0.008700000122189522 0.005285640712827444
vt 1.1890054941177368 0.025200000032782555
vt -0.08766353130340576 -0.006901319604367018
vt 0.033817991614341736 -0.0029022919479757547
vt 5.385587215423584 8.570532095415921e-29
vt 2.6179938316345215 0.03305737301707268
vt 0.008631370961666107 0.05105137079954147
vt 0.6981316804885864 -0.6733564734458923
vt -0.009707175195217133 -0.006253974977880716
vt 2.24399471282959 0.025200000032782555
vt 0.002232298254966736 -0.0011439661029726267
vt 6.02138614654541 1.1210387714598537e-44
vt 0.2617993950843811 -0.002199999988079071
vt 4.188790321350098 -4.035750689130103e-29
vt 0.22439947724342346 -1.0471975803375244
vt -0.018750930204987526 -0.0023975837975740433
vt 1.832595705986023 -9.999999747378752e-05
vt 0.002781732240691781 0.0038664538878947496
vt 6.2831854820251465 0.2617993950843811
vt -0.00455451849848032 0.041205890476703644
vt 0.04552328586578369 0.0020724679343402386
vt 0.008562741801142693 0.004562741611152887
vt 4.188790321350098 -0.00800000037997961
vt -0.7853981852531433 0.000800000037997961
vt -0.08744213730096817 -0.0026976277586072683
vt -0.009037258103489876 0.008562741801142693
vt 4.974188327789307 2.802596928649634e-45
vt 5.585053443908691 0.019230972975492477
vt 5.0152740478515625 2.24399471282959
vt 6.2831854820251465 0.026028817519545555
vt -0.09620018303394318 -0.00871354155242443
vt 0.7853981852531433 -0.0005000000237487257
vt 1.9525871276855469 -0.2617993950843811
vt 3.665191411972046 -1.5707963705062866
vt 0.0020000000949949026 -0.0024999999441206455
vt -2.042810365310288e-14 -0.04555737227201462
vt -0.000711723871063441 0.0005045411526225507
vt 0.002612408949062228 -0.0029026400297880173
vt 0.673198401927948 -0.008478607051074505
vt 5.161188125610352 0.03355737403035164
vt 0.033870354294776917 0.00023733507259748876
vt 1.0471975803375244 2.802596928649634e-45
vt 0.04188618063926697 -0.005773772485554218
vt -0.03211037442088127 0.015943095088005066
vt 0.002428722335025668 -0.0013606277061626315
vt 4.71238899230957 1.5707963705062866
vt 3.1415927410125732 -0.5235987901687622
vt 3.1415927410125732 0.673198401927948
vt 0.00944548100233078 0.004314110614359379
vt -0.09219703078269958 -0.010015386156737804
vt 2.356194496154785 0.0020000000949949026
vt 3.665191411972046 -5.041540102057596e-18
vt 0.008631370961666107 0.05005137249827385
vt 4.974188327789307 0.009999999776482582
vt 6.544984817504883 -0.00019999999494757503
vt -0.091623455286026 0.0008754141163080931
vt 3.4033920764923096 0.0044999998062849045
vt 0.22439947724342346 1.3089969158172607
vt 4.494222640991211 1.5707963705062866
vt 1.7951958179473877 -0.0020843343809247017
vt 0.0 1.3089969158172607
vt 0.0009851297363638878 -0.002297720406204462
vt -0.01198054850101471 -0.018912741914391518
vt 6.2831854820251465 -0.00800000037997961
vt 0.673198401927948 1.0471975803375244
vt 2.094395160675049 -0.05674999952316284
vt 0.6872233748435974 0.0020000000949949026
vt -2.6179938316345215 2.802596928649634e-45
vt 0.0025719066616147757 -0.00177645159419626
vt -0.03904789313673973 -0.005996414925903082
vt -0.004246666561812162 -0.0026988727040588856
vt 1.5707963705062866 -1.0471975803375244
vt 0.5235987901687622 0.03305737301707268
vt 0.008438361808657646 -0.004981753882020712
vt 1.5707963705062866 0.044557373970746994
vt 1.0471975803375244 -0.0272000003606081
vt -0.005040841642767191 -0.007522789295762777
vt 4.05789041519165 -1.5707963705062866
vt 2.6179938316345215 1.5707963705062866
vt 5.759586334228516 0.026028817519545555
vt 0.7853981852531433 0.03305737301707268
vt 5.497786998748779 0.7853981852531433
vt 5.235987663269043 -0.673198401927948
vt 1.346396803855896 -1.5707963705062866
vt -0.0001539266959298402 -1.5454139429493807e-05
vt -0.008364974521100521 -0.010929970070719719
vt 3.9269907474517822 0.026028817519545555
vt 1.7787004242292307e-28 0.032557372003793716
vt -0.002428722335025668 -0.0013606277061626315
vt 1.346396803855896 -0.04555737227201462
vt 5.235987663269043 0.02452881820499897
vt 0.005224528722465038 -0.009064801968634129
vt 0.046244844794273376 -0.0014983481960371137
vt 1.267911434173584 0.022700000554323196
vt -0.004923917818814516 0.009621841832995415
vt 4.450589656829834 0.02402881719172001
vt 0.03464393690228462 0.00041491768206469715
vt -0.2617993950843811 1.5707963705062866
vt 0.009400323033332825 0.010762292891740799
vt -1.5707963705062866 -0.002199999988079071
vt 1.0471975803375244 0.7853981852531433
vt 6.544984817504883 -0.0003000000142492354
vt 1.1890054941177368 0.019200000911951065
vt 5.235987663269043 0.026028817519545555
vt 3.0415287017822266 -0.05844999849796295
vt 3.1415927410125732 0.047520000487565994
vt 4.612325191497803 -0.05844999849796295
vt 2.454369306564331 1.5707963705062866
vt 4.71238899230957 -2.0195953845977783
vt 0.010088580660521984 -0.009151031263172626
vt 0.673198401927948 -0.027809027582406998
vt 0.042173102498054504 -0.006201181560754776
vt 4.188790321350098 -0.019200000911951065
vt 2.356194496154785 -0.04555737227201462
vt 2.6179938316345215 -0.044557373970746994
vt 0.8975979089736938 -0.04555737227201462
vt -0.0320146381855011 0.013104204088449478
vt 6.544984817504883 0.010999999940395355
vt -0.008209037594497204 0.007128220982849598
vt 1.3089969158172607 -0.03305737301707268
vt 0.0015999999595806003 0.044557373970746994
vt 7.0685834884643555 0.010999999940395355
vt -0.5235987901687622 0.0
vt 0.008885640650987625 0.05071999877691269
vt 5.759586334228516 -0.8975979089736938
vt 4.71238899230957 -0.019200000911951065
vt 5.235987663269043 -0.002199999988079071
vt 0.036867473274469376 -0.00690351752564311
vt -0.011152327060699463 -0.009721779264509678
vt 0.006896349135786295 -0.005165440496057272
vt 0.032223958522081375 0.004647479858249426
vt 0.0 -0.004399999976158142
vt 0.04360232129693031 0.004512974992394447
vt -0.09716063737869263 -0.007646295707672834
vt 0.0012850102502852678 -0.00015307222201954573
vt 0.0038999998942017555 -2.2656863103152428e-20
vt 4.05789041519165 -2.094395160675049
vt 4.71238899230957 1.0471975803375244
vt 0.6872233748435974 0.00800000037997961
vt 0.018200000748038292 0.0026833752635866404
vt -0.08714398741722107 -0.004102117381989956
vt 3.1415927410125732 -2.7484525072507537e-17
vt 0.673198401927948 -0.2617993950843811
vt 3.9269907474517822 0.010999999940395355
vt 0.0002957128453999758 0.002482449170202017
vt -0.009123889729380608 -0.010736621916294098
vt 0.00503118010237813 -0.008305886760354042
vt 1.7222387790679932 0.4487989544868469
vt 0.0056101190857589245 -0.007951031439006329
vt -1.832595705986023 0.000800000037997961
vt 3.1415927410125732 -1.3089969158172607
vt 1.7222387790679932 1.121997356414795
vt 1.7016960382461548 1.5707963705062866
vt 3.9269907474517822 0.015832317993044853
vt 3.4033920764923096 1.3089969158172607
vt 0.00710260309278965 0.011747422628104687
vt -0.0059316582046449184 -0.006751031614840031
vt 3.4033920764923096 -1.071316466788007e-28
vt 3.665191411972046 0.0044999998062849045
vt 4.450589656829834 -1.071316466788007e-28
vt 5.609986782073975 8.570532095415921e-29
vt 0.0 -0.0320499986410141
vt 2.923426389694214 1.346396803855896
vt 6.2831854820251465 0.02452881820499897
vt 4.71238899230957 0.04305737093091011
vt -0.0033358074724674225 -0.0028292532078921795
vt -0.005341550335288048 -0.0020942140836268663
vt -0.022231370210647583 0.05105137079954147
vt -0.0025719066616147757 -0.003723548259586096
vt 0.0 -0.025200000032782555
vt 3.9269907474517822 0.5235987901687622
vt 0.673198401927948 -0.7853981852531433
vt 5.497786998748779 -0.02500000037252903
vt 5.497786998748779 -0.22439947724342346
vt 2.879793167114258 0.02452881820499897
vt 5.148721218109131 0.007350000087171793
vt 3.1415927410125732 0.010999999940395355
vt -0.02209758386015892 0.050170931965112686
vt 0.5235987901687622 1.3089969158172607
vt -0.018941549584269524 -0.0020942140836268663
vt 3.1415927410125732 -9.999999747378752e-05
vt -0.008631370961666107 0.05105137079954147
vt -0.0028239309322088957 -0.0511043444275856
vt 6.02138614654541 0.2617993950843811
vt -0.008010119199752808 -0.010351031087338924
vt 0.5235987901687622 8.570530891709706e-29
vt 2.454369306564331 -0.2617993950843811
vt 4.088726043701172 -0.05844999849796295
vt 4.05789041519165 -2.356194496154785
vt 0.5235987901687622 1.0471975803375244
vt -0.008885640650987625 0.05071999877691269
vt -0.018990961834788322 0.007128220982849598
vt -0.01239307876676321 -0.04273887723684311
vt 1.832595705986023 -0.05674999952316284
vt 2.094395160675049 2.802596928649634e-45
vt 0.03551808372139931 -0.003702837508171797
vt 0.005031371023505926 -0.002531370846554637
vt -0.09781214594841003 -0.006366831250488758
vt 3.303328037261963 -0.05844999849796295
vt 5.366827964782715 0.0074883028864860535
vt 4.263589859008789 0.032557372003793716
vt 5.759586334228516 -0.0003000000142492354
vt 0.0019031245028600097 -0.004438855219632387
vt 1.5707963705062866 0.0024999999441206455
vt 0.04630608856678009 -0.002404066501185298
vt 0.6981316804885864 -1.0471975803375244
vt 2.356194496154785 1.5707963705062866
vt 2.094395160675049 -0.03375000134110451
vt 4.450589656829834 2.802596928649634e-45
vt -0.015832317993044853 -0.019850000739097595
vt 0.00738895358517766 -0.005632809363305569
vt 6.2831854820251465 0.025200000032782555
vt -0.008299999870359898 0.05130564048886299
vt 0.004699999932199717 -0.002785640535876155
vt 5.470300674438477 0.019533099606633186
vt -0.002297720406204462 -0.0009851297363638878
vt 0.001398772350512445 0.009338993579149246
vt 0.2617993950843811 0.044557373970746994
vt 6.2831854820251465 -1.3092588186264038
vt 5.3332366943359375 0.007430230733007193
vt 4.450589656829834 9.999999747378752e-05
vt 4.560946464538574 0.02280000038444996
vt 0.8975979089736938 -0.02008282020688057
vt 3.4033920764923096 0.02402881719172001
vt 0.03519323468208313 0.005075722001492977
vt 0.03689192980527878 -0.00670241191983223
vt 1.832595705986023 -0.0320499986410141
vt -0.04253450781106949 0.007777092047035694
vt 0.00904548168182373 0.04933410882949829
vt 1.7222387790679932 0.0
vt 4.71238899230957 -0.2617993950843811
vt 5.235987663269043 -9.999999747378752e-05
vt 1.121997356414795 -0.7853981852531433
vt 5.3332366943359375 0.01976976916193962
vt -0.009696036577224731 0.00827984418720007
vt 0.5235987901687622 -0.00019999999494757503
vt 3.4033920764923096 -0.02500000037252903
vt 1.7222387790679932 -1.872792150552032e-25
vt 0.001732050790451467 -0.0010000000474974513
vt 6.003901958465576 0.044388506561517715
vt 5.497786998748779 1.1364126822411769e-25
vt 3.1415927410125732 -1.5707963705062866
vt 3.9269907474517822 -9.999999747378752e-05
vt 8.377580642700195 0.009999999776482582
vt -0.027903065085411072 -0.008385643362998962
vt -0.019188256934285164 -0.008844618685543537
vt 0.03508797287940979 0.0017803189111873507
vt 4.494222640991211 -2.356194496154785
vt 5.161188125610352 0.04555737227201462
vt 6.2831854820251465 -0.0003000000142492354
vt 0.7853981852531433 -9.999999747378752e-05
vt -0.0210999995470047 0.050519999116659164
vt 0.03843366727232933 -0.006884194444864988
vt -0.005691897124052048 -0.008572197519242764
vt -0.005900996271520853 0.0112669812515378
vt 0.6981316804885864 -1.6240314892895947e-26
vt 0.7853981852531433 -0.027809027582406998
vt -0.004399999976158142 0.031700000166893005
vt 0.7853981852531433 -0.00019999999494757503
vt 4.05789041519165 -1.832595705986023
vt 1.121997356414795 -0.04555737227201462
vt -0.008631285279989243 -0.010269253514707088
vt -0.09025805443525314 0.0004313793033361435
vt 0.008944571949541569 0.011229430325329304
vt 6.806532859802246 -0.05844999849796295
vt 6.544984817504883 1.1210387714598537e-44
vt -0.04410106688737869 0.006360448431223631
vt 3.83972430229187 -2.9168004989624023
vt -0.006614571437239647 -0.021199999377131462
vt 4.05789041519165 -3.1415927410125732
vt 1.5707963705062866 0.032557372003793716
vt -0.024151865392923355 -0.006475528702139854
vt -1.3877787807814457e-17 -3.469446951953614e-17
vt 1.0471975803375244 -0.019200000911951065
vt 4.05789041519165 1.5707963705062866
vt 4.188790321350098 1.6069783194858586e-25
vt 0.0015506827039644122 0.001896808622404933
vt 2.6179938316345215 -0.019200000911951065
vt 2.24399471282959 -0.0020843343809247017
vt 4.189000129699707 -0.0024999999441206455
vt 1.3089969158172607 5.9631119486702744e-18
vt -0.0002791492152027786 -0.019089335575699806
vt 4.974188327789307 1.3089969158172607
vt 4.188790321350098 0.04305737093091011
vt -0.009872714057564735 0.008908105082809925
vt -0.0012250000145286322 0.002121762139722705
vt -0.013968187384307384 -0.038799457252025604
vt 1.6389836859503818e-29 0.003000000026077032
vt 0.0056077102199196815 -0.009747814387083054
vt 2.463088377870201e-15 -1.3089969158172607
vt 0.007128220982849598 -0.005390962585806847
vt 0.03534964099526405 -0.006516821216791868
vt -0.0011302100028842688 -0.005257015116512775
vt 3.665191411972046 -0.7853981852531433
vt 2.4434609413146973 0.0020000000949949026
vt 3.727278232574463 0.0044999998062849045
vt 0.00103951885830611 -0.002599884755909443
vt -0.00804813951253891 0.014704832807183266
vt 0.4487989544868469 -0.02008282020688057
vt 4.350525379180908 -0.05844999849796295
vt 2.6179938316345215 0.02402881719172001
vt 4.188790321350098 -0.0003000000142492354
vt 2.356194496154785 -0.02500000037252903
vt 4.974188327789307 0.04305737093091011
vt 3.1415927410125732 9.999999747378752e-05
vt 5.0152740478515625 1.7951958179473877
vt 0.7853981852531433 -0.05674999952316284
vt -0.014243289828300476 -0.019850000739097595
vt 2.879793167114258 -0.0320499986410141
vt 2.879793167114258 0.2617993950843811
vt 5.079423427581787 0.010999999940395355
vt -0.04381031543016434 0.013949577696621418
vt -0.001500000013038516 0.0
vt 4.494222640991211 -3.1415927410125732
vt -0.2617993950843811 0.7853981852531433
vt 6.02138614654541 0.02452881820499897
vt 1.5707963705062866 -0.02008282020688057
vt -0.0018541879253461957 -0.00047239026753231883
vt -0.04553473740816116 -0.00015865903696976602
vt 1.1999138593673706 -1.3089969158172607
vt 5.235987663269043 1.1364126822411769e-25
vt 0.0 -0.0005773502634838223
vt 0.03648171201348305 -0.003858115989714861
vt 4.450589656829834 7.57608358530954e-29
vt -0.010767383500933647 -0.009133187122642994
vt 6.02138614654541 0.026028817519545555
vt 2.6179938316345215 1.0471975803375244
vt 0.043165646493434906 0.003944725263863802
vt -0.022231370210647583 0.040488630533218384
vt 3.1415927410125732 -0.02500000037252903
vt 3.1415927410125732 0.0003000000142492354
vt 0.0027592775877565145 -0.004271181300282478
vt 0.008100000210106373 -0.0024999999441206455
vt -0.0052999998442828655 0.05130564048886299
vt 1.121997356414795 0.5235987901687622
vt 0.0019117314368486404 -0.0010914194863289595
vt 5.497786998748779 -0.0003000000142492354
vt 0.04071846604347229 0.005666034761816263
vt 0.0003996926825493574 0.0027713256422430277
vt 1.3089969158172607 0.5235987901687622
vt -2.356194496154785 2.802596928649634e-45
vt 2.8800551891326904 0.025200000032782555
vt 0.4487989544868469 1.3089969158172607
vt 5.202206134796143 0.007350000087171793
vt 0.002173958346247673 0.012215581722557545
vt 4.450589656829834 0.035557374358177185
vt 6.021134853363037 -0.05844999849796295
vt 1.346396803855896 -1.3089969158172607
vt 0.009806903079152107 -0.010353440418839455
vt 6.02138614654541 -0.002199999988079071
vt 0.5235987901687622 0.02452881820499897
vt 4.450589656829834 -7.318364664277155e-19
vt -0.0059316582046449184 -0.009151031263172626
vt 6.544984817504883 -0.05674999952316284
vt 5.497786998748779 0.5235987901687622
vt 4.71238899230957 1.7951958179473877
vt -0.01747822016477585 0.024390961974859238
vt 2.4434609413146973 0.00800000037997961
vt -0.03332186117768288 -0.008554833009839058
vt -0.004314110614359379 -0.00394548149779439
vt -0.00023728255473542958 -0.000526336720213294
vt -0.00796551164239645 -0.04979062080383301
vt 2.356194496154785 -0.0272000003606081
vt 1.5707963705062866 1.3010426069826053e-18
vt 6.02138614654541 0.023528818041086197
vt 5.759586334228516 -0.22439947724342346
vt 0.7853981852531433 0.02452881820499897
vt 2.879793167114258 0.0003000000142492354
vt 3.4033920764923096 0.025200000032782555
vt 4.27605676651001 2.24399471282959
vt 2.879542112350464 -0.05844999849796295
vt -0.043337561190128326 -0.005608963780105114
vt 4.450589656829834 -9.999999747378752e-05
vt 1.4220271059547075e-28 0.026028817519545555
vt -0.5235987901687622 -0.002199999988079071
vt 3.665191411972046 -9.999999747378752e-05
vt -0.007499999832361937 4.097459290107593e-29
vt 4.48798942565918 0.00648915208876133
vt 3.9269907474517822 0.0003000000142492354
vt 3.665191411972046 0.0020000000949949026
vt 0.9471335411071777 -0.05844999849796295
vt 1.7016960382461548 -1.7090779979987689e-25
vt 1.0471975803375244 -0.03355737403035164
vt -0.0936308279633522 -0.009939872659742832
vt 0.7853981852531433 0.000800000037997961
vt 4.974188327789307 -0.00800000037997961
vt 2.356194496154785 0.7853981852531433
vt 0.007655263878405094 -0.004972092341631651
vt 5.759586334228516 -1.121997356414795
vt 0.0019644571002572775 0.0015462561277672648
vt 4.039190769195557 0.04555737227201462
vt 5.759586334228516 0.0003000000142492354
vt 2.879793167114258 1.0733601507606494e-17
vt 0.0017324115615338087 0.0017324115615338087
vt 6.2831854820251465 1.1364126822411769e-25
vt 6.2831854820251465 -1.84033541504574e-17
vt 6.02138614654541 1.3010426069826053e-18
vt 2.981555974335137e-15 0.044557373970746994
vt 6.02138614654541 -0.4487989544868469
vt -0.015832317993044853 -0.007350000087171793
vt 0.0027713256422430277 -0.0003996926825493574
vt 5.235987663269043 1.3089969158172607
vt 6.2831854820251465 -0.22439947724342346
vt -0.0005773502634838223 0.0
vt 1.046946406364441 -0.05844999849796295
vt -0.012150343507528305 -0.041556719690561295
vt 0.034455619752407074 -0.0038206775207072496
vt -0.2617993950843811 0.000800000037997961
vt 1.5707963705062866 0.5235987901687622
vt 5.659522533416748 -0.05844999849796295
vt 3.4033920764923096 0.02452881820499897
vt -0.017500000074505806 0.009071281179785728
vt -0.0038432900328189135 -0.02280000038444996
vt 5.0152740478515625 2.4683942794799805
vt 0.02280000038444996 -0.0030589860398322344
vt 4.71238899230957 2.4683942794799805
vt 2.4870941638946533 -0.0005773502634838223
vt 3.665191411972046 -0.02500000037252903
vt 1.5707963705062866 -0.0320499986410141
vt -0.0025070153642445803 -0.0016197900986298919
vt -0.04048169404268265 -0.0060719274915754795
vt 1.832595705986023 0.044557373970746994
vt 6.058785915374756 8.570532095415921e-29
vt 4.71238899230957 0.015832317993044853
vt -0.013415069319307804 -0.007459037471562624
vt -0.0044999998062849045 0.041519999504089355
vt 1.832595705986023 -0.03375000134110451
vt -0.005454304628074169 -0.027310119941830635
vt -0.003215080127120018 -0.009105503559112549
vt 0.673198401927948 -0.02008282020688057
vt -0.0044999998062849045 0.05251999944448471
vt 4.71238899230957 2.802596928649634e-45
vt 3.9269907474517822 0.0
vt 0.002622070489451289 -0.0021195425651967525
vt -0.0020020075608044863 0.001497319433838129
vt 1.5707963705062866 -0.5235987901687622
vt 1.3089969158172607 1.3010426069826053e-18
vt 1.941678762435913 0.025200000032782555
vt -0.018497584387660027 -0.0026509303133934736
vt -0.006099999882280827 0.05152000114321709
vt 3.814790964126587 -5.9631119486702744e-18
vt 0.7853981852531433 -0.011976709589362144
vt 2.1925699710845947 0.025200000032782555
vt 4.71238899230957 0.0005000000237487257
vt -0.0224856398999691 0.04081999883055687
vt 2.879793167114258 0.03305737301707268
vt -0.0020000000949949026 1.0926558157108007e-29
vt 2.7052602767944336 -0.5235987901687622
vt 1.832595705986023 1.0471975803375244
vt -0.002153651788830757 -7.19887248123996e-05
vt 1.832595705986023 -0.019200000911951065
vt 4.450589656829834 -1.0471975803375244
vt 2.6179938316345215 0.022700000554323196
vt 0.019099999219179153 -0.009999999776482582
vt 2.356194496154785 1.3010426069826053e-18
vt -0.006154612172394991 -0.010308380238711834
vt 0.2617993950843811 2.2159139597613595e-17
vt 1.5707963705062866 0.02402881719172001
vt 4.188790321350098 -1.5707963705062866
vt -0.004600000102072954 0.03305737301707268
vt 4.450589656829834 -0.002199999988079071
vt -0.011043289676308632 -0.01665000058710575
vt 5.235987663269043 0.010999999940395355
vt 1.1999138593673706 0.22439947724342346
vt 5.759586334228516 -0.05674999952316284
vt 3.665191411972046 -0.00800000037997961
vt -0.006355113349854946 -0.044064078480005264
vt 1.3092588186264038 -8.881784197001252e-16
vt 2.879793167114258 1.1210387714598537e-44
vt 4.71238899230957 -2.24399471282959
vt 1.5707963705062866 -0.03355737403035164
vt 2.355943441390991 -0.05844999849796295
vt 0.0 -0.002199999988079071
vt 0.002121762139722705 -0.0012250000145286322
vt 6.2831854820251465 -1.047407627105713
vt -3.1415927410125732 0.000800000037997961
vt 4.71238899230957 2.0941848754882812
vt 3.814790964126587 -0.0024999999441206455
vt 2.094395160675049 1.5707963705062866
vt 0.0006743593257851899 -0.0009373221546411514
vt -0.03962000086903572 -0.008100000210106373
vt 0.5233886241912842 -0.02008282020688057
vt 0.039621468633413315 0.004894385114312172
vt 0.9490227699279785 -0.7853981852531433
vt 0.5235987901687622 2.802596928649634e-45
vt -0.006106031592935324 -0.005337258335202932
vt 2.356194496154785 0.0020843343809247017
vt 6.02138614654541 0.0
vt 2.356194496154785 1.1210387714598537e-44
vt 2.356194496154785 0.0
vt 2.356194496154785 1.0471975803375244
vt 4.974188327789307 0.025200000032782555
vt -0.04052332788705826 0.0171564482152462
vt 0.007581877056509256 -0.010920308530330658
vt 0.9490227699279785 1.121997356414795
vt 2.6179938316345215 9.999999747378752e-05
vt -0.0011893876362591982 -0.0005099406698718667
vt 0.0005712733254767954 -0.004795723594725132
vt 7.330382823944092 0.010999999940395355
vt 3.4033920764923096 -0.2617993950843811
vt 1.047407627105713 -8.881784197001252e-16
vt 2.094395160675049 -0.019200000911951065
vt 0.036906205117702484 -0.006801387760788202
vt 3.9269907474517822 -1.3089969158172607
vt 4.71238899230957 0.023528818041086197
vt -0.00710260309278965 0.011747422628104687
vt -0.004968629218637943 0.040488630533218384
vt 5.235987663269043 2.802596928649634e-45
vt -0.0023588761687278748 -0.003971717320382595
vt 1.3089969158172607 0.032557372003793716
vt 1.0471975803375244 -0.0320499986410141
vt 3.4033920764923096 -0.00800000037997961
vt 1.3089969158172607 1.1210387714598537e-44
vt -0.0016075887251645327 -0.004020654130727053
vt -1.3089969158172607 2.802596928649634e-45
vt 0.8975979089736938 -0.0019894554279744625
vt -0.03534964099526405 -0.006516821216791868
vt 0.0 -0.005049999803304672
vt 3.1415927410125732 1.0471975803375244
vt 7.330382823944092 0.009999999776482582
vt -0.0007851106347516179 -0.005443675443530083
vt -0.0018232838483527303 0.0008219708688557148
vt 0.9490227699279785 -0.2617993950843811
vt -0.0030700641218572855 0.01342024002224207
vt 0.0 -0.025459138676524162
vt 0.8975979089736938 0.5235987901687622
vt 0.9490227699279785 -1.3089969158172607
vt -0.09811029583215714 -0.004962341394275427
vt 2.879793167114258 1.5707963705062866
vt 0.7853981852531433 0.04305737093091011
vt 1.5707963705062866 1.047407627105713
vt 0.009499999694526196 -0.002300000051036477
vt 4.450589656829834 0.0003000000142492354
vt 5.0152740478515625 -2.24399471282959
vt -0.009700000286102295 0.009071281179785728
vt -0.04090806469321251 -0.0065273260697722435
vt 2.6179938316345215 -0.00019999999494757503
vt 3.1415927410125732 -0.03375000134110451
vt 4.263589859008789 -0.0024999999441206455
vt 4.71238899230957 -1.5707963705062866
vt -0.03519323468208313 0.005075722001492977
vt 0.002232298254966736 -0.0016060338821262121
vt 0.673198401927948 -1.6069783194858586e-25
vt -0.0358702689409256 0.0029842706862837076
vt 5.497786998748779 -0.8975979089736938
vt 0.005221125669777393 0.001573045621626079
vt 0.03422248736023903 0.0012984678614884615
vt -0.0007379390299320221 0.0007962906383909285
vt 0.009865626692771912 -0.005593682639300823
vt 0.6981316804885864 -0.44919317960739136
vt 6.02138614654541 -0.0272000003606081
vt 0.21816615760326385 0.019099999219179153
vt 8.326672684688674e-17 -9.020562075079397e-17
vt 5.759586334228516 0.0020000000949949026
vt -0.009312311187386513 -0.00800000037997961
vt -0.006413185968995094 0.006967253051698208
vt 6.706719875335693 -0.05844999849796295
vt 4.450589656829834 -4.035750689130103e-29
vt -0.008568628691136837 -0.0035313707776367664
vt 0.4363323152065277 0.025200000032782555
vt -0.002212375868111849 -0.004831746686249971
vt -0.01811962015926838 -0.041128478944301605
vt 0.003114132909104228 -0.0012922422029078007
vt 3.83972430229187 -2.6179938316345215
vt 0.006413185968995094 0.006967253051698208
vt 3.9269907474517822 0.0024999999441206455
vt 1.1999138593673706 -1.0471975803375244
vt 3.1415927410125732 7.589415207398531e-19
vt 0.043165646493434906 -0.0051222676411271095
vt -0.005031371023505926 -0.0035313707776367664
vt 5.497786998748779 -0.00800000037997961
vt 0.0024003961589187384 -0.0036565535701811314
vt 0.673198401927948 -0.034771449863910675
vt 6.2831854820251465 0.0005000000237487257
vt 1.4193538427352905 0.0020000000949949026
vt -0.00766689982265234 0.015311571769416332
vt 2.879793167114258 0.7853981852531433
vt -0.0003311983891762793 0.002780343173071742
vt 3.8149490356445312 -9.432558900623889e-18
vt -0.0017324115615338087 0.0017324115615338087
vt 1.346396803855896 -1.6069783194858586e-25
vt 6.02138614654541 -0.05674999952316284
vt -0.0033261459320783615 -0.0020461557433009148
vt 5.759586334228516 -0.02500000037252903
vt -0.03271883726119995 0.004718853626400232
vt 0.005677610170096159 0.0020388425327837467
vt 3.4033920764923096 0.022700000554323196
vt 0.000711723871063441 0.0005045411526225507
vt 3.665191411972046 -1.3089969158172607
vt 0.00135701522231102 0.003122068475931883
vt 0.5235987901687622 3.355605723842636e-17
vt -0.01665000058710575 0.02449999935925007
vt -0.044234342873096466 0.01244175061583519
vt 0.002678194083273411 -0.003402539761736989
vt 3.8149490356445312 0.015832317993044853
vt -0.03213837370276451 0.015748951584100723
vt 1.5707963705062866 -0.025459138676524162
vt 6.806784152984619 -0.05674999952316284
vt 1.121997356414795 1.3089969158172607
vt 1.7951958179473877 0.025200000032782555
vt 3.1415927410125732 0.0044999998062849045
vt 0.7853981852531433 8.570530891709706e-29
vt 1.3092588186264038 -0.010082819499075413
vt 3.1415927410125732 0.8975979089736938
vt 3.4033920764923096 0.023528818041086197
vt 0.22439947724342346 -1.5707963705062866
vt 0.8975979089736938 -0.011976709589362144
vt 0.5235987901687622 -0.03355737403035164
vt -0.0345684252679348 -0.001018883311189711
vt 2.879793167114258 0.010999999940395355
vt 0.0038999998942017555 -0.003000000026077032
vt 4.188539028167725 -0.05844999849796295
vt -0.026090843603014946 -0.016922293230891228
vt 3.1415927410125732 0.7853981852531433
vt 4.71238899230957 -1.7955883741378784
vt 1.5707963705062866 0.022700000554323196
vt -0.01831410825252533 -0.012962373904883862
vt 1.599198204416119e-14 0.03305737301707268
vt 0.9473846554756165 5.782411445417199e-15
vt -0.002121762139722705 0.0012250000145286322
vt 1.439896583557129 -0.0005773502634838223
vt 0.9162978529930115 -0.0005773502634838223
vt 0.0016075887251645327 -0.004020654130727053
vt 3.4031410217285156 -0.05844999849796295
vt 0.043904904276132584 -0.0027875106316059828
vt 6.02138614654541 -1.121997356414795
vt 4.974188327789307 0.0
vt -0.009285889565944672 -0.00394548149779439
vt 3.83972430229187 -2.692399501800537
vt -0.022645480930805206 0.05033411085605621
vt -0.04545922577381134 -0.0015924600884318352
vt -0.00971964094787836 0.01019311510026455
vt 0.036677874624729156 0.005289842840284109
vt 4.27605676651001 -2.6179938316345215
vt -0.0006341066327877343 0.0023665183689445257
vt 0.009362773038446903 0.0077187176793813705
vt 2.879793167114258 0.0044999998062849045
vt 4.974188327789307 -0.002199999988079071
vt 1.832595705986023 -0.02500000037252903
vt 4.936788558959961 0.032557372003793716
vt -0.0037327182944864035 0.0014376421459019184
vt -0.019600000232458115 0.02850000001490116
vt -0.012747934088110924 -0.039759937673807144
vt 1.0471975803375244 0.04305737093091011
vt 4.188790321350098 -8.131516293641283e-18
vt 6.02138614654541 -9.999999747378752e-05
vt 3.9269907474517822 0.009312311187386513
vt 1.0471975803375244 0.2617993950843811
vt 1.0471975803375244 0.0
vt -0.006934252567589283 -0.02042822167277336
vt 4.450589656829834 0.009999999776482582
vt -0.0022216294892132282 -0.0033452839124947786
vt 4.494222640991211 2.4683942794799805
vt -1.0471975803375244 -0.002199999988079071
vt 0.003657015273347497 0.003122068475931883
vt 4.71238899230957 0.03305737301707268
vt 2.8800551891326904 0.0020000000949949026
vt 0.2617993950843811 -9.999999747378752e-05
vt 4.27605676651001 -2.879793167114258
vt 5.585053443908691 0.007969026453793049
vt 3.665191411972046 0.023528818041086197
vt 0.9490227699279785 0.8975979089736938
vt -3.1415927410125732 0.0
vt 0.5235987901687622 2.2159139597613595e-17
vt -0.022700000554323196 0.04162000119686127
vt 4.450589656829834 0.0024999999441206455
vt 0.004948407411575317 0.0027862631250172853
vt 1.5707963705062866 -0.03375000134110451
vt -0.7853981852531433 -0.002199999988079071
vt 1.346396803855896 1.0471975803375244
vt -0.011043289676308632 -0.01054999977350235
vt 2.3523447970666667e-28 0.04305737093091011
vt 1.0471975803375244 1.652546059969869e-17
vt 1.121997356414795 0.2617993950843811
vt 6.2831854820251465 2.802596928649634e-45
vt 1.047407627105713 -0.027809027582406998
vt 0.16198650002479553 5.782411445417199e-15
vt 2.094395160675049 0.0044999998062849045
vt 4.263589859008789 0.00648915208876133
vt 0.0345684252679348 -0.001018883311189711
vt -2.6179938316345215 0.0
vt 4.71238899230957 -2.019989490509033
vt 2.0941848754882812 0.025200000032782555
vt 0.04410106688737869 0.006360448431223631
vt 0.0 1.5707963705062866
vt -0.009210119023919106 -0.005872570443898439
vt 3.4033920764923096 -0.05674999952316284
vt 8.1157808303833 0.009999999776482582
vt 4.188790321350098 0.009312311187386513
vt 2.3129647052218217e-15 0.0020000000949949026
vt 1.5707963705062866 -0.7853981852531433
vt 0.5235987901687622 1.5707963705062866
vt 3.1415927410125732 0.22439947724342346
vt 2.094143867492676 -0.05844999849796295
vt 6.02138614654541 -0.673198401927948
vt 0.7853981852531433 -0.019200000911951065
vt 0.7853981852531433 0.032557372003793716
vt 3.3659920692443848 0.047520000487565994
vt 1.3089969158172607 -0.03355737403035164
vt -0.012643289752304554 -0.019421281293034554
vt 4.71238899230957 -0.5235987901687622
vt 4.71238899230957 -0.673198401927948
vt -0.0017329368274658918 0.0006963935447856784
vt 2.463088377870201e-15 -1.0471975803375244
vt 0.008100000210106373 -2.127458675988933e-27
vt 4.863831520080566 -1.7951958179473877
vt 0.007899999618530273 -0.005499999970197678
vt 1.346396803855896 -0.2617993950843811
vt 1.121997356414795 -0.044557373970746994
vt -0.010989058762788773 -0.007596176117658615
vt 4.494222640991211 3.1415927410125732
vt 3.4033920764923096 -1.3089969158172607
vt 5.0152740478515625 -2.8800551891326904
vt 3.9269907474517822 -0.00800000037997961
vt -0.006106031592935324 -0.02186274155974388
vt 0.019099999219179153 -0.006177578587085009
vt -0.026835819706320763 -0.007425188552588224
vt -0.0038140781689435244 -0.04746159538626671
vt 0.0015334668569266796 -0.001441696658730507
vt 2.879793167114258 -0.019200000911951065
vt 1.690787672996521 0.025200000032782555
vt 4.188790321350098 1.0471975803375244
vt 0.0006525812787003815 8.051290933508426e-06
vt 5.235987663269043 0.0003000000142492354
vt 1.4508049488067627 1.121997356414795
vt 1.4508049488067627 -1.3089969158172607
vt 0.043166205286979675 0.006535002030432224
vt -0.0011500000255182385 -0.004741858225315809
vt 1.640175077600771e-18 0.003000000026077032
vt 3.1415927410125732 0.0443718321621418
vt 0.0023665183689445257 0.0006341066327877343
vt -0.0011658263392746449 -0.049864232540130615
vt 3.5342917442321777 -0.0005773502634838223
vt 0.009707175195217133 -0.006253974977880716
vt 6.3111510941704755e-27 0.02402881719172001
vt 0.002482449170202017 -0.0002957128453999758
vt -0.006099999882280827 0.050519999116659164
vt 6.695728103999507e-26 0.0024999999441206455
vt 0.002831266261637211 -0.002117529511451721
vt 6.544984817504883 -0.03375000134110451
vt 5.235987663269043 -0.019200000911951065
vt 0.42378589510917664 5.782411445417199e-15
vt 5.235987663269043 -1.346396803855896
vt -0.008974009193480015 -0.050380151718854904
vt 1.3092588186264038 -0.02008282020688057
vt 4.188790321350098 0.025200000032782555
vt 0.9490227699279785 0.22439947724342346
vt 3.3659920692443848 0.0442517027258873
vt 5.0152740478515625 -2.0941848754882812
vt 3.366384744644165 -8.131516293641283e-18
vt 0.009192274883389473 -0.005193767137825489
vt 6.2831854820251465 -0.673198401927948
vt 0.0020000000949949026 -5.25298451593088e-28
vt 2.879793167114258 0.02402881719172001
vt 1.4660026768765965e-29 0.0026833752635866404
vt 6.02138614654541 1.1364126822411769e-25
vt 4.494222640991211 2.24399471282959
vt 4.494222640991211 -1.5707963705062866
vt 2.6179938316345215 2.2159139597613595e-17
vt 0.04387267306447029 0.007944063283503056
vt -0.03823436051607132 -0.008899999782443047
vt 0.8975979089736938 -1.5707963705062866
vt 0.0002447479637339711 -0.0024377445224672556
vt 4.973937034606934 -0.05844999849796295
vt -0.003959036432206631 0.0005709895631298423
vt -0.016947126016020775 -0.03915431350469589
vt 0.9490227699279785 -1.0471975803375244
vt 1.346396803855896 -0.5235987901687622
vt 0.22439947724342346 -0.02008282020688057
vt 4.188790321350098 0.0024999999441206455
vt 3.814790964126587 0.00648915208876133
vt 4.188790321350098 0.0020000000949949026
vt 4.71238899230957 3.1415927410125732
vt 2.356194496154785 0.02402881719172001
vt -0.01054999977350235 0.013500000350177288
vt 0.006188518833369017 0.0011281584156677127
vt 0.6853341460227966 -0.05844999849796295
vt 8.551169782794148e-27 0.032557372003793716
vt 0.0003311983891762793 -0.002780343173071742
vt 5.759586334228516 1.3089969158172607
vt 3.83972430229187 -1.7955883741378784
vt 4.188790321350098 0.009999999776482582
vt 0.00738895358517766 -0.010269253514707088
vt 3.9269907474517822 -3.144186300207963e-18
vt 3.4033920764923096 1.5707963705062866
vt 5.235987663269043 0.2617993950843811
f 2156/2981 2155/2982 2154/2983
f 2137/2984 2155/2982 2156/2985
f 2156/2986 2126/2987 2140/2988
f 2153/2989 2126/2987 2156/2990
f 2154/2983 2153/2989 2156/2991
f 2156/2992 2138/2993 2129/2994
f 2139/2995 2138/2993 2156/2996
f 2140/2988 2139/2995 2156/2997
f 2156/2998 2151/2999 2150/3000
f 2152/3001 2151/2999 2156/3002
f 2129/2994 2152/3001 2156/3003
f 2156/3004 2149/3005 2148/3006
f 2131/3007 2149/3005 2156/3008
f 2150/3000 2131/3007 2156/3009
f 2156/3010 2133/3011 2146/3012
f 2147/3013 2133/3011 2156/3014
f 2148/3006 2147/3013 2156/3015
f 2156/3016 2144/3017 2135/3018
f 2145/3019 2144/3017 2156/3020
f 2146/3012 2145/3019 2156/3021
f 2156/3022 2142/3023 2141/3024
f 2143/3025 2142/3023 2156/3026
f 2135/3018 2143/3025 2156/3027
f 2141/3024 2137/3028 2156/3029
f 2140/3030 2126/3031 2127/3032
f 2129/3033 2138/3034 2127/3032
f 2138/3034 2139/3035 2127/3032
f 2127/3032 2139/3035 2140/3030
f 2130/3036 2131/3037 2150/3038
f 2150/3038 2151/3039 2130/3036
f 2151/3039 2152/3040 2130/3036
f 2130/3036 2152/3040 2129/3033
f 2132/3041 2133/3042 2147/3043
f 2147/3043 2148/3044 2132/3041
f 2148/3044 2149/3045 2132/3041
f 2132/3041 2149/3045 2131/3037
f 2134/3046 2135/3047 2144/3048
f 2144/3048 2145/3049 2134/3046
f 2145/3049 2146/3050 2134/3046
f 2134/3046 2146/3050 2133/3042
f 2136/3051 2137/3052 2141/3053
f 2141/3053 2142/3054 2136/3051
f 2142/3054 2143/3055 2136/3051
f 2136/3051 2143/3055 2135/3047
f 2155/3056 2137/3052 2128/1342
f 2126/3031 2153/3057 2128/1342
f 2153/3057 2154/3058 2128/1342
f 2128/1342 2154/3058 2155/3056
f 2128/3059 2124/3060 2126/3061
f 2124/3060 2123/3062 2126/3061
f 2126/3061 2123/3062 2127/1342
f 2127/1342 2123/3063 2129/3064
f 2123/3063 2121/3065 2129/3064
f 2129/3064 2121/3065 2130/3066
f 2130/1342 2121/3063 2131/3064
f 2121/3063 2120/3065 2131/3064
f 2131/3064 2120/3065 2132/3066
f 2132/3067 2120/3068 2133/3069
f 2120/3068 2122/3070 2133/3069
f 2133/3069 2122/3070 2134/1342
f 2134/3066 2122/3065 2135/3064
f 2122/3065 2125/3063 2135/3064
f 2135/3064 2125/3063 2136/1342
f 2136/1342 2125/3070 2137/3069
f 2125/3070 2124/3068 2137/3069
f 2137/3069 2124/3068 2128/3067
f 1695/3071 2125/3072 1694/3073
f 2125/3072 1693/3074 1694/3073
f 1695/3071 1696/3075 2125/3072
f 1696/3075 1673/3076 2125/3072
f 2125/3072 1673/3076 2124/3077
f 1693/3074 2125/3072 1692/3078
f 2125/3072 2122/3051 1692/3078
f 1692/3078 2122/3051 1691/3079
f 1683/3080 2121/3032 1682/3081
f 2121/3032 2123/3082 1682/3081
f 1682/3081 2123/3082 1681/3083
f 2123/3082 1680/3084 1681/3083
f 1673/3076 1674/3085 2124/3077
f 1674/3085 1675/3086 2124/3077
f 2124/3077 1675/3086 1676/3087
f 1676/3087 1677/3088 2124/3077
f 1677/3088 1678/3089 2124/3077
f 2124/3077 1678/3089 2123/3082
f 1678/3089 1679/3090 2123/3082
f 2123/3082 1679/3090 1680/3084
f 1687/3091 1688/3092 2120/3093
f 1688/3092 1689/3094 2120/3093
f 2120/3093 1689/3094 2122/3051
f 1689/3094 1690/3095 2122/3051
f 2122/3051 1690/3095 1691/3079
f 1683/3080 1684/3096 2121/3032
f 1684/3096 1685/3097 2121/3032
f 2121/3032 1685/3097 2120/3093
f 1685/3097 1686/3098 2120/3093
f 2120/3093 1686/3098 1687/3091
f 1673/3099 1697/3100 1674/3101
f 1697/3100 1698/3102 1674/3101
f 1674/3101 1698/3102 1675/3103
f 1698/3102 1699/3104 1675/3103
f 1675/3103 1699/3104 1676/3105
f 1699/3104 1700/3106 1676/3105
f 1676/3105 1700/3106 1677/3107
f 1700/3106 1701/3108 1677/3107
f 1677/3107 1701/3108 1678/3109
f 1701/3108 1702/1964 1678/3109
f 1678/3109 1702/1964 1679/1962
f 1702/1964 1703/3110 1679/1962
f 1679/1962 1703/3110 1680/3111
f 1703/3110 1704/3112 1680/3111
f 1680/3111 1704/3112 1681/3113
f 1704/3112 1705/3114 1681/3113
f 1681/3113 1705/3114 1682/3115
f 1705/3114 1706/3116 1682/3115
f 1682/3115 1706/3116 1683/3117
f 1706/3116 1707/3118 1683/3117
f 1683/3117 1707/3118 1684/3119
f 1707/3118 1708/1378 1684/3119
f 1684/3119 1708/1378 1685/1239
f 1708/1378 1709/1372 1685/1239
f 1685/1239 1709/1372 1686/1371
f 1709/1372 1710/1365 1686/1371
f 1686/1371 1710/1365 1687/1364
f 1710/1365 1711/1358 1687/1364
f 1687/1364 1711/1358 1688/1357
f 1711/1358 1712/1351 1688/1357
f 1688/1357 1712/1351 1689/1350
f 1712/1351 1713/1344 1689/1350
f 1689/1350 1713/1344 1690/1343
f 1713/1344 1714/1303 1690/1343
f 1690/1343 1714/1303 1691/1302
f 1714/1303 1715/1296 1691/1302
f 1691/1302 1715/1296 1692/1295
f 1715/1296 1716/1289 1692/1295
f 1692/1295 1716/1289 1693/1288
f 1716/1289 1717/1282 1693/1288
f 1693/1288 1717/1282 1694/1281
f 1717/1282 1718/1275 1694/1281
f 1694/1281 1718/1275 1695/1274
f 1718/1275 1719/1263 1695/1274
f 1695/1274 1719/1263 1696/1261
f 1719/1263 1720/1262 1696/1261
f 1696/1261 1720/1262 1673/1260
f 1720/1262 1697/3120 1673/1260
f 1720/3121 1721/3122 1697/3100
f 1721/3122 1722/3123 1697/3100
f 1697/3100 1722/3123 1698/3102
f 1722/3123 1723/3124 1698/3102
f 1698/3102 1723/3124 1699/3104
f 1723/3124 1724/3125 1699/3104
f 1699/3104 1724/3125 1700/3106
f 1724/3125 1725/3126 1700/3106
f 1700/3106 1725/3126 1701/3108
f 1725/3126 1726/1966 1701/3108
f 1701/3108 1726/1966 1702/1964
f 1726/1966 1727/3127 1702/1964
f 1702/1964 1727/3127 1703/3110
f 1727/3127 1728/3128 1703/3110
f 1703/3110 1728/3128 1704/3112
f 1728/3128 1729/3129 1704/3112
f 1704/3112 1729/3129 1705/3114
f 1729/3129 1730/3130 1705/3114
f 1705/3114 1730/3130 1706/3116
f 1730/3130 1731/3131 1706/3116
f 1706/3116 1731/3131 1707/3118
f 1731/3131 1732/1379 1707/3118
f 1707/3118 1732/1379 1708/1378
f 1732/1379 1733/1373 1708/1378
f 1708/1378 1733/1373 1709/1372
f 1733/1373 1734/1366 1709/1372
f 1709/1372 1734/1366 1710/1365
f 1734/1366 1735/1359 1710/1365
f 1710/1365 1735/1359 1711/1358
f 1735/1359 1736/1352 1711/1358
f 1711/1358 1736/1352 1712/1351
f 1736/1352 1737/1345 1712/1351
f 1712/1351 1737/1345 1713/1344
f 1737/1345 1738/1304 1713/1344
f 1713/1344 1738/1304 1714/1303
f 1738/1304 1739/1297 1714/1303
f 1714/1303 1739/1297 1715/1296
f 1739/1297 1740/1290 1715/1296
f 1715/1296 1740/1290 1716/1289
f 1740/1290 1741/1283 1716/1289
f 1716/1289 1741/1283 1717/1282
f 1741/1283 1742/1276 1717/1282
f 1717/1282 1742/1276 1718/1275
f 1742/1276 1743/1265 1718/1275
f 1718/1275 1743/1265 1719/1263
f 1743/1265 1744/1264 1719/1263
f 1719/1263 1744/1264 1720/1262
f 1744/1264 1721/3132 1720/1262
f 1744/3133 1745/3134 1721/3122
f 1745/3134 1746/3135 1721/3122
f 1721/3122 1746/3135 1722/3123
f 1746/3135 1747/3136 1722/3123
f 1722/3123 1747/3136 1723/3124
f 1747/3136 1748/3137 1723/3124
f 1723/3124 1748/3137 1724/3125
f 1748/3137 1749/3138 1724/3125
f 1724/3125 1749/3138 1725/3126
f 1749/3138 1750/1968 1725/3126
f 1725/3126 1750/1968 1726/1966
f 1750/1968 1751/3139 1726/1966
f 1726/1966 1751/3139 1727/3127
f 1751/3139 1752/3140 1727/3127
f 1727/3127 1752/3140 1728/3128
f 1752/3140 1753/3141 1728/3128
f 1728/3128 1753/3141 1729/3129
f 1753/3141 1754/3142 1729/3129
f 1729/3129 1754/3142 1730/3130
f 1754/3142 1755/3143 1730/3130
f 1730/3130 1755/3143 1731/3131
f 1755/3143 1756/1231 1731/3131
f 1731/3131 1756/1231 1732/1379
f 1756/1231 1757/1374 1732/1379
f 1732/1379 1757/1374 1733/1373
f 1757/1374 1758/1367 1733/1373
f 1733/1373 1758/1367 1734/1366
f 1758/1367 1759/1360 1734/1366
f 1734/1366 1759/1360 1735/1359
f 1759/1360 1760/1353 1735/1359
f 1735/1359 1760/1353 1736/1352
f 1760/1353 1761/1346 1736/1352
f 1736/1352 1761/1346 1737/1345
f 1761/1346 1762/1305 1737/1345
f 1737/1345 1762/1305 1738/1304
f 1762/1305 1763/1298 1738/1304
f 1738/1304 1763/1298 1739/1297
f 1763/1298 1764/1291 1739/1297
f 1739/1297 1764/1291 1740/1290
f 1764/1291 1765/1284 1740/1290
f 1740/1290 1765/1284 1741/1283
f 1765/1284 1766/1277 1741/1283
f 1741/1283 1766/1277 1742/1276
f 1766/1277 1767/1267 1742/1276
f 1742/1276 1767/1267 1743/1265
f 1767/1267 1768/1266 1743/1265
f 1743/1265 1768/1266 1744/1264
f 1768/1266 1745/3144 1744/1264
f 1768/3145 1769/3146 1745/3134
f 1769/3146 1770/3147 1745/3134
f 1745/3134 1770/3147 1746/3135
f 1770/3147 1771/3148 1746/3135
f 1746/3135 1771/3148 1747/3136
f 1771/3148 1772/3149 1747/3136
f 1747/3136 1772/3149 1748/3137
f 1772/3149 1773/3150 1748/3137
f 1748/3137 1773/3150 1749/3138
f 1773/3150 1774/1970 1749/3138
f 1749/3138 1774/1970 1750/1968
f 1774/1970 1775/3151 1750/1968
f 1750/1968 1775/3151 1751/3139
f 1775/3151 1776/3152 1751/3139
f 1751/3139 1776/3152 1752/3140
f 1776/3152 1777/3153 1752/3140
f 1752/3140 1777/3153 1753/3141
f 1777/3153 1778/3154 1753/3141
f 1753/3141 1778/3154 1754/3142
f 1778/3154 1779/3155 1754/3142
f 1754/3142 1779/3155 1755/3143
f 1779/3155 1780/1380 1755/3143
f 1755/3143 1780/1380 1756/1231
f 1780/1380 1781/1375 1756/1231
f 1756/1231 1781/1375 1757/1374
f 1781/1375 1782/1368 1757/1374
f 1757/1374 1782/1368 1758/1367
f 1782/1368 1783/1361 1758/1367
f 1758/1367 1783/1361 1759/1360
f 1783/1361 1784/1354 1759/1360
f 1759/1360 1784/1354 1760/1353
f 1784/1354 1785/1347 1760/1353
f 1760/1353 1785/1347 1761/1346
f 1785/1347 1786/1306 1761/1346
f 1761/1346 1786/1306 1762/1305
f 1786/1306 1787/1299 1762/1305
f 1762/1305 1787/1299 1763/1298
f 1787/1299 1788/1292 1763/1298
f 1763/1298 1788/1292 1764/1291
f 1788/1292 1789/1285 1764/1291
f 1764/1291 1789/1285 1765/1284
f 1789/1285 1790/1278 1765/1284
f 1765/1284 1790/1278 1766/1277
f 1790/1278 1791/1269 1766/1277
f 1766/1277 1791/1269 1767/1267
f 1791/1269 1792/1268 1767/1267
f 1767/1267 1792/1268 1768/1266
f 1792/1268 1769/3156 1768/1266
f 1792/3157 1793/3158 1769/3146
f 1793/3158 1794/3159 1769/3146
f 1769/3146 1794/3159 1770/3147
f 1794/3159 1795/3160 1770/3147
f 1770/3147 1795/3160 1771/3148
f 1795/3160 1796/3161 1771/3148
f 1771/3148 1796/3161 1772/3149
f 1796/3161 1797/3162 1772/3149
f 1772/3149 1797/3162 1773/3150
f 1797/3162 1798/1972 1773/3150
f 1773/3150 1798/1972 1774/1970
f 1798/1972 1799/3163 1774/1970
f 1774/1970 1799/3163 1775/3151
f 1799/3163 1800/3164 1775/3151
f 1775/3151 1800/3164 1776/3152
f 1800/3164 1801/3165 1776/3152
f 1776/3152 1801/3165 1777/3153
f 1801/3165 1802/3166 1777/3153
f 1777/3153 1802/3166 1778/3154
f 1802/3166 1803/3167 1778/3154
f 1778/3154 1803/3167 1779/3155
f 1803/3167 1804/1381 1779/3155
f 1779/3155 1804/1381 1780/1380
f 1804/1381 1805/1376 1780/1380
f 1780/1380 1805/1376 1781/1375
f 1805/1376 1806/1369 1781/1375
f 1781/1375 1806/1369 1782/1368
f 1806/1369 1807/1362 1782/1368
f 1782/1368 1807/1362 1783/1361
f 1807/1362 1808/1355 1783/1361
f 1783/1361 1808/1355 1784/1354
f 1808/1355 1809/1348 1784/1354
f 1784/1354 1809/1348 1785/1347
f 1809/1348 1810/1307 1785/1347
f 1785/1347 1810/1307 1786/1306
f 1810/1307 1811/1300 1786/1306
f 1786/1306 1811/1300 1787/1299
f 1811/1300 1812/1293 1787/1299
f 1787/1299 1812/1293 1788/1292
f 1812/1293 1813/1286 1788/1292
f 1788/1292 1813/1286 1789/1285
f 1813/1286 1814/1279 1789/1285
f 1789/1285 1814/1279 1790/1278
f 1814/1279 1815/1271 1790/1278
f 1790/1278 1815/1271 1791/1269
f 1815/1271 1816/1270 1791/1269
f 1791/1269 1816/1270 1792/1268
f 1816/1270 1793/3168 1792/1268
f 1816/3169 1650/2 1793/3158
f 1650/2 1651/4 1793/3158
f 1793/3158 1651/4 1794/3159
f 1651/4 1652/6 1794/3159
f 1794/3159 1652/6 1795/3160
f 1652/6 1653/8 1795/3160
f 1795/3160 1653/8 1796/3161
f 1653/8 1654/10 1796/3161
f 1796/3161 1654/10 1797/3162
f 1654/10 1655/12 1797/3162
f 1797/3162 1655/12 1798/1972
f 1655/12 1656/14 1798/1972
f 1798/1972 1656/14 1799/3163
f 1656/14 1657/16 1799/3163
f 1799/3163 1657/16 1800/3164
f 1657/16 1658/18 1800/3164
f 1800/3164 1658/18 1801/3165
f 1658/18 1659/20 1801/3165
f 1801/3165 1659/20 1802/3166
f 1659/20 1660/22 1802/3166
f 1802/3166 1660/22 1803/3167
f 1660/22 1661/2065 1803/3167
f 1803/3167 1661/2065 1804/1381
f 1661/2065 1662/26 1804/1381
f 1804/1381 1662/26 1805/1376
f 1662/26 1663/28 1805/1376
f 1805/1376 1663/28 1806/1369
f 1663/28 1664/30 1806/1369
f 1806/1369 1664/30 1807/1362
f 1664/30 1665/32 1807/1362
f 1807/1362 1665/32 1808/1355
f 1665/32 1666/34 1808/1355
f 1808/1355 1666/34 1809/1348
f 1666/34 1667/36 1809/1348
f 1809/1348 1667/36 1810/1307
f 1667/36 1668/38 1810/1307
f 1810/1307 1668/38 1811/1300
f 1668/38 1669/40 1811/1300
f 1811/1300 1669/40 1812/1293
f 1669/40 1670/42 1812/1293
f 1812/1293 1670/42 1813/1286
f 1670/42 1671/44 1813/1286
f 1813/1286 1671/44 1814/1279
f 1671/44 1672/46 1814/1279
f 1814/1279 1672/46 1815/1271
f 1672/46 1649/48 1815/1271
f 1815/1271 1649/48 1816/1270
f 1649/48 1650/50 1816/1270
f 1649/3170 1632/3171 1650/3172
f 1632/3171 1631/3173 1650/3172
f 1650/3172 1631/3173 1651/3174
f 1631/3173 1630/3175 1651/3174
f 1651/3174 1630/3175 1652/3176
f 1630/3175 1629/3177 1652/3176
f 1652/3176 1629/3177 1653/3178
f 1629/3177 1628/3179 1653/3178
f 1653/3178 1628/3179 1654/3180
f 1628/3179 1627/3181 1654/3180
f 1654/3180 1627/3181 1655/3182
f 1627/3181 1626/3183 1655/3182
f 1655/3182 1626/3183 1656/3184
f 1626/3183 1625/3185 1656/3184
f 1656/3184 1625/3185 1657/3186
f 1625/3185 1636/3187 1657/3186
f 1657/3186 1636/3187 1658/3188
f 1636/3187 1635/3189 1658/3188
f 1658/3188 1635/3189 1659/3190
f 1635/3189 1645/3191 1659/3190
f 1659/3190 1645/3191 1660/3192
f 1645/3191 1643/3193 1660/3192
f 1660/3192 1643/3193 1661/3194
f 1643/3193 1641/3195 1661/3194
f 1661/3194 1641/3195 1662/3196
f 1641/3195 1640/3197 1662/3196
f 1662/3196 1640/3197 1663/3198
f 1640/3197 1648/3199 1663/3198
f 1663/3198 1648/3199 1664/3200
f 1648/3199 1647/3201 1664/3200
f 1664/3200 1647/3201 1665/3202
f 1647/3201 1646/3203 1665/3202
f 1665/3202 1646/3203 1666/3204
f 1646/3203 1644/3205 1666/3204
f 1666/3204 1644/3205 1667/3206
f 1644/3205 1642/3207 1667/3206
f 1667/3206 1642/3207 1668/3208
f 1642/3207 1639/3209 1668/3208
f 1668/3208 1639/3209 1669/3210
f 1639/3209 1634/3211 1669/3210
f 1669/3210 1634/3211 1670/3212
f 1634/3211 1633/3213 1670/3212
f 1670/3212 1633/3213 1671/3214
f 1633/3213 1638/3215 1671/3214
f 1671/3214 1638/3215 1672/3216
f 1638/3215 1637/3217 1672/3216
f 1672/3216 1637/3217 1649/3218
f 1637/3217 1632/3219 1649/3218
f 2168/3220 2164/1342 2165/3221
f 2164/1342 2163/3222 2165/3221
f 2165/3221 2163/3222 2166/3223
f 2163/3222 2167/544 2166/3223
f 2167/3066 2163/1342 2157/3065
f 2163/1342 2158/3063 2157/3065
f 2157/3070 2160/3068 2167/1342
f 2160/3068 2166/3067 2167/1342
f 2166/3067 2160/3068 2165/1342
f 2160/3068 2161/3070 2165/1342
f 2162/3063 2168/1342 2161/3065
f 2168/1342 2165/3066 2161/3065
f 2162/3070 2159/3068 2168/1342
f 2159/3068 2164/3067 2168/1342
f 2158/3063 2163/1342 2159/3065
f 2163/1342 2164/3066 2159/3065
f 774/3224 775/3225 2157/3222
f 781/3226 782/3227 2161/3228
f 782/3227 783/3229 2161/3228
f 2161/3228 783/3229 784/3230
f 784/3230 785/3231 2161/3228
f 785/3231 786/3232 2161/3228
f 2161/3228 786/3232 2162/3233
f 786/3232 787/3234 2162/3233
f 2162/3233 787/3234 788/3235
f 781/3226 2161/3228 780/3236
f 2161/3228 2160/3237 780/3236
f 780/3236 2160/3237 779/3238
f 775/3225 776/3239 2157/3222
f 776/3239 777/3240 2157/3222
f 2157/3222 777/3240 2160/3237
f 777/3240 778/3241 2160/3237
f 2160/3237 778/3241 779/3238
f 788/3235 765/3242 2162/3233
f 765/3242 766/3243 2162/3233
f 2162/3233 766/3243 2159/3244
f 766/3243 767/3245 2159/3244
f 2159/3244 767/3245 768/3246
f 768/3246 769/3247 2159/3244
f 769/3247 770/3248 2159/3244
f 2159/3244 770/3248 2158/3059
f 770/3248 771/3249 2158/3059
f 771/3249 772/3250 2158/3059
f 2158/3059 772/3250 2157/3222
f 772/3250 773/3251 2157/3222
f 2157/3222 773/3251 774/3224
f 744/3252 741/2 789/3158
f 742/3253 739/4 790/3159
f 740/3254 737/6 791/3160
f 738/3255 735/8 792/3161
f 736/3256 733/10 793/3162
f 734/3257 731/12 794/1972
f 732/3258 729/14 795/3163
f 730/3259 727/16 796/3164
f 728/3260 725/18 797/3165
f 726/3261 723/20 798/3166
f 724/3262 721/22 799/3167
f 722/3263 719/2065 800/1381
f 720/3264 717/26 801/1376
f 718/3265 763/28 802/1369
f 764/3266 761/30 803/1362
f 762/3267 759/32 804/1355
f 760/3268 757/34 805/1348
f 758/3269 755/36 806/1307
f 756/3270 753/38 807/1300
f 754/3271 751/40 808/1293
f 752/3272 749/42 809/1286
f 750/3273 747/44 810/1279
f 748/3274 745/46 811/1271
f 746/3275 743/48 812/1270
f 765/3099 788/3276 813/3121
f 788/3276 814/3277 813/3121
f 813/3121 814/3277 815/3133
f 814/3277 816/3278 815/3133
f 815/3133 816/3278 817/3145
f 816/3278 818/3279 817/3145
f 817/3145 818/3279 819/3157
f 818/3279 820/3280 819/3157
f 819/3157 820/3280 812/3169
f 820/3280 811/3281 812/3169
f 812/3169 811/3281 746/3282
f 811/3281 745/1757 746/3282
f 788/1261 787/1274 814/1263
f 787/1274 821/1275 814/1263
f 814/1263 821/1275 816/1265
f 821/1275 822/1276 816/1265
f 816/1265 822/1276 818/1267
f 822/1276 823/1277 818/1267
f 818/1267 823/1277 820/1269
f 823/1277 824/1278 820/1269
f 820/1269 824/1278 811/1271
f 824/1278 810/1279 811/1271
f 811/1271 810/1279 748/3274
f 810/1279 747/44 748/3274
f 787/1274 786/1281 821/1275
f 786/1281 825/1282 821/1275
f 821/1275 825/1282 822/1276
f 825/1282 826/1283 822/1276
f 822/1276 826/1283 823/1277
f 826/1283 827/1284 823/1277
f 823/1277 827/1284 824/1278
f 827/1284 828/1285 824/1278
f 824/1278 828/1285 810/1279
f 828/1285 809/1286 810/1279
f 810/1279 809/1286 750/3273
f 809/1286 749/42 750/3273
f 786/1281 785/1288 825/1282
f 785/1288 829/1289 825/1282
f 825/1282 829/1289 826/1283
f 829/1289 830/1290 826/1283
f 826/1283 830/1290 827/1284
f 830/1290 831/1291 827/1284
f 827/1284 831/1291 828/1285
f 831/1291 832/1292 828/1285
f 828/1285 832/1292 809/1286
f 832/1292 808/1293 809/1286
f 809/1286 808/1293 752/3272
f 808/1293 751/40 752/3272
f 785/1288 784/1295 829/1289
f 784/1295 833/1296 829/1289
f 829/1289 833/1296 830/1290
f 833/1296 834/1297 830/1290
f 830/1290 834/1297 831/1291
f 834/1297 835/1298 831/1291
f 831/1291 835/1298 832/1292
f 835/1298 836/1299 832/1292
f 832/1292 836/1299 808/1293
f 836/1299 807/1300 808/1293
f 808/1293 807/1300 754/3271
f 807/1300 753/38 754/3271
f 784/1295 783/1302 833/1296
f 783/1302 837/1303 833/1296
f 833/1296 837/1303 834/1297
f 837/1303 838/1304 834/1297
f 834/1297 838/1304 835/1298
f 838/1304 839/1305 835/1298
f 835/1298 839/1305 836/1299
f 839/1305 840/1306 836/1299
f 836/1299 840/1306 807/1300
f 840/1306 806/1307 807/1300
f 807/1300 806/1307 756/3270
f 806/1307 755/36 756/3270
f 783/1302 782/1343 837/1303
f 782/1343 841/1344 837/1303
f 837/1303 841/1344 838/1304
f 841/1344 842/1345 838/1304
f 838/1304 842/1345 839/1305
f 842/1345 843/1346 839/1305
f 839/1305 843/1346 840/1306
f 843/1346 844/1347 840/1306
f 840/1306 844/1347 806/1307
f 844/1347 805/1348 806/1307
f 806/1307 805/1348 758/3269
f 805/1348 757/34 758/3269
f 782/1343 781/1350 841/1344
f 781/1350 845/1351 841/1344
f 841/1344 845/1351 842/1345
f 845/1351 846/1352 842/1345
f 842/1345 846/1352 843/1346
f 846/1352 847/1353 843/1346
f 843/1346 847/1353 844/1347
f 847/1353 848/1354 844/1347
f 844/1347 848/1354 805/1348
f 848/1354 804/1355 805/1348
f 805/1348 804/1355 760/3268
f 804/1355 759/32 760/3268
f 781/1350 780/1357 845/1351
f 780/1357 849/1358 845/1351
f 845/1351 849/1358 846/1352
f 849/1358 850/1359 846/1352
f 846/1352 850/1359 847/1353
f 850/1359 851/1360 847/1353
f 847/1353 851/1360 848/1354
f 851/1360 852/1361 848/1354
f 848/1354 852/1361 804/1355
f 852/1361 803/1362 804/1355
f 804/1355 803/1362 762/3267
f 803/1362 761/30 762/3267
f 780/1357 779/1364 849/1358
f 779/1364 853/1365 849/1358
f 849/1358 853/1365 850/1359
f 853/1365 854/1366 850/1359
f 850/1359 854/1366 851/1360
f 854/1366 855/1367 851/1360
f 851/1360 855/1367 852/1361
f 855/1367 856/1368 852/1361
f 852/1361 856/1368 803/1362
f 856/1368 802/1369 803/1362
f 803/1362 802/1369 764/3266
f 802/1369 763/28 764/3266
f 779/1364 778/1371 853/1365
f 778/1371 857/1372 853/1365
f 853/1365 857/1372 854/1366
f 857/1372 858/1373 854/1366
f 854/1366 858/1373 855/1367
f 858/1373 859/1374 855/1367
f 855/1367 859/1374 856/1368
f 859/1374 860/1375 856/1368
f 856/1368 860/1375 802/1369
f 860/1375 801/1376 802/1369
f 802/1369 801/1376 718/3265
f 801/1376 717/26 718/3265
f 778/1371 777/1239 857/1372
f 777/1239 861/1378 857/1372
f 857/1372 861/1378 858/1373
f 861/1378 862/1379 858/1373
f 858/1373 862/1379 859/1374
f 862/1379 863/1231 859/1374
f 859/1374 863/1231 860/1375
f 863/1231 864/1380 860/1375
f 860/1375 864/1380 801/1376
f 864/1380 800/1381 801/1376
f 801/1376 800/1381 720/3264
f 800/1381 719/2065 720/3264
f 777/1239 776/3119 861/1378
f 776/3119 865/3118 861/1378
f 861/1378 865/3118 862/1379
f 865/3118 866/3131 862/1379
f 862/1379 866/3131 863/1231
f 866/3131 867/3143 863/1231
f 863/1231 867/3143 864/1380
f 867/3143 868/3155 864/1380
f 864/1380 868/3155 800/1381
f 868/3155 799/3167 800/1381
f 800/1381 799/3167 722/3263
f 799/3167 721/22 722/3263
f 776/3119 775/3117 865/3118
f 775/3117 869/3116 865/3118
f 865/3118 869/3116 866/3131
f 869/3116 870/3130 866/3131
f 866/3131 870/3130 867/3143
f 870/3130 871/3142 867/3143
f 867/3143 871/3142 868/3155
f 871/3142 872/3154 868/3155
f 868/3155 872/3154 799/3167
f 872/3154 798/3166 799/3167
f 799/3167 798/3166 724/3262
f 798/3166 723/20 724/3262
f 775/3117 774/3115 869/3116
f 774/3115 873/3114 869/3116
f 869/3116 873/3114 870/3130
f 873/3114 874/3129 870/3130
f 870/3130 874/3129 871/3142
f 874/3129 875/3141 871/3142
f 871/3142 875/3141 872/3154
f 875/3141 876/3153 872/3154
f 872/3154 876/3153 798/3166
f 876/3153 797/3165 798/3166
f 798/3166 797/3165 726/3261
f 797/3165 725/18 726/3261
f 774/3115 773/3113 873/3114
f 773/3113 877/3112 873/3114
f 873/3114 877/3112 874/3129
f 877/3112 878/3128 874/3129
f 874/3129 878/3128 875/3141
f 878/3128 879/3140 875/3141
f 875/3141 879/3140 876/3153
f 879/3140 880/3152 876/3153
f 876/3153 880/3152 797/3165
f 880/3152 796/3164 797/3165
f 797/3165 796/3164 728/3260
f 796/3164 727/16 728/3260
f 773/3113 772/3111 877/3112
f 772/3111 881/3110 877/3112
f 877/3112 881/3110 878/3128
f 881/3110 882/3127 878/3128
f 878/3128 882/3127 879/3140
f 882/3127 883/3139 879/3140
f 879/3140 883/3139 880/3152
f 883/3139 884/3151 880/3152
f 880/3152 884/3151 796/3164
f 884/3151 795/3163 796/3164
f 796/3164 795/3163 730/3259
f 795/3163 729/14 730/3259
f 772/3111 771/1962 881/3110
f 771/1962 885/1964 881/3110
f 881/3110 885/1964 882/3127
f 885/1964 886/1966 882/3127
f 882/3127 886/1966 883/3139
f 886/1966 887/1968 883/3139
f 883/3139 887/1968 884/3151
f 887/1968 888/1970 884/3151
f 884/3151 888/1970 795/3163
f 888/1970 794/1972 795/3163
f 795/3163 794/1972 732/3258
f 794/1972 731/12 732/3258
f 771/1962 770/3109 885/1964
f 770/3109 889/3108 885/1964
f 885/1964 889/3108 886/1966
f 889/3108 890/3126 886/1966
f 886/1966 890/3126 887/1968
f 890/3126 891/3138 887/1968
f 887/1968 891/3138 888/1970
f 891/3138 892/3150 888/1970
f 888/1970 892/3150 794/1972
f 892/3150 793/3162 794/1972
f 794/1972 793/3162 734/3257
f 793/3162 733/10 734/3257
f 770/3109 769/3107 889/3108
f 769/3107 893/3106 889/3108
f 889/3108 893/3106 890/3126
f 893/3106 894/3125 890/3126
f 890/3126 894/3125 891/3138
f 894/3125 895/3137 891/3138
f 891/3138 895/3137 892/3150
f 895/3137 896/3149 892/3150
f 892/3150 896/3149 793/3162
f 896/3149 792/3161 793/3162
f 793/3162 792/3161 736/3256
f 792/3161 735/8 736/3256
f 769/3107 768/3105 893/3106
f 768/3105 897/3104 893/3106
f 893/3106 897/3104 894/3125
f 897/3104 898/3124 894/3125
f 894/3125 898/3124 895/3137
f 898/3124 899/3136 895/3137
f 895/3137 899/3136 896/3149
f 899/3136 900/3148 896/3149
f 896/3149 900/3148 792/3161
f 900/3148 791/3160 792/3161
f 792/3161 791/3160 738/3255
f 791/3160 737/6 738/3255
f 768/3105 767/3103 897/3104
f 767/3103 901/3102 897/3104
f 897/3104 901/3102 898/3124
f 901/3102 902/3123 898/3124
f 898/3124 902/3123 899/3136
f 902/3123 903/3135 899/3136
f 899/3136 903/3135 900/3148
f 903/3135 904/3147 900/3148
f 900/3148 904/3147 791/3160
f 904/3147 790/3159 791/3160
f 791/3160 790/3159 740/3254
f 790/3159 739/4 740/3254
f 767/3103 766/3101 901/3102
f 766/3101 905/3100 901/3102
f 901/3102 905/3100 902/3123
f 905/3100 906/3122 902/3123
f 902/3123 906/3122 903/3135
f 906/3122 907/3134 903/3135
f 903/3135 907/3134 904/3147
f 907/3134 908/3146 904/3147
f 904/3147 908/3146 790/3159
f 908/3146 789/3158 790/3159
f 790/3159 789/3158 742/3253
f 789/3158 741/2 742/3253
f 766/3101 765/3099 905/3100
f 765/3099 813/3121 905/3100
f 905/3100 813/3121 906/3122
f 813/3121 815/3133 906/3122
f 906/3122 815/3133 907/3134
f 815/3133 817/3145 907/3134
f 907/3134 817/3145 908/3146
f 817/3145 819/3157 908/3146
f 908/3146 819/3157 789/3158
f 819/3157 812/3169 789/3158
f 789/3158 812/3169 744/3252
f 812/3169 743/1342 744/3252
f 763/3283 711/3284 710/3285
f 707/3286 761/3287 710/3285
f 761/3287 764/3288 710/3285
f 710/3285 764/3288 763/3283
f 706/3289 759/3290 707/3286
f 759/3290 762/3291 707/3286
f 707/3286 762/3291 761/3287
f 705/3292 757/3293 706/3289
f 757/3293 760/3294 706/3289
f 706/3289 760/3294 759/3290
f 702/3295 755/3296 705/3292
f 755/3296 758/3297 705/3292
f 705/3292 758/3297 757/3293
f 701/3298 753/3299 702/3295
f 753/3299 756/3300 702/3295
f 702/3295 756/3300 755/3296
f 700/3301 751/3302 701/3298
f 751/3302 754/3303 701/3298
f 701/3298 754/3303 753/3299
f 699/3304 749/3305 700/3301
f 749/3305 752/3306 700/3301
f 700/3301 752/3306 751/3302
f 709/3307 747/3308 699/3304
f 747/3308 750/3309 699/3304
f 699/3304 750/3309 749/3305
f 708/3310 745/3311 709/3307
f 745/3311 748/3312 709/3307
f 709/3307 748/3312 747/3308
f 704/3313 743/3314 708/3310
f 743/3314 746/3315 708/3310
f 708/3310 746/3315 745/3311
f 698/3316 741/3317 704/3313
f 741/3317 744/3318 704/3313
f 704/3313 744/3318 743/3314
f 697/3319 739/3320 698/3316
f 739/3320 742/3321 698/3316
f 698/3316 742/3321 741/3317
f 696/3322 737/3323 697/3319
f 737/3323 740/3324 697/3319
f 697/3319 740/3324 739/3320
f 693/3325 735/3326 696/3322
f 735/3326 738/3327 696/3322
f 696/3322 738/3327 737/3323
f 692/3328 733/3329 693/3325
f 733/3329 736/3330 693/3325
f 693/3325 736/3330 735/3326
f 695/3331 731/3332 692/3328
f 731/3332 734/3333 692/3328
f 692/3328 734/3333 733/3329
f 694/3334 729/3335 695/3331
f 729/3335 732/3336 695/3331
f 695/3331 732/3336 731/3332
f 703/3337 727/3338 694/3334
f 727/3338 730/3339 694/3334
f 694/3334 730/3339 729/3335
f 715/3340 725/3341 703/3337
f 725/3341 728/3342 703/3337
f 703/3337 728/3342 727/3338
f 714/3343 723/3344 715/3340
f 723/3344 726/3345 715/3340
f 715/3340 726/3345 725/3341
f 713/3346 721/3347 714/3343
f 721/3347 724/3348 714/3343
f 714/3343 724/3348 723/3344
f 763/3283 718/3349 711/3284
f 718/3349 717/3350 711/3284
f 711/3284 717/3350 712/3351
f 717/3350 720/3352 712/3351
f 712/3351 720/3352 716/3353
f 720/3352 719/3354 716/3353
f 716/3353 719/3354 713/3355
f 719/3354 722/3356 713/3355
f 713/3355 722/3356 721/3357
