mtllib materials.mtl
usemtl Cod_Gray
o Defeatured_2F_85_PAD_OPEN_finger3step

v -0.0527670755982399 0.10224893689155579 0.013299999758601189
v -0.05227113887667656 0.10182470083236694 0.013299999758601189
v -0.05168230086565018 0.10154328495264053 0.013299999758601189
v -0.05104069039225578 0.10142385214567184 0.013299999758601189
v -0.050390031188726425 0.10147455334663391 0.013299999758601189
v -0.049774665385484695 0.10169193148612976 0.013299999758601189
v -0.04923652857542038 0.10206116735935211 0.013299999758601189
v -0.048812296241521835 0.10255710035562515 0.013299999758601189
v -0.04853087663650513 0.10314594209194183 0.013299999758601189
v -0.04841144382953644 0.10378754884004593 0.013299999758601189
v -0.048462145030498505 0.10443820804357529 0.013299999758601189
v -0.048679523169994354 0.10505357384681702 0.013299999758601189
v -0.049048759043216705 0.10559171438217163 0.013299999758601189
v -0.049544695764780045 0.10601594299077988 0.013299999758601189
v -0.05013353377580643 0.10629736632108688 0.013299999758601189
v -0.05077514424920082 0.10641679912805557 0.013299999758601189
v -0.05142580345273018 0.1063660979270935 0.013299999758601189
v -0.05204116925597191 0.10614871978759766 0.013299999758601189
v -0.052579306066036224 0.1057794839143753 0.013299999758601189
v -0.05300353839993477 0.10528354346752167 0.013299999758601189
v -0.05328495800495148 0.10469470918178558 0.013299999758601189
v -0.053404390811920166 0.10405309498310089 0.013299999758601189
v -0.0533536896109581 0.10340243577957153 0.013299999758601189
v -0.05313631147146225 0.1027870699763298 0.013299999758601189
v -0.0509079173207283 0.10392032563686371 0.013299999758601189
v -0.04882566258311272 0.10579227656126022 0.01360000018030405
v -0.049381110817193985 0.10626742243766785 0.01360000018030405
v -0.050040606409311295 0.10658261179924011 0.01360000018030405
v -0.0507592111825943 0.10671637207269669 0.01360000018030405
v -0.05148794874548912 0.10665959119796753 0.01360000018030405
v -0.05217715725302696 0.10641612857580185 0.01360000018030405
v -0.052779871970415115 0.106002576649189 0.01360000018030405
v -0.05325501412153244 0.10544712841510773 0.01360000018030405
v -0.053570203483104706 0.10478763282299042 0.01360000018030405
v -0.05370396375656128 0.10406903177499771 0.01360000018030405
v -0.053647179156541824 0.10334029048681259 0.01360000018030405
v -0.05340372025966644 0.10265108197927475 0.01360000018030405
v -0.05299017205834389 0.1020483672618866 0.01360000018030405
v -0.05243472382426262 0.10157322883605957 0.01360000018030405
v -0.05177522823214531 0.1012580394744873 0.01360000018030405
v -0.051056623458862305 0.10112427920103073 0.01360000018030405
v -0.050327885895967484 0.10118106007575989 0.01360000018030405
v -0.04963867738842964 0.10142452269792557 0.01360000018030405
v -0.04903596267104149 0.10183806717395782 0.01360000018030405
v -0.048560820519924164 0.10239351540803909 0.01360000018030405
v -0.0482456311583519 0.103053018450737 0.01360000018030405
v -0.048111867159605026 0.1037716194987297 0.01360000018030405
v -0.04816865548491478 0.10450035333633423 0.01360000018030405
v -0.04841211438179016 0.10518956184387207 0.01360000018030405
v -0.036701541393995285 0.09410101175308228 0.01360000018030405
v -0.048659685999155045 0.10722871869802475 0.01360000018030405
v -0.049516767263412476 0.1076706200838089 0.01360000018030405
v -0.0514189638197422 0.10788754373788834 0.01360000018030405
v -0.05235353112220764 0.10764995962381363 0.01360000018030405
v -0.05320408567786217 0.10719563066959381 0.01360000018030405
v -0.05392119288444519 0.10655094683170319 0.01360000018030405
v -0.054463181644678116 0.10575337707996368 0.01360000018030405
v -0.04793326556682587 0.10659454762935638 0.01360000018030405
v -0.05045469477772713 0.10789456218481064 0.01360000018030405
v -0.05479855090379715 0.10484928637742996 0.01360000018030405
v -0.054784610867500305 0.1029348075389862 0.01360000018030405
v -0.05443611368536949 0.10203569382429123 0.01360000018030405
v -0.05388256907463074 0.10124610364437103 0.01360000018030405
v -0.042650844901800156 0.08875256776809692 0.01360000018030405
v -0.05490780994296074 0.10389120131731033 0.01360000018030405
v -0.05421352759003639 0.10094857215881348 0.013549855910241604
v -0.05426580086350441 0.10090157389640808 0.013525260612368584
v -0.0545278936624527 0.10066595673561096 0.013401937671005726
v -0.047550033777952194 0.10693906992673874 0.013525260612368584
v -0.04760230705142021 0.10689207911491394 0.013549855910241604
v -0.05462180823087692 0.10058152675628662 0.013322587125003338
v -0.05480990186333656 0.10041242837905884 0.013163662515580654
v -0.04719402641057968 0.1072591245174408 0.013322587125003338
v -0.047287940979003906 0.10717469453811646 0.013401937671005726
v -0.054927654564380646 0.10030657052993774 0.01300532091408968
v -0.05504540726542473 0.10020071268081665 0.012846979312598705
v -0.04688818007707596 0.10753408074378967 0.01300532091408968
v -0.04700593277812004 0.10742821544408798 0.013163662515580654
v -0.05516359210014343 0.10009445995092392 0.012594053521752357
v -0.05522260069847107 0.10004141181707382 0.012467767111957073
v -0.04665224254131317 0.1077461913228035 0.012594053521752357
v -0.046770427376031876 0.10763993859291077 0.012846979312598705
v -0.0553143136203289 0.09995896369218826 0.01211533136665821
v -0.05533260479569435 0.09994252026081085 0.012045041657984257
v -0.0465015210211277 0.10788168758153915 0.01211533136665821
v -0.046593233942985535 0.1077992394566536 0.012467767111957073
v -0.055369894951581955 0.0999089926481247 0.011599999852478504
v -0.05624360963702202 0.10120534896850586 0.011599999852478504
v -0.05672295764088631 0.10244204849004745 0.011599999852478504
v -0.056753676384687424 0.102680504322052 0.011599999852478504
v -0.05690775811672211 0.10387663543224335 0.011599999852478504
v -0.056743867695331573 0.10531376302242279 0.011599999852478504
v -0.05686686187982559 0.10423526167869568 0.011599999852478504
v -0.05624081566929817 0.10666991025209427 0.011599999852478504
v -0.05657636374235153 0.10576532036066055 0.011599999852478504
v -0.055427830666303635 0.10786625742912292 0.011599999852478504
v -0.055902231484651566 0.10716815292835236 0.011599999852478504
v -0.05488999933004379 0.1083497703075409 0.011599999852478504
v -0.05435216799378395 0.10883328318595886 0.011599999852478504
v -0.05360767990350723 0.10923095792531967 0.011599999852478504
v -0.05307633802294731 0.10951478034257889 0.011599999852478504
v -0.05214126408100128 0.10975249111652374 0.011599999852478504
v -0.051674485206604004 0.10987115651369095 0.011599999852478504
v -0.050589025020599365 0.10987905412912369 0.011599999852478504
v -0.05022808536887169 0.1098816841840744 0.011599999852478504
v -0.04905503988265991 0.10960160195827484 0.011599999852478504
v -0.04882119223475456 0.1095457673072815 0.011599999852478504
v -0.047642309218645096 0.10893794149160385 0.011599999852478504
v -0.047535572201013565 0.10888291150331497 0.011599999852478504
v -0.04648322984576225 0.10789813101291656 0.012045041657984257
v -0.04644593968987465 0.10793165117502213 0.011599999852478504
v -0.05620021000504494 0.10109337419271469 0.011599999852478504
v -0.04756375402212143 0.1088414415717125 0.012045041657984257
v -0.04883863031864166 0.10949874669313431 0.012045041657984257
v -0.05023376643657684 0.10983186215162277 0.012045041657984257
v -0.05166807770729065 0.10982142388820648 0.012045041657984257
v -0.053058214485645294 0.10946802794933319 0.012045041657984257
v -0.054323382675647736 0.10879222303628922 0.012045041657984257
v -0.05539005622267723 0.10783328115940094 0.012045041657984257
v -0.056196246296167374 0.10664692521095276 0.012045041657984257
v -0.05669509619474411 0.1053021177649498 0.012045041657984257
v -0.05685761570930481 0.1038770005106926 0.012045041657984257
v -0.05667436122894287 0.10245440900325775 0.012045041657984257
v -0.0561559796333313 0.10111699998378754 0.012045041657984257
v -0.0476468950510025 0.10871909558773041 0.012467767111957073
v -0.05602550879120827 0.10118669271469116 0.012467767111957073
v -0.05653100088238716 0.1024908497929573 0.012467767111957073
v -0.05670969933271408 0.10387808084487915 0.012467767111957073
v -0.05655122175812721 0.10526776313781738 0.012467767111957073
v -0.056064773350954056 0.10657913982868195 0.012467767111957073
v -0.055278629064559937 0.1077359989285469 0.012467767111957073
v -0.05423847213387489 0.10867109894752502 0.012467767111957073
v -0.053004756569862366 0.10933011025190353 0.012467767111957073
v -0.05164917930960655 0.10967471450567245 0.012467767111957073
v -0.05025052651762962 0.10968489944934845 0.012467767111957073
v -0.04889007657766342 0.10936006903648376 0.012467767111957073
v -0.04778081923723221 0.10852202028036118 0.012846979312598705
v -0.04897294566035271 0.109136663377285 0.012846979312598705
v -0.05027752369642258 0.1094481572508812 0.012846979312598705
v -0.05161873996257782 0.10943838953971863 0.012846979312598705
v -0.05291864275932312 0.10910793393850327 0.012846979312598705
v -0.05410169064998627 0.10847599804401398 0.012846979312598705
v -0.05509912967681885 0.1075792983174324 0.012846979312598705
v -0.055852990597486496 0.10646995157003403 0.012846979312598705
v -0.056319460272789 0.10521242767572403 0.012846979312598705
v -0.056471433490514755 0.10387981683015823 0.012846979312598705
v -0.056300073862075806 0.10254955291748047 0.012846979312598705
v -0.05581533908843994 0.10129895806312561 0.012846979312598705
v -0.04795881360769272 0.10826008766889572 0.013163662515580654
v -0.05553600937128067 0.1014481708407402 0.013163662515580654
v -0.05599315091967583 0.10262758284807205 0.013163662515580654
v -0.0561547577381134 0.10388211905956268 0.013163662515580654
v -0.05601143836975098 0.1051388829946518 0.013163662515580654
v -0.05557151883840561 0.10632482171058655 0.013163662515580654
v -0.054860565811395645 0.107371024787426 0.013163662515580654
v -0.05391990393400192 0.10821668803691864 0.013163662515580654
v -0.05280419439077377 0.10881265997886658 0.013163662515580654
v -0.051578279584646225 0.10912430286407471 0.013163662515580654
v -0.05031340569257736 0.1091335117816925 0.013163662515580654
v -0.04908308386802673 0.10883975028991699 0.013163662515580654
v -0.04817195236682892 0.10794644802808762 0.013401937671005726
v -0.04921496659517288 0.10848421603441238 0.013401937671005726
v -0.05035637319087982 0.10875674337148666 0.013401937671005726
v -0.05152982845902443 0.10874819755554199 0.013401937671005726
v -0.05266714468598366 0.10845907777547836 0.013401937671005726
v -0.0537022203207016 0.10790617763996124 0.013401937671005726
v -0.05457489937543869 0.10712163895368576 0.013401937671005726
v -0.05523446947336197 0.1061510443687439 0.013401937671005726
v -0.055642593652009964 0.10505081713199615 0.013401937671005726
v -0.05577555671334267 0.10388488322496414 0.013401937671005726
v -0.05562562867999077 0.10272101312875748 0.013401937671005726
v -0.05520152673125267 0.10162683576345444 0.013401937671005726
v -0.04840954765677452 0.10759680718183517 0.013549855910241604
v -0.04936198517680168 0.10808787494897842 0.013549855910241604
v -0.05040426924824715 0.10833673924207687 0.013549855910241604
v -0.05147582292556763 0.1083289384841919 0.013549855910241604
v -0.052514370530843735 0.1080649271607399 0.013549855910241604
v -0.05345955863595009 0.10756003856658936 0.013549855910241604
v -0.05425645038485527 0.10684362798929214 0.013549855910241604
v -0.0548587441444397 0.10595732927322388 0.013549855910241604
v -0.055231425911188126 0.10495264083147049 0.013549855910241604
v -0.055352840572595596 0.10388796031475067 0.013549855910241604
v -0.05521593615412712 0.10282515734434128 0.013549855910241604
v -0.05482866242527962 0.1018260046839714 0.013549855910241604
v -0.04410088062286377 0.08744898438453674 0.012045041657984257
v -0.04413817077875137 0.08741546422243118 0.011599999852478504
v -0.04399087652564049 0.08754787594079971 0.012467767111957073
v -0.04408258944749832 0.08746542781591415 0.01211533136665821
v -0.04381368309259415 0.08770717680454254 0.012846979312598705
v -0.04393186792731285 0.08760092407464981 0.012594053521752357
v -0.043695930391550064 0.08781303465366364 0.01300532091408968
v -0.04357817769050598 0.08791889995336533 0.013163662515580654
v -0.04339008405804634 0.08808799088001251 0.013322587125003338
v -0.043296169489622116 0.08817242085933685 0.013401937671005726
v -0.04303407669067383 0.08840804547071457 0.013525260612368584
v -0.04298180714249611 0.08845503628253937 0.013549855910241604
v -0.041131630539894104 0.08639700710773468 0.015095655806362629
v -0.040829211473464966 0.08672629296779633 0.015121950767934322
v -0.0411706380546093 0.08710607141256332 0.014489579014480114
v -0.0416075736284256 0.08759209513664246 0.014006278477609158
v -0.04211181774735451 0.08815298974514008 0.013703234493732452
v -0.041361790150403976 0.08602072298526764 0.015018089674413204
v -0.041508156806230545 0.08561632037162781 0.014893140643835068
v -0.04156338796019554 0.08520407229661942 0.014727074652910233
v -0.04152471199631691 0.08480465412139893 0.01452821958810091
v -0.04139407351613045 0.08443808555603027 0.014306546188890934
v -0.04117801785469055 0.08412275463342667 0.014073170721530914
v -0.04173283651471138 0.08473990857601166 0.013045565225183964
v -0.04244285449385643 0.08552968502044678 0.012260203249752522
v -0.04326225444674492 0.08644114434719086 0.011767757125198841
v -0.043299928307533264 0.08655805140733719 0.012198440730571747
v -0.04326113313436508 0.08673615008592606 0.012607528828084469
v -0.04314781352877617 0.08696649968624115 0.012974508106708527
v -0.04296565055847168 0.08723755925893784 0.013280974701046944
v -0.04272378236055374 0.08753573149442673 0.01351156271994114
v -0.04243433475494385 0.0878460556268692 0.013654708862304688
v -0.04255065694451332 0.0857246071100235 0.012648741714656353
v -0.042578473687171936 0.08597679436206818 0.013017796911299229
v -0.04252490773797035 0.08627361804246902 0.013348863460123539
v -0.04239264875650406 0.08660018444061279 0.013625339604914188
v -0.04218832775950432 0.08694011718034744 0.013833362609148026
v -0.0419221855700016 0.08727637678384781 0.013962500728666782
v -0.04190140590071678 0.08500241488218307 0.013366888277232647
v -0.041986942291259766 0.08531881123781204 0.013672099448740482
v -0.0419851578772068 0.08567322790622711 0.01394589338451624
v -0.041896138340234756 0.08604789525270462 0.014174540527164936
v -0.041724350303411484 0.08642401546239853 0.014346576295793056
v -0.04147840663790703 0.08678273856639862 0.014453373849391937
v -0.04644593968987465 0.10793165117502213 0.009100000374019146
v -0.04763618856668472 0.10894981771707535 0.009100000374019146
v -0.04904939606785774 0.10962522774934769 0.009100000374019146
v -0.05058926343917847 0.10991185903549194 0.009100000374019146
v -0.05215084180235863 0.10979017615318298 0.009100000374019146
v -0.05362771824002266 0.10926847159862518 0.009100000374019146
v -0.05491924658417702 0.10838229954242706 0.009100000374019146
v -0.05593740940093994 0.10719205439090729 0.009100000374019146
v -0.05661281943321228 0.10577884316444397 0.009100000374019146
v -0.05689945071935654 0.10423897951841354 0.009100000374019146
v -0.05677776783704758 0.10267739742994308 0.009100000374019146
v -0.05625606328248978 0.10120052099227905 0.009100000374019146
v -0.055369894951581955 0.0999089926481247 0.009100000374019146
v -0.03526979684829712 0.09538815170526505 0.01211533136665821
v -0.03525150939822197 0.09540459513664246 0.012045041657984257
v -0.03521421551704407 0.09543812274932861 0.011599999852478504
v -0.03542051836848259 0.09525265544652939 0.012594053521752357
v -0.03536150977015495 0.09530570358037949 0.012467767111957073
v -0.035538703203201294 0.09514640271663666 0.012846979312598705
v -0.03565645590424538 0.09504054486751556 0.01300532091408968
v -0.0359623022377491 0.09476558864116669 0.013322587125003338
v -0.03577420860528946 0.09493468701839447 0.013163662515580654
v -0.03631830960512161 0.09444554150104523 0.013525260612368584
v -0.036056216806173325 0.09468115866184235 0.013401937671005726
v -0.03637058287858963 0.09439854323863983 0.013549855910241604
v -0.036162517964839935 0.09350142627954483 0.013703234493732452
v -0.03565827012062073 0.09294053167104721 0.014006278477609158
v -0.03522133827209473 0.09245451539754868 0.014489579014480114
v -0.034879911690950394 0.09207472950220108 0.015121950767934322
v -0.04085792973637581 0.08376670628786087 0.014666019938886166
v -0.040448304265737534 0.083311066031456 0.015119113959372044
v -0.03997557610273361 0.0827852264046669 0.015403217636048794
v -0.03947024047374725 0.08222311735153198 0.01549999974668026
v -0.0394146591424942 0.08227308839559555 0.01601533219218254
v -0.03943294659256935 0.08225664496421814 0.015945041552186012
v -0.03926393762230873 0.08240858465433121 0.016494054347276688
v -0.03932294622063637 0.08235553652048111 0.01636776700615883
v -0.039028000086545944 0.08262069523334503 0.016905320808291435
v -0.03914575278759003 0.08251483738422394 0.01674697920680046
v -0.03872215375304222 0.08289565145969391 0.017222587019205093
v -0.03891024366021156 0.08272655308246613 0.01706366240978241
v -0.03836614638566971 0.08321569859981537 0.017425259575247765
v -0.038628239184617996 0.08298008143901825 0.01730193756520748
v -0.04029573127627373 0.08613287657499313 0.01611003279685974
v -0.039613027125597 0.08537347614765167 0.016865190118551254
v -0.0388251394033432 0.08449707180261612 0.017338695004582405
v -0.03831387311220169 0.08326269686222076 0.01744985580444336
v -0.037982914596796036 0.08356022834777832 0.017500000074505806
v -0.03914765641093254 0.08419014513492584 0.01729016937315464
v -0.039437104016542435 0.08387981355190277 0.017147023230791092
v -0.03967897221446037 0.08358164131641388 0.016916435211896896
v -0.03986113518476486 0.08331058919429779 0.01660996861755848
v -0.039974454790353775 0.0830802321434021 0.016242990270256996
v -0.04001324996352196 0.08290213346481323 0.0158339012414217
v -0.039927639067173004 0.08505775034427643 0.01682141236960888
v -0.04019377753138542 0.08472149819135666 0.016692273318767548
v -0.04039810225367546 0.08438155800104141 0.016484251245856285
v -0.040530361235141754 0.08405499905347824 0.016207773238420486
v -0.04058392718434334 0.08375817537307739 0.015876706689596176
v -0.04055611044168472 0.08350598067045212 0.015507652424275875
v -0.04060349985957146 0.08580954372882843 0.01607382856309414
v -0.04084944352507591 0.08545082062482834 0.015967030078172684
v -0.041021231561899185 0.08507469296455383 0.015794994309544563
v -0.04111025109887123 0.08470003306865692 0.015566347166895866
v -0.041112035512924194 0.08434561640024185 0.015292554162442684
v -0.04102649912238121 0.08402922004461288 0.014987342990934849
v -0.034520406275987625 0.09234051406383514 0.015095655806362629
v -0.034121837466955185 0.09252946823835373 0.015018089674413204
v -0.03370419144630432 0.09263210743665695 0.014893140643835068
v -0.03328840807080269 0.09264330565929413 0.014727074652910233
v -0.03289534151554108 0.0925624817609787 0.01452821958810091
v -0.03433829918503761 0.09446380287408829 0.011767757125198841
v -0.033518899232149124 0.09355234354734421 0.012260203249752522
v -0.03280888497829437 0.09276256710290909 0.013045565225183964
v -0.03254470229148865 0.09239369630813599 0.014306546188890934
v -0.032254066318273544 0.0921454131603241 0.014073170721530914
v -0.03486718237400055 0.09272624552249908 0.014453373849391937
v -0.034450557082891464 0.0945136621594429 0.012198440730571747
v -0.03463176265358925 0.09449397772550583 0.012607528828084469
v -0.034872837364673615 0.09440573304891586 0.012974508106708527
v -0.035161685198545456 0.09425334632396698 0.013280974701046944
v -0.03305203467607498 0.09295802563428879 0.013366888277232647
v -0.03335757553577423 0.09307663887739182 0.013672099448740482
v -0.03371018171310425 0.09311246126890182 0.01394589338451624
v -0.03409217298030853 0.09306368231773376 0.014174540527164936
v -0.034484393894672394 0.09293275326490402 0.014346576295793056
v -0.03370128571987152 0.09368021786212921 0.012648741714656353
v -0.0339491032063961 0.09373462200164795 0.013017796911299229
v -0.0342499315738678 0.09371284395456314 0.013348863460123539
v -0.034588683396577835 0.09361597150564194 0.013625339604914188
v -0.03494837135076523 0.09344885498285294 0.013833362609148026
v -0.03548382967710495 0.09404446929693222 0.01351156271994114
v -0.03531096130609512 0.09321988373994827 0.013962500728666782
v -0.03582311049103737 0.09378957003355026 0.013654708862304688
v -0.034346431493759155 0.09148132055997849 0.01611003279685974
v -0.03366372361779213 0.09072191268205643 0.016865190118551254
v -0.03287583962082863 0.08984551578760147 0.017338695004582405
v -0.032033611088991165 0.08890866488218307 0.017500000074505806
v -0.017161976546049118 0.05740867182612419 0.01549999974668026
v -0.017124686390161514 0.05744219571352005 0.015945041552186012
v -0.017106395214796066 0.05745863914489746 0.01601533219218254
v -0.01701468415558338 0.05754108726978302 0.01636776700615883
v -0.016955673694610596 0.05759413540363312 0.016494054347276688
v -0.01683748885989189 0.05770038440823555 0.01674697920680046
v -0.01671973615884781 0.05780624598264694 0.016905320808291435
v -0.016601983457803726 0.057912103831768036 0.01706366240978241
v -0.016413891687989235 0.05808120220899582 0.017222587019205093
v -0.01631997711956501 0.05816562846302986 0.01730193756520748
v -0.016057884320616722 0.05840125307440758 0.017425259575247765
v -0.016005611047148705 0.058448243886232376 0.01744985580444336
v -0.0156746506690979 0.05874577909708023 0.017500000074505806
v -0.0305835772305727 0.09021225571632385 0.015945041552186012
v -0.030546285212039948 0.09024577587842941 0.01549999974668026
v -0.031051622703671455 0.09080788493156433 0.015403217636048794
v -0.031524352729320526 0.09133372455835342 0.015119113959372044
v -0.0319339781999588 0.0917893648147583 0.014666019938886166
v -0.030601866543293 0.09019581228494644 0.01601533219218254
v -0.030693577602505684 0.09011336416006088 0.01636776700615883
v -0.03075258806347847 0.09006031602621078 0.016494054347276688
v -0.030870772898197174 0.08995406329631805 0.01674697920680046
v -0.030988525599241257 0.08984820544719696 0.016905320808291435
v -0.03110628016293049 0.08974234014749527 0.01706366240978241
v -0.03129437193274498 0.08957324922084808 0.017222587019205093
v -0.031388286501169205 0.08948881924152374 0.01730193756520748
v -0.03165037930011749 0.08925319463014603 0.017425259575247765
v -0.03170264884829521 0.08920620381832123 0.01744985580444336
v -0.03217712789773941 0.0919848307967186 0.014987342990934849
v -0.03253643214702606 0.0901336520910263 0.01729016937315464
v -0.03219715133309364 0.09038855135440826 0.017147023230791092
v -0.03187500685453415 0.09059743583202362 0.016916435211896896
v -0.03158615902066231 0.0907498151063919 0.01660996861755848
v -0.03399227559566498 0.0917530506849289 0.01607382856309414
v -0.03360948711633682 0.09195955842733383 0.015967030078172684
v -0.03321726620197296 0.09209048002958298 0.015794994309544563
v -0.03283527493476868 0.09213925898075104 0.015566347166895866
v -0.03248266875743866 0.09210344403982162 0.015292554162442684
v -0.033316414803266525 0.09100126475095749 0.01682141236960888
v -0.03295382484793663 0.09123023599386215 0.016692273318767548
v -0.03259413689374924 0.09139735251665115 0.016484251245856285
v -0.0322553850710392 0.09149422496557236 0.016207773238420486
v -0.031954556703567505 0.09151600301265717 0.015876706689596176
v -0.03134508430957794 0.09083805978298187 0.016242990270256996
v -0.03170673921704292 0.09146159142255783 0.015507652424275875
v -0.031163878738880157 0.09085775166749954 0.0158339012414217
v -0.008293604478240013 0.06538136303424835 0.01601533219218254
v -0.00827531423419714 0.06539780646562576 0.015945041552186012
v -0.008238024078309536 0.06543132662773132 0.01549999974668026
v -0.008444325067102909 0.0652458667755127 0.016494054347276688
v -0.008385315537452698 0.06529891490936279 0.01636776700615883
v -0.008562510833144188 0.06513961404561996 0.01674697920680046
v -0.008680264465510845 0.06503375619649887 0.016905320808291435
v -0.008798017166554928 0.06492789089679718 0.01706366240978241
v -0.008986108936369419 0.06475879997015 0.017222587019205093
v -0.00908002257347107 0.06467436999082565 0.01730193756520748
v -0.009342116303741932 0.06443874537944794 0.017425259575247765
v -0.009725349023938179 0.06409422308206558 0.017500000074505806
v -0.0093943877145648 0.06439175456762314 0.01744985580444336
v -0.009134569205343723 0.06323320418596268 0.017500000074505806
v -0.008786766789853573 0.06224861741065979 0.017500000074505806
v -0.008705644868314266 0.06120756268501282 0.017500000074505806
v -0.00889673177152872 0.060180988162755966 0.017500000074505806
v -0.009347005747258663 0.059238847345113754 0.017500000074505806
v -0.010025779716670513 0.05844534933567047 0.017500000074505806
v -0.010886798612773418 0.05785457044839859 0.017500000074505806
v -0.011871382594108582 0.05750676617026329 0.017500000074505806
v -0.01291243638843298 0.057425644248723984 0.017500000074505806
v -0.013939013704657555 0.05761673301458359 0.017500000074505806
v -0.014881152659654617 0.05806700512766838 0.017500000074505806
v -0.007351853419095278 0.06413980573415756 0.01549999974668026
v -0.006830150261521339 0.06266292184591293 0.01549999974668026
v -0.006708467844873667 0.06110134348273277 0.01549999974668026
v -0.006995098199695349 0.05956147983670235 0.01549999974668026
v -0.007670508231967688 0.05814826861023903 0.01549999974668026
v -0.00868866965174675 0.056958023458719254 0.01549999974668026
v -0.009980197064578533 0.05607185512781143 0.01549999974668026
v -0.01145707443356514 0.05555015057325363 0.01549999974668026
v -0.013018655590713024 0.05542846769094467 0.01549999974668026
v -0.014558520168066025 0.05571509897708893 0.01549999974668026
v -0.015971729531884193 0.05639050900936127 0.01549999974668026
v -0.015944385901093483 0.05643254145979881 0.015945041552186012
v -0.014542987570166588 0.055762775242328644 0.015945041552186012
v -0.013015992008149624 0.0554785393178463 0.015945041552186012
v -0.0114674624055624 0.05559920519590378 0.015945041552186012
v -0.010002927854657173 0.05611655116081238 0.015945041552186012
v -0.008722194470465183 0.05699531361460686 0.015945041552186012
v -0.007712541613727808 0.05817561224102974 0.015945041552186012
v -0.0070427763275802135 0.05957701429724693 0.015945041552186012
v -0.006758541334420443 0.06110400706529617 0.015945041552186012
v -0.006879206746816635 0.06265253573656082 0.015945041552186012
v -0.007396549917757511 0.06411707401275635 0.015945041552186012
v -0.015863727778196335 0.05655653402209282 0.01636776700615883
v -0.007528397720307112 0.06405001878738403 0.01636776700615883
v -0.0070239161141216755 0.06262189894914627 0.01636776700615883
v -0.006906250491738319 0.06111186370253563 0.01636776700615883
v -0.007183419074863195 0.059622831642627716 0.01636776700615883
v -0.007836533710360527 0.05825627222657204 0.01636776700615883
v -0.008821086026728153 0.05710531398653984 0.01636776700615883
v -0.01006997935473919 0.05624839663505554 0.01636776700615883
v -0.011498103849589825 0.05574391782283783 0.01636776700615883
v -0.013008136302232742 0.05562625080347061 0.01636776700615883
v -0.01449716929346323 0.055903419852256775 0.01636776700615883
v -0.01573380082845688 0.056756265461444855 0.01674697920680046
v -0.014423362910747528 0.056129973381757736 0.01674697920680046
v -0.012995481491088867 0.05586418882012367 0.01674697920680046
v -0.011547463946044445 0.055977024137973785 0.01674697920680046
v -0.01017798949033022 0.05646078661084175 0.01674697920680046
v -0.008980385027825832 0.05728251114487648 0.01674697920680046
v -0.008036267012357712 0.05838619917631149 0.01674697920680046
v -0.007409974932670593 0.059696637094020844 0.01674697920680046
v -0.007144188974052668 0.061124518513679504 0.01674697920680046
v -0.007257022429257631 0.06257253885269165 0.01674697920680046
v -0.007740785833448172 0.06394200772047043 0.01674697920680046
v -0.015561115927994251 0.05702172592282295 0.01706366240978241
v -0.008023063652217388 0.0637984573841095 0.01706366240978241
v -0.007566836196929216 0.06250693649053574 0.01706366240978241
v -0.007460425607860088 0.06114133819937706 0.01706366240978241
v -0.007711082696914673 0.05979473143815994 0.01706366240978241
v -0.008301726542413235 0.058558885008096695 0.01706366240978241
v -0.009192105382680893 0.057518016546964645 0.01706366240978241
v -0.0103215416893363 0.056743063032627106 0.01706366240978241
v -0.01161306630820036 0.05628683790564537 0.01706366240978241
v -0.012978662736713886 0.056180424988269806 0.01706366240978241
v -0.014325269497931004 0.056431081146001816 0.01706366240978241
v -0.015354336239397526 0.05733960121870041 0.01730193756520748
v -0.014207807369530201 0.05679164454340935 0.01730193756520748
v -0.012958522886037827 0.05655910074710846 0.01730193756520748
v -0.011691621504724026 0.0566578209400177 0.01730193756520748
v -0.010493438690900803 0.05708107724785805 0.01730193756520748
v -0.009445630013942719 0.05780002102255821 0.01730193756520748
v -0.008619600906968117 0.05876566469669342 0.01730193756520748
v -0.008071644231677055 0.059912193566560745 0.01730193756520748
v -0.007839102298021317 0.061161477118730545 0.01730193756520748
v -0.007937822490930557 0.06242837756872177 0.01730193756520748
v -0.00836107786744833 0.06362655758857727 0.01730193756520748
v -0.015123829245567322 0.057693950831890106 0.01744985580444336
v -0.014076866209506989 0.0571935772895813 0.01744985580444336
v -0.012936072424054146 0.05698123201727867 0.01744985580444336
v -0.011779190972447395 0.05707138031721115 0.01744985580444336
v -0.010685060173273087 0.057457875460386276 0.01744985580444336
v -0.009728245437145233 0.05811438709497452 0.01744985580444336
v -0.00897394958883524 0.05899617075920105 0.01744985580444336
v -0.008473578840494156 0.06004313379526138 0.01744985580444336
v -0.008261231705546379 0.06118392571806908 0.01744985580444336
v -0.008351379074156284 0.062340810894966125 0.01744985580444336
v -0.008737877011299133 0.06343493610620499 0.01744985580444336
v -0.017161976546049118 0.05740867182612419 0.01205000001937151
v -0.015971729531884193 0.05639050900936127 0.01205000001937151
v -0.014558520168066025 0.05571509897708893 0.01205000001937151
v -0.013018655590713024 0.05542846769094467 0.01205000001937151
v -0.01145707443356514 0.05555015057325363 0.01205000001937151
v -0.009980197064578533 0.05607185512781143 0.01205000001937151
v -0.00868866965174675 0.056958023458719254 0.01205000001937151
v -0.007670508231967688 0.05814826861023903 0.01205000001937151
v -0.006995098199695349 0.05956147983670235 0.01205000001937151
v -0.006708467844873667 0.06110134348273277 0.01205000001937151
v -0.006830150261521339 0.06266292184591293 0.01205000001937151
v -0.007351853419095278 0.06413980573415756 0.01205000001937151
v -0.008238024078309536 0.06543132662773132 0.01205000001937151
v -0.012249353341758251 0.06989330798387527 0.01205000001937151
v -0.021173305809497833 0.061870645731687546 0.01205000001937151
v -0.02170395478606224 0.06246091052889824 0.012149999849498272
v -0.012780002318322659 0.07048357278108597 0.012149999849498272
v -0.014705665409564972 0.06365098804235458 0.017500000074505806
v -0.014059901237487793 0.06409407407045364 0.017500000074505806
v -0.02378646284341812 0.07423587143421173 0.017500000074505806
v -0.011340098455548286 0.05874592810869217 0.017500000074505806
v -0.010694335214793682 0.05918901041150093 0.017500000074505806
v -0.023998579010367393 0.07398790121078491 0.017500000074505806
v -0.01521474588662386 0.0630558654665947 0.017500000074505806
v -0.015374073758721352 0.06006009876728058 0.017500000074505806
v -0.015634924173355103 0.060798536986112595 0.017500000074505806
v -0.014335865154862404 0.05890525504946709 0.017500000074505806
v -0.013629259541630745 0.05856755003333092 0.017500000074505806
v -0.012078537605702877 0.05848507583141327 0.017500000074505806
v -0.025400899350643158 0.07603167742490768 0.017500000074505806
v -0.029737070202827454 0.0821770653128624 0.017500000074505806
v -0.02426764741539955 0.07380328327417374 0.017500000074505806
v -0.013321463018655777 0.06435492634773254 0.017500000074505806
v -0.023586036637425423 0.07485108822584152 0.017500000074505806
v -0.023645751178264618 0.07453028857707977 0.017500000074505806
v -0.015695765614509583 0.061579328030347824 0.017500000074505806
v -0.014930987730622292 0.0594143345952034 0.017500000074505806
v -0.012859327718615532 0.05842423439025879 0.017500000074505806
v -0.02992169000208378 0.0824461355805397 0.017500000074505806
v -0.015552450902760029 0.06234925985336304 0.017500000074505806
v -0.01018525380641222 0.05978413671255112 0.017500000074505806
v -0.00984754879027605 0.06049073860049248 0.017500000074505806
v -0.025882083922624588 0.07559908926486969 0.017500000074505806
v -0.025669965893030167 0.07584705948829651 0.017500000074505806
v -0.025763850659132004 0.07408178597688675 0.017500000074505806
v -0.031532879918813705 0.08056262880563736 0.017500000074505806
v -0.009704234078526497 0.06126067414879799 0.017500000074505806
v -0.026022793725132942 0.07530467212200165 0.017500000074505806
v -0.03046407550573349 0.08279896527528763 0.017500000074505806
v -0.030169658362865448 0.08265825361013412 0.017500000074505806
v -0.03189907968044281 0.08229205012321472 0.017500000074505806
v -0.031238459050655365 0.08042192459106445 0.017500000074505806
v -0.009765075519680977 0.06204146146774292 0.017500000074505806
v -0.010025926865637302 0.06277990341186523 0.017500000074505806
v -0.026057157665491104 0.07465853542089462 0.017500000074505806
v -0.026082508265972137 0.0749838650226593 0.017500000074505806
v -0.029628382995724678 0.08186938613653183 0.017500000074505806
v -0.02594847045838833 0.07435085624456406 0.017500000074505806
v -0.032039787620306015 0.08199763298034668 0.017500000074505806
v -0.0319654643535614 0.08104381710290909 0.017500000074505806
v -0.032074153423309326 0.08135149627923965 0.017500000074505806
v -0.031780846416950226 0.08077474683523178 0.017500000074505806
v -0.030284641310572624 0.08049624413251877 0.017500000074505806
v -0.010469011962413788 0.06342566758394241 0.017500000074505806
v -0.011770740151405334 0.0642724484205246 0.017500000074505806
v -0.024575330317020416 0.07369459420442581 0.017500000074505806
v -0.024900659918785095 0.07366923987865448 0.017500000074505806
v -0.012540671974420547 0.06441576778888702 0.017500000074505806
v -0.02372007630765438 0.07548410445451736 0.017500000074505806
v -0.023611387237906456 0.0751764178276062 0.017500000074505806
v -0.023904694244265556 0.07575317472219467 0.017500000074505806
v -0.025093216449022293 0.07614036649465561 0.017500000074505806
v -0.024767886847257614 0.07616571336984634 0.017500000074505806
v -0.029603032395243645 0.08154405653476715 0.017500000074505806
v -0.03209950402379036 0.08167682588100433 0.017500000074505806
v -0.03059232421219349 0.08038755506277084 0.017500000074505806
v -0.030917653813958168 0.08036220818758011 0.017500000074505806
v -0.029803456738591194 0.08092883229255676 0.017500000074505806
v -0.030015574768185616 0.08068086206912994 0.017500000074505806
v -0.02966274693608284 0.0812232494354248 0.017500000074505806
v -0.01106413546949625 0.06393474340438843 0.017500000074505806
v -0.024447081610560417 0.076105996966362 0.017500000074505806
v -0.024152662605047226 0.07596529275178909 0.017500000074505806
v -0.03168696165084839 0.08254002034664154 0.017500000074505806
v -0.03141789510846138 0.08272463828325272 0.017500000074505806
v -0.025515884160995483 0.07386966794729233 0.017500000074505806
v -0.025221465155482292 0.07372895628213882 0.017500000074505806
v -0.031110210344195366 0.08283332735300064 0.017500000074505806
v -0.030784880742430687 0.08285868167877197 0.017500000074505806
v -0.025515884160995483 0.07386966794729233 0.012149999849498272
v -0.025763850659132004 0.07408178597688675 0.012149999849498272
v -0.025221465155482292 0.07372895628213882 0.012149999849498272
v -0.024900659918785095 0.07366923987865448 0.012149999849498272
v -0.024575330317020416 0.07369459420442581 0.012149999849498272
v -0.02426764741539955 0.07380328327417374 0.012149999849498272
v -0.023998579010367393 0.07398790121078491 0.012149999849498272
v -0.02378646284341812 0.07423587143421173 0.012149999849498272
v -0.023645751178264618 0.07453028857707977 0.012149999849498272
v -0.023586036637425423 0.07485108822584152 0.012149999849498272
v -0.023611387237906456 0.0751764178276062 0.012149999849498272
v -0.02372007630765438 0.07548410445451736 0.012149999849498272
v -0.023904694244265556 0.07575317472219467 0.012149999849498272
v -0.024152662605047226 0.07596529275178909 0.012149999849498272
v -0.024447081610560417 0.076105996966362 0.012149999849498272
v -0.024767886847257614 0.07616571336984634 0.012149999849498272
v -0.025093216449022293 0.07614036649465561 0.012149999849498272
v -0.025400899350643158 0.07603167742490768 0.012149999849498272
v -0.025669965893030167 0.07584705948829651 0.012149999849498272
v -0.025882083922624588 0.07559908926486969 0.012149999849498272
v -0.026022793725132942 0.07530467212200165 0.012149999849498272
v -0.026082508265972137 0.0749838650226593 0.012149999849498272
v -0.026057157665491104 0.07465853542089462 0.012149999849498272
v -0.02594847045838833 0.07435085624456406 0.012149999849498272
v -0.030284641310572624 0.08049624413251877 0.012149999849498272
v -0.030015574768185616 0.08068086206912994 0.012149999849498272
v -0.029803456738591194 0.08092883229255676 0.012149999849498272
v -0.029603032395243645 0.08154405653476715 0.012149999849498272
v -0.029628382995724678 0.08186938613653183 0.012149999849498272
v -0.02966274693608284 0.0812232494354248 0.012149999849498272
v -0.03507924824953079 0.07733882963657379 0.012149999849498272
v -0.031238459050655365 0.08042192459106445 0.012149999849498272
v -0.029724879190325737 0.08215242624282837 0.012149999849498272
v -0.026155296713113785 0.08536148816347122 0.012149999849498272
v -0.03150966763496399 0.08054789155721664 0.012149999849498272
v -0.030917653813958168 0.08036220818758011 0.012149999849498272
v -0.03059232421219349 0.08038755506277084 0.012149999849498272
v -0.03153181076049805 0.08056408911943436 0.012149212881922722
v -0.031664326786994934 0.08066100627183914 0.012144501321017742
v -0.03178160637617111 0.08077559620141983 0.01213067676872015
v -0.031882695853710175 0.0809042826294899 0.012108380906283855
v -0.03178079426288605 0.08077479898929596 0.01213077176362276
v -0.0319654643535614 0.08104381710290909 0.012078316882252693
v -0.03198305889964104 0.08107983320951462 0.012069769203662872
v -0.032074153423309326 0.08135149627923965 0.011997847817838192
v -0.03209950402379036 0.08167682588100433 0.011902546510100365
v -0.032062970101833344 0.08191748708486557 0.011833100579679012
v -0.03197938948869705 0.08214881271123886 0.011774225160479546
v -0.032034676522016525 0.08199579268693924 0.011813171207904816
v -0.03180157393217087 0.08242248743772507 0.011727477423846722
v -0.03189907968044281 0.08229205012321472 0.01174543984234333
v -0.03155878931283951 0.08264093101024628 0.011727400124073029
v -0.03168696165084839 0.08254002034664154 0.011721281334757805
v -0.03126674145460129 0.08278937637805939 0.011774268932640553
v -0.03141789510846138 0.08272463828325272 0.01174543984234333
v -0.031037086620926857 0.08283902704715729 0.0118319196626544
v -0.031110210344195366 0.08283332735300064 0.01181144267320633
v -0.030784880742430687 0.08285868167877197 0.011902546510100365
v -0.03046407550573349 0.08279896527528763 0.011997847817838192
v -0.030203601345419884 0.08267956972122192 0.012069769203662872
v -0.030039507895708084 0.08256099373102188 0.01210842002183199
v -0.03017118200659752 0.0826561376452446 0.012077405117452145
v -0.029820624738931656 0.08231773972511292 0.012144533917307854
v -0.02992169000208378 0.0824461355805397 0.012130801565945148
v -0.029737070202827454 0.0821770653128624 0.012149890884757042
v -0.027827927842736244 0.08722203224897385 0.010945167392492294
v -0.027489176020026207 0.08684521913528442 0.011451860889792442
v -0.036413129419088364 0.078822560608387 0.011451860889792442
v -0.02808280847966671 0.08750554174184799 0.010338428430259228
v -0.0367518812417984 0.07919937372207642 0.010945167392492294
v -0.028241034597158432 0.08768154680728912 0.009662066586315632
v -0.03700676187872887 0.07948288321495056 0.010338428430259228
v -0.028294673189520836 0.08774121105670929 0.008949999697506428
v -0.03716498613357544 0.0796588882803917 0.009662066586315632
v -0.026631353422999382 0.08589103072881699 0.012069769203662872
v -0.027083538472652435 0.08639401197433472 0.011833100579679012
v -0.03600749000906944 0.07837135344743729 0.011833100579679012
v -0.03555530682206154 0.07786837220191956 0.012069769203662872
v -0.03721862658858299 0.07971855252981186 0.008949999697506428
v -0.028294673189520836 0.08774121105670929 -0.008949999697506428
v -0.03721862658858299 0.07971855252981186 -0.008949999697506428
v -0.010469011962413788 0.06342566758394241 0.015300000086426735
v -0.010025926865637302 0.06277990341186523 0.015300000086426735
v -0.009765075519680977 0.06204146146774292 0.015300000086426735
v -0.009704234078526497 0.06126067414879799 0.015300000086426735
v -0.00984754879027605 0.06049073860049248 0.015300000086426735
v -0.01018525380641222 0.05978413671255112 0.015300000086426735
v -0.010694335214793682 0.05918901041150093 0.015300000086426735
v -0.011340098455548286 0.05874592810869217 0.015300000086426735
v -0.012078537605702877 0.05848507583141327 0.015300000086426735
v -0.012859327718615532 0.05842423439025879 0.015300000086426735
v -0.013629259541630745 0.05856755003333092 0.015300000086426735
v -0.014335865154862404 0.05890525504946709 0.015300000086426735
v -0.014930987730622292 0.0594143345952034 0.015300000086426735
v -0.015374073758721352 0.06006009876728058 0.015300000086426735
v -0.015634924173355103 0.060798536986112595 0.015300000086426735
v -0.015695765614509583 0.061579328030347824 0.015300000086426735
v -0.015552450902760029 0.06234925985336304 0.015300000086426735
v -0.01521474588662386 0.0630558654665947 0.015300000086426735
v -0.014705665409564972 0.06365098804235458 0.015300000086426735
v -0.014059901237487793 0.06409407407045364 0.015300000086426735
v -0.013321463018655777 0.06435492634773254 0.015300000086426735
v -0.012540671974420547 0.06441576778888702 0.015300000086426735
v -0.011770740151405334 0.0642724484205246 0.015300000086426735
v -0.01106413546949625 0.06393474340438843 0.015300000086426735
v -0.01269999984651804 0.061420001089572906 0.015300000086426735
v -0.028221774846315384 0.08766012638807297 -0.009778221137821674
v -0.028008051216602325 0.08742238581180573 -0.01054999977350235
v -0.03714573010802269 0.07963746786117554 -0.009778221137821674
v -0.027668064460158348 0.08704420924186707 -0.011212741956114769
v -0.03693200275301933 0.0793997272849083 -0.01054999977350235
v -0.036592017859220505 0.07902155071496964 -0.011212741956114769
v -0.03168696165084839 0.08254002034664154 -0.011721281334757805
v -0.03614893928170204 0.07852869480848312 -0.011721281334757805
v -0.03563296049833298 0.0779547467827797 -0.012040962465107441
v -0.03188255801796913 0.08090408146381378 -0.01210842002183199
v -0.0319654643535614 0.08104381710290909 -0.012078316882252693
v -0.031780846416950226 0.08077474683523178 -0.012130801565945148
v -0.03507924824953079 0.07733882963657379 -0.012149999849498272
v -0.03166389837861061 0.0806606337428093 -0.012144533917307854
v -0.03150966763496399 0.08054789155721664 -0.012149999849498272
v -0.031532879918813705 0.08056262880563736 -0.012149890884757042
v -0.032039787620306015 0.08199763298034668 -0.01181144267320633
v -0.031979478895664215 0.08214861899614334 -0.011774268932640553
v -0.03189907968044281 0.08229205012321472 -0.01174543984234333
v -0.031800899654626846 0.08242327719926834 -0.011727400124073029
v -0.03209950402379036 0.08167682588100433 -0.011902546510100365
v -0.03202984482049942 0.0811939612030983 -0.012040962465107441
v -0.032074153423309326 0.08135149627923965 -0.011997847817838192
v -0.02670900896191597 0.08597740530967712 -0.012040962465107441
v -0.027224985882639885 0.08655135333538055 -0.011721281334757805
v -0.03046407550573349 0.08279896527528763 -0.011997847817838192
v -0.030784880742430687 0.08285868167877197 -0.011902546510100365
v -0.03141789510846138 0.08272463828325272 -0.01174543984234333
v -0.0312669463455677 0.08278930187225342 -0.011774225160479546
v -0.03155793622136116 0.08264151960611343 -0.011727477423846722
v -0.031110210344195366 0.08283332735300064 -0.01181144267320633
v -0.026155296713113785 0.08536148816347122 -0.012149999849498272
v -0.029820624738931656 0.08231773972511292 -0.012144533917307854
v -0.02973862737417221 0.08217616379261017 -0.012149214744567871
v -0.030039263889193535 0.08256078511476517 -0.012108472175896168
v -0.030312124639749527 0.08273819833993912 -0.012040962465107441
v -0.030169658362865448 0.08265825361013412 -0.012078316882252693
v -0.02992169000208378 0.0824461355805397 -0.012130801565945148
v -0.029724879190325737 0.08215242624282837 -0.012149999849498272
v -0.02992169000208378 0.0824461355805397 -0.017500000074505806
v -0.029737070202827454 0.0821770653128624 -0.017500000074505806
v -0.030169658362865448 0.08265825361013412 -0.017500000074505806
v -0.03046407550573349 0.08279896527528763 -0.017500000074505806
v -0.030784880742430687 0.08285868167877197 -0.017500000074505806
v -0.03141789510846138 0.08272463828325272 -0.017500000074505806
v -0.031110210344195366 0.08283332735300064 -0.017500000074505806
v -0.03168696165084839 0.08254002034664154 -0.017500000074505806
v -0.03189907968044281 0.08229205012321472 -0.017500000074505806
v -0.032039787620306015 0.08199763298034668 -0.017500000074505806
v -0.03209950402379036 0.08167682588100433 -0.017500000074505806
v -0.0319654643535614 0.08104381710290909 -0.017500000074505806
v -0.032074153423309326 0.08135149627923965 -0.017500000074505806
v -0.031780846416950226 0.08077474683523178 -0.017500000074505806
v -0.031532879918813705 0.08056262880563736 -0.017500000074505806
v -0.031238459050655365 0.08042192459106445 -0.017500000074505806
v -0.030917653813958168 0.08036220818758011 -0.017500000074505806
v -0.031238459050655365 0.08042192459106445 -0.012149999849498272
v -0.03059232421219349 0.08038755506277084 -0.017500000074505806
v -0.030917653813958168 0.08036220818758011 -0.012149999849498272
v -0.030284641310572624 0.08049624413251877 -0.017500000074505806
v -0.03059232421219349 0.08038755506277084 -0.012149999849498272
v -0.030015574768185616 0.08068086206912994 -0.017500000074505806
v -0.030284641310572624 0.08049624413251877 -0.012149999849498272
v -0.029803456738591194 0.08092883229255676 -0.017500000074505806
v -0.030015574768185616 0.08068086206912994 -0.012149999849498272
v -0.02966274693608284 0.0812232494354248 -0.017500000074505806
v -0.029803456738591194 0.08092883229255676 -0.012149999849498272
v -0.029603032395243645 0.08154405653476715 -0.017500000074505806
v -0.02966274693608284 0.0812232494354248 -0.012149999849498272
v -0.029628382995724678 0.08186938613653183 -0.017500000074505806
v -0.029603032395243645 0.08154405653476715 -0.012149999849498272
v -0.029628382995724678 0.08186938613653183 -0.012149999849498272
v -0.026057157665491104 0.07465853542089462 -0.012149999849498272
v -0.026082508265972137 0.0749838650226593 -0.012149999849498272
v -0.025882083922624588 0.07559908926486969 -0.012149999849498272
v -0.02594847045838833 0.07435085624456406 -0.012149999849498272
v -0.02170395478606224 0.06246091052889824 -0.012149999849498272
v -0.025763850659132004 0.07408178597688675 -0.012149999849498272
v -0.025669965893030167 0.07584705948829651 -0.012149999849498272
v -0.025400899350643158 0.07603167742490768 -0.012149999849498272
v -0.026022793725132942 0.07530467212200165 -0.012149999849498272
v -0.012780002318322659 0.07048357278108597 -0.012149999849498272
v -0.02372007630765438 0.07548410445451736 -0.012149999849498272
v -0.023611387237906456 0.0751764178276062 -0.012149999849498272
v -0.023904694244265556 0.07575317472219467 -0.012149999849498272
v -0.025093216449022293 0.07614036649465561 -0.012149999849498272
v -0.024767886847257614 0.07616571336984634 -0.012149999849498272
v -0.025221465155482292 0.07372895628213882 -0.012149999849498272
v -0.025515884160995483 0.07386966794729233 -0.012149999849498272
v -0.023998579010367393 0.07398790121078491 -0.012149999849498272
v -0.024447081610560417 0.076105996966362 -0.012149999849498272
v -0.024152662605047226 0.07596529275178909 -0.012149999849498272
v -0.024575330317020416 0.07369459420442581 -0.012149999849498272
v -0.024900659918785095 0.07366923987865448 -0.012149999849498272
v -0.02378646284341812 0.07423587143421173 -0.012149999849498272
v -0.023586036637425423 0.07485108822584152 -0.012149999849498272
v -0.023645751178264618 0.07453028857707977 -0.012149999849498272
v -0.02426764741539955 0.07380328327417374 -0.012149999849498272
v -0.025515884160995483 0.07386966794729233 -0.017500000074505806
v -0.025763850659132004 0.07408178597688675 -0.017500000074505806
v -0.025221465155482292 0.07372895628213882 -0.017500000074505806
v -0.024900659918785095 0.07366923987865448 -0.017500000074505806
v -0.024575330317020416 0.07369459420442581 -0.017500000074505806
v -0.02426764741539955 0.07380328327417374 -0.017500000074505806
v -0.023998579010367393 0.07398790121078491 -0.017500000074505806
v -0.02378646284341812 0.07423587143421173 -0.017500000074505806
v -0.023645751178264618 0.07453028857707977 -0.017500000074505806
v -0.023586036637425423 0.07485108822584152 -0.017500000074505806
v -0.023611387237906456 0.0751764178276062 -0.017500000074505806
v -0.02372007630765438 0.07548410445451736 -0.017500000074505806
v -0.023904694244265556 0.07575317472219467 -0.017500000074505806
v -0.024152662605047226 0.07596529275178909 -0.017500000074505806
v -0.024447081610560417 0.076105996966362 -0.017500000074505806
v -0.024767886847257614 0.07616571336984634 -0.017500000074505806
v -0.025093216449022293 0.07614036649465561 -0.017500000074505806
v -0.025400899350643158 0.07603167742490768 -0.017500000074505806
v -0.025669965893030167 0.07584705948829651 -0.017500000074505806
v -0.025882083922624588 0.07559908926486969 -0.017500000074505806
v -0.026022793725132942 0.07530467212200165 -0.017500000074505806
v -0.026082508265972137 0.0749838650226593 -0.017500000074505806
v -0.026057157665491104 0.07465853542089462 -0.017500000074505806
v -0.02594847045838833 0.07435085624456406 -0.017500000074505806
v -0.012249353341758251 0.06989330798387527 -0.01205000001937151
v -0.021173305809497833 0.061870645731687546 -0.01205000001937151
v -0.009980197064578533 0.05607185512781143 -0.01205000001937151
v -0.006995098199695349 0.05956147983670235 -0.01205000001937151
v -0.006708467844873667 0.06110134348273277 -0.01205000001937151
v -0.00868866965174675 0.056958023458719254 -0.01205000001937151
v -0.007670508231967688 0.05814826861023903 -0.01205000001937151
v -0.007351853419095278 0.06413980573415756 -0.01205000001937151
v -0.013018655590713024 0.05542846769094467 -0.01205000001937151
v -0.01145707443356514 0.05555015057325363 -0.01205000001937151
v -0.014558520168066025 0.05571509897708893 -0.01205000001937151
v -0.017161976546049118 0.05740867182612419 -0.01205000001937151
v -0.015971729531884193 0.05639050900936127 -0.01205000001937151
v -0.006830150261521339 0.06266292184591293 -0.01205000001937151
v -0.008238024078309536 0.06543132662773132 -0.01205000001937151
v -0.017161976546049118 0.05740867182612419 -0.01549999974668026
v -0.015971729531884193 0.05639050900936127 -0.01549999974668026
v -0.014558520168066025 0.05571509897708893 -0.01549999974668026
v -0.013018655590713024 0.05542846769094467 -0.01549999974668026
v -0.01145707443356514 0.05555015057325363 -0.01549999974668026
v -0.009980197064578533 0.05607185512781143 -0.01549999974668026
v -0.00868866965174675 0.056958023458719254 -0.01549999974668026
v -0.007670508231967688 0.05814826861023903 -0.01549999974668026
v -0.006995098199695349 0.05956147983670235 -0.01549999974668026
v -0.006708467844873667 0.06110134348273277 -0.01549999974668026
v -0.006830150261521339 0.06266292184591293 -0.01549999974668026
v -0.007351853419095278 0.06413980573415756 -0.01549999974668026
v -0.008238024078309536 0.06543132662773132 -0.01549999974668026
v -0.008288702927529812 0.06538576632738113 -0.01601763814687729
v -0.017118511721491814 0.05744774639606476 -0.015943948179483414
v -0.00843728706240654 0.06525219231843948 -0.016499999910593033
v -0.017005091533064842 0.05754971131682396 -0.016362423077225685
v -0.017111297696828842 0.05745423212647438 -0.01601763814687729
v -0.0086736511439085 0.06503970175981522 -0.016914213076233864
v -0.016827600076794624 0.05770927667617798 -0.016736775636672974
v -0.01696271263062954 0.05758780986070633 -0.016499999910593033
v -0.00898168608546257 0.06476277858018875 -0.017232051119208336
v -0.01659439504146576 0.05791892856359482 -0.01705036498606205
v -0.01672634854912758 0.0578003004193306 -0.016914213076233864
v -0.00934040080755949 0.0644402876496315 -0.017431851476430893
v -0.0163160040974617 0.058169201016426086 -0.017289036884903908
v -0.01641831360757351 0.05807722359895706 -0.017232051119208336
v -0.009725349023938179 0.06409422308206558 -0.017500000074505806
v -0.009134569205343723 0.06323320418596268 -0.017500000074505806
v -0.008786766789853573 0.06224861741065979 -0.017500000074505806
v -0.008705644868314266 0.06120756268501282 -0.017500000074505806
v -0.00889673177152872 0.060180988162755966 -0.017500000074505806
v -0.009347005747258663 0.059238847345113754 -0.017500000074505806
v -0.010025779716670513 0.05844534933567047 -0.017500000074505806
v -0.010886798612773418 0.05785457044839859 -0.017500000074505806
v -0.011871382594108582 0.05750676617026329 -0.017500000074505806
v -0.01291243638843298 0.057425644248723984 -0.017500000074505806
v -0.013939013704657555 0.05761673301458359 -0.017500000074505806
v -0.014881152659654617 0.05806700512766838 -0.017500000074505806
v -0.01600479893386364 0.058448974043130875 -0.017441552132368088
v -0.016059599816799164 0.058399710804224014 -0.017431851476430893
v -0.0156746506690979 0.05874577909708023 -0.017500000074505806
v -0.015163415111601353 0.05763309448957443 -0.017431851476430893
v -0.01409935299307108 0.0571245513856411 -0.017431851476430893
v -0.012939928099513054 0.0569087378680706 -0.017431851476430893
v -0.011764151975512505 0.057000357657670975 -0.017431851476430893
v -0.010652152821421623 0.05739316716790199 -0.017431851476430893
v -0.009679710492491722 0.05806040018796921 -0.017431851476430893
v -0.00891309604048729 0.058956585824489594 -0.017431851476430893
v -0.008404552936553955 0.06002064794301987 -0.017431851476430893
v -0.00818873755633831 0.06118007376790047 -0.017431851476430893
v -0.008280357345938683 0.06235584616661072 -0.017431851476430893
v -0.008673167787492275 0.0634678453207016 -0.017431851476430893
v -0.015426441095769405 0.057228755205869675 -0.017232051119208336
v -0.01424876693636179 0.05666591599583626 -0.017232051119208336
v -0.012965545989573002 0.05642705783247948 -0.017232051119208336
v -0.01166422851383686 0.05652846023440361 -0.017232051119208336
v -0.010433497838675976 0.05696321278810501 -0.017232051119208336
v -0.009357225149869919 0.05770168825984001 -0.017232051119208336
v -0.008508756756782532 0.05869355797767639 -0.017232051119208336
v -0.007945914752781391 0.059871233999729156 -0.017232051119208336
v -0.00770705658942461 0.061154454946517944 -0.017232051119208336
v -0.007808458525687456 0.06245576962828636 -0.017232051119208336
v -0.00824321061372757 0.06368650496006012 -0.017232051119208336
v -0.015652306377887726 0.05688154324889183 -0.016914213076233864
v -0.014377070590853691 0.056272074580192566 -0.016914213076233864
v -0.012987544760107994 0.056013427674770355 -0.016914213076233864
v -0.011578422971069813 0.05612323060631752 -0.016914213076233864
v -0.010245734825730324 0.05659399926662445 -0.016914213076233864
v -0.009080300107598305 0.05739365145564079 -0.016914213076233864
v -0.008161542937159538 0.058467693626880646 -0.016914213076233864
v -0.0075520738027989864 0.05974292755126953 -0.016914213076233864
v -0.007293427363038063 0.06113245710730553 -0.016914213076233864
v -0.007403229828923941 0.06254157423973083 -0.016914213076233864
v -0.007873998954892159 0.0638742670416832 -0.016914213076233864
v -0.01582561992108822 0.05661511793732643 -0.016499999910593033
v -0.014475521631538868 0.05596986785531044 -0.016499999910593033
v -0.0130044249817729 0.055696040391922 -0.016499999910593033
v -0.011512581259012222 0.0558122880756855 -0.016499999910593033
v -0.01010165922343731 0.05631069093942642 -0.016499999910593033
v -0.008867808617651463 0.05715728923678398 -0.016499999910593033
v -0.007895116694271564 0.058294378221035004 -0.016499999910593033
v -0.00724986894056201 0.05964447930455208 -0.016499999910593033
v -0.006976038683205843 0.0611155740916729 -0.016499999910593033
v -0.007092287298291922 0.06260741502046585 -0.016499999910593033
v -0.007590692024677992 0.06401833891868591 -0.016499999910593033
v -0.015934569761157036 0.05644763261079788 -0.01601763814687729
v -0.01453741081058979 0.055779896676540375 -0.01601763814687729
v -0.013015035539865494 0.055496521294116974 -0.01601763814687729
v -0.011471191421151161 0.055616822093725204 -0.01601763814687729
v -0.010011089034378529 0.05613259598612785 -0.01601763814687729
v -0.008734230883419514 0.05700870230793953 -0.01601763814687729
v -0.007727633696049452 0.058185432106256485 -0.01601763814687729
v -0.007059894967824221 0.05958259105682373 -0.01601763814687729
v -0.006776520051062107 0.06110496446490288 -0.01601763814687729
v -0.00689682038500905 0.06264881044626236 -0.01601763814687729
v -0.007412598002701998 0.06410890817642212 -0.01601763814687729
v -0.03947024047374725 0.08222311735153198 -0.01549999974668026
v -0.03943294659256935 0.08225664496421814 -0.015945041552186012
v -0.03932294622063637 0.08235553652048111 -0.01636776700615883
v -0.03914575278759003 0.08251483738422394 -0.01674697920680046
v -0.03891024366021156 0.08272655308246613 -0.01706366240978241
v -0.038628239184617996 0.08298008143901825 -0.01730193756520748
v -0.03831387311220169 0.08326269686222076 -0.01744985580444336
v -0.037982914596796036 0.08356022834777832 -0.017500000074505806
v -0.030601866543293 0.09019581228494644 -0.01601533219218254
v -0.0305835772305727 0.09021225571632385 -0.015945041552186012
v -0.030546285212039948 0.09024577587842941 -0.01549999974668026
v -0.03075258806347847 0.09006031602621078 -0.016494054347276688
v -0.030693577602505684 0.09011336416006088 -0.01636776700615883
v -0.030870772898197174 0.08995406329631805 -0.01674697920680046
v -0.030988525599241257 0.08984820544719696 -0.016905320808291435
v -0.03110628016293049 0.08974234014749527 -0.01706366240978241
v -0.03129437193274498 0.08957324922084808 -0.017222587019205093
v -0.031388286501169205 0.08948881924152374 -0.01730193756520748
v -0.03165037930011749 0.08925319463014603 -0.017425259575247765
v -0.03170264884829521 0.08920620381832123 -0.01744985580444336
v -0.032033611088991165 0.08890866488218307 -0.017500000074505806
v -0.011340098455548286 0.05874592810869217 -0.017500000074505806
v -0.012078537605702877 0.05848507583141327 -0.017500000074505806
v -0.009704234078526497 0.06126067414879799 -0.017500000074505806
v -0.00984754879027605 0.06049073860049248 -0.017500000074505806
v -0.01018525380641222 0.05978413671255112 -0.017500000074505806
v -0.010694335214793682 0.05918901041150093 -0.017500000074505806
v -0.012859327718615532 0.05842423439025879 -0.017500000074505806
v -0.013629259541630745 0.05856755003333092 -0.017500000074505806
v -0.014335865154862404 0.05890525504946709 -0.017500000074505806
v -0.010025926865637302 0.06277990341186523 -0.017500000074505806
v -0.009765075519680977 0.06204146146774292 -0.017500000074505806
v -0.014930987730622292 0.0594143345952034 -0.017500000074505806
v -0.015634924173355103 0.060798536986112595 -0.017500000074505806
v -0.01521474588662386 0.0630558654665947 -0.017500000074505806
v -0.013321463018655777 0.06435492634773254 -0.017500000074505806
v -0.014059901237487793 0.06409407407045364 -0.017500000074505806
v -0.01106413546949625 0.06393474340438843 -0.017500000074505806
v -0.015374073758721352 0.06006009876728058 -0.017500000074505806
v -0.015699999406933784 0.061420001089572906 -0.017500000074505806
v -0.015552450902760029 0.06234925985336304 -0.017500000074505806
v -0.015695765614509583 0.061579328030347824 -0.017500000074505806
v -0.012540671974420547 0.06441576778888702 -0.017500000074505806
v -0.010469011962413788 0.06342566758394241 -0.017500000074505806
v -0.014705665409564972 0.06365098804235458 -0.017500000074505806
v -0.011770740151405334 0.0642724484205246 -0.017500000074505806
v -0.0388251394033432 0.08449707180261612 -0.017338695004582405
v -0.03287583962082863 0.08984551578760147 -0.017338695004582405
v -0.039613027125597 0.08537347614765167 -0.016865190118551254
v -0.03366372361779213 0.09072191268205643 -0.016865190118551254
v -0.04029573127627373 0.08613287657499313 -0.01611003279685974
v -0.034346431493759155 0.09148132055997849 -0.01611003279685974
v -0.040829211473464966 0.08672629296779633 -0.015121950767934322
v -0.034879911690950394 0.09207472950220108 -0.015121950767934322
v -0.03997557610273361 0.0827852264046669 -0.015403217636048794
v -0.040448304265737534 0.083311066031456 -0.015119113959372044
v -0.04085792973637581 0.08376670628786087 -0.014666019938886166
v -0.04117801785469055 0.08412275463342667 -0.014073170721530914
v -0.04139407351613045 0.08443808555603027 -0.014306546188890934
v -0.04152471199631691 0.08480465412139893 -0.01452821958810091
v -0.04156338796019554 0.08520407229661942 -0.014727074652910233
v -0.041508156806230545 0.08561632037162781 -0.014893140643835068
v -0.041361790150403976 0.08602072298526764 -0.015018089674413204
v -0.041131630539894104 0.08639700710773468 -0.015095655806362629
v -0.04060349985957146 0.08580954372882843 -0.01607382856309414
v -0.04084944352507591 0.08545082062482834 -0.015967030078172684
v -0.041021231561899185 0.08507469296455383 -0.015794994309544563
v -0.04111025109887123 0.08470003306865692 -0.015566347166895866
v -0.041112035512924194 0.08434561640024185 -0.015292554162442684
v -0.04102649912238121 0.08402922004461288 -0.014987342990934849
v -0.039927639067173004 0.08505775034427643 -0.01682141236960888
v -0.04019377753138542 0.08472149819135666 -0.016692273318767548
v -0.04039810225367546 0.08438155800104141 -0.016484251245856285
v -0.040530361235141754 0.08405499905347824 -0.016207773238420486
v -0.04058392718434334 0.08375817537307739 -0.015876706689596176
v -0.04055611044168472 0.08350598067045212 -0.015507652424275875
v -0.03914765641093254 0.08419014513492584 -0.01729016937315464
v -0.039437104016542435 0.08387981355190277 -0.017147023230791092
v -0.03967897221446037 0.08358164131641388 -0.016916435211896896
v -0.03986113518476486 0.08331058919429779 -0.01660996861755848
v -0.039974454790353775 0.0830802321434021 -0.016242990270256996
v -0.04001324996352196 0.08290213346481323 -0.0158339012414217
v -0.04298180714249611 0.08845503628253937 -0.013549855910241604
v -0.042650844901800156 0.08875256776809692 -0.01360000018030405
v -0.04211181774735451 0.08815298974514008 -0.013703234493732452
v -0.0416075736284256 0.08759209513664246 -0.014006278477609158
v -0.0411706380546093 0.08710607141256332 -0.014489579014480114
v -0.04303407669067383 0.08840804547071457 -0.013525260612368584
v -0.043296169489622116 0.08817242085933685 -0.013401937671005726
v -0.04339008405804634 0.08808799088001251 -0.013322587125003338
v -0.04357817769050598 0.08791889995336533 -0.013163662515580654
v -0.043695930391550064 0.08781303465366364 -0.01300532091408968
v -0.04381368309259415 0.08770717680454254 -0.012846979312598705
v -0.04393186792731285 0.08760092407464981 -0.012594053521752357
v -0.04399087652564049 0.08754787594079971 -0.012467767111957073
v -0.04408258944749832 0.08746542781591415 -0.01211533136665821
v -0.04410088062286377 0.08744898438453674 -0.012045041657984257
v -0.04413817077875137 0.08741546422243118 -0.011599999852478504
v -0.04326225444674492 0.08644114434719086 -0.011767757125198841
v -0.04244285449385643 0.08552968502044678 -0.012260203249752522
v -0.04173283651471138 0.08473990857601166 -0.013045565225183964
v -0.04147840663790703 0.08678273856639862 -0.014453373849391937
v -0.043299928307533264 0.08655805140733719 -0.012198440730571747
v -0.04326113313436508 0.08673615008592606 -0.012607528828084469
v -0.04314781352877617 0.08696649968624115 -0.012974508106708527
v -0.04296565055847168 0.08723755925893784 -0.013280974701046944
v -0.04190140590071678 0.08500241488218307 -0.013366888277232647
v -0.041986942291259766 0.08531881123781204 -0.013672099448740482
v -0.0419851578772068 0.08567322790622711 -0.01394589338451624
v -0.041896138340234756 0.08604789525270462 -0.014174540527164936
v -0.041724350303411484 0.08642401546239853 -0.014346576295793056
v -0.04255065694451332 0.0857246071100235 -0.012648741714656353
v -0.042578473687171936 0.08597679436206818 -0.013017796911299229
v -0.04252490773797035 0.08627361804246902 -0.013348863460123539
v -0.04239264875650406 0.08660018444061279 -0.013625339604914188
v -0.04218832775950432 0.08694011718034744 -0.013833362609148026
v -0.04272378236055374 0.08753573149442673 -0.01351156271994114
v -0.0419221855700016 0.08727637678384781 -0.013962500728666782
v -0.04243433475494385 0.0878460556268692 -0.013654708862304688
v -0.032550252974033356 0.09238745272159576 -0.014305973425507545
v -0.032254066318273544 0.0921454131603241 -0.014073170721530914
v -0.0319339781999588 0.0917893648147583 -0.014666019938886166
v -0.031524352729320526 0.09133372455835342 -0.015119113959372044
v -0.031051622703671455 0.09080788493156433 -0.015403217636048794
v -0.03259941563010216 0.09242762625217438 -0.014344614930450916
v -0.03302258998155594 0.09259948879480362 -0.014597561210393906
v -0.033494748175144196 0.09264928102493286 -0.01481477078050375
v -0.03445616737008095 0.09237764775753021 -0.015086214989423752
v -0.03451649099588394 0.09233452379703522 -0.015091301873326302
v -0.03398371487855911 0.0925736203789711 -0.01498144119977951
v -0.03360948711633682 0.09195955842733383 -0.015967030078172684
v -0.03253643214702606 0.0901336520910263 -0.01729016937315464
v -0.033316414803266525 0.09100126475095749 -0.01682141236960888
v -0.03399227559566498 0.0917530506849289 -0.01607382856309414
v -0.03219715133309364 0.09038855135440826 -0.017147023230791092
v -0.03295382484793663 0.09123023599386215 -0.016692273318767548
v -0.03187500685453415 0.09059743583202362 -0.016916435211896896
v -0.03158615902066231 0.0907498151063919 -0.01660996861755848
v -0.03134508430957794 0.09083805978298187 -0.016242990270256996
v -0.031163878738880157 0.09085775166749954 -0.0158339012414217
v -0.03259413689374924 0.09139735251665115 -0.016484251245856285
v -0.0322553850710392 0.09149422496557236 -0.016207773238420486
v -0.031954556703567505 0.09151600301265717 -0.015876706689596176
v -0.03170673921704292 0.09146159142255783 -0.015507652424275875
v -0.03321726620197296 0.09209048002958298 -0.015794994309544563
v -0.03283527493476868 0.09213925898075104 -0.015566347166895866
v -0.03248266875743866 0.09210344403982162 -0.015292554162442684
v -0.03217712789773941 0.0919848307967186 -0.014987342990934849
v -0.03522133827209473 0.09245451539754868 -0.014489579014480114
v -0.03565827012062073 0.09294053167104721 -0.014006278477609158
v -0.036162517964839935 0.09350142627954483 -0.013703234493732452
v -0.036701541393995285 0.09410101175308228 -0.01360000018030405
v -0.055369894951581955 0.0999089926481247 -0.011599999852478504
v -0.05531921237707138 0.09995455294847488 -0.012117638252675533
v -0.05517062917351723 0.10008813440799713 -0.012600000016391277
v -0.054934266954660416 0.1003006249666214 -0.013014213182032108
v -0.0546262301504612 0.10057754814624786 -0.01333205122500658
v -0.0542675144970417 0.10090003162622452 -0.013531851582229137
v -0.05388256907463074 0.10124610364437103 -0.01360000018030405
v -0.03631659597158432 0.09444708377122879 -0.013531851582229137
v -0.035957880318164825 0.09476956725120544 -0.01333205122500658
v -0.03564984351396561 0.09504649043083191 -0.013014213182032108
v -0.035413481295108795 0.09525898098945618 -0.012600000016391277
v -0.03280888497829437 0.09276256710290909 -0.013045565225183964
v -0.033518899232149124 0.09355234354734421 -0.012260203249752522
v -0.03433829918503761 0.09446380287408829 -0.011767757125198841
v -0.03526489809155464 0.09539256244897842 -0.012117638252675533
v -0.03521421551704407 0.09543812274932861 -0.011599999852478504
v -0.03447617590427399 0.09451522678136826 -0.012268695048987865
v -0.03470601141452789 0.09447202831506729 -0.012735496275126934
v -0.0350121445953846 0.09433715045452118 -0.013136346824467182
v -0.03537372127175331 0.09411977976560593 -0.013443930074572563
v -0.03576609119772911 0.09383472800254822 -0.013637284748256207
v -0.03373834118247032 0.09369450807571411 -0.01271212100982666
v -0.034044187515974045 0.09373585879802704 -0.01313324086368084
v -0.0344155952334404 0.09367357939481735 -0.013494865037500858
v -0.034827250987291336 0.0935119166970253 -0.013772348873317242
v -0.03525110334157944 0.09326189011335373 -0.013946782797574997
v -0.03309900313615799 0.09298334270715714 -0.013419303111732006
v -0.03347071260213852 0.09309795498847961 -0.013767572119832039
v -0.03389867767691612 0.09309858828783035 -0.014066636562347412
v -0.03435373306274414 0.09298520535230637 -0.01429611723870039
v -0.03480486571788788 0.09276551753282547 -0.014440375380218029
v -0.04644593968987465 0.10793165117502213 -0.011599999852478504
v -0.046496618539094925 0.10788609087467194 -0.012117638252675533
v -0.04664520546793938 0.10775251686573029 -0.012600000016391277
v -0.04688156768679619 0.10754002630710602 -0.013014213182032108
v -0.04718960449099541 0.10726309567689896 -0.01333205122500658
v -0.0475483164191246 0.1069406121969223 -0.013531851582229137
v -0.04793326556682587 0.10659454762935638 -0.01360000018030405
v -0.05443611368536949 0.10203569382429123 -0.01360000018030405
v -0.05340372025966644 0.10265108197927475 -0.01360000018030405
v -0.053647179156541824 0.10334029048681259 -0.01360000018030405
v -0.04816865548491478 0.10450035333633423 -0.01360000018030405
v -0.04841211438179016 0.10518956184387207 -0.01360000018030405
v -0.054784610867500305 0.1029348075389862 -0.01360000018030405
v -0.05370396375656128 0.10406903177499771 -0.01360000018030405
v -0.05490780994296074 0.10389120131731033 -0.01360000018030405
v -0.05479855090379715 0.10484928637742996 -0.01360000018030405
v -0.053570203483104706 0.10478763282299042 -0.01360000018030405
v -0.05325501412153244 0.10544712841510773 -0.01360000018030405
v -0.05217715725302696 0.10641612857580185 -0.01360000018030405
v -0.052779871970415115 0.106002576649189 -0.01360000018030405
v -0.05320408567786217 0.10719563066959381 -0.01360000018030405
v -0.05235353112220764 0.10764995962381363 -0.01360000018030405
v -0.0514189638197422 0.10788754373788834 -0.01360000018030405
v -0.05148794874548912 0.10665959119796753 -0.01360000018030405
v -0.0507592111825943 0.10671637207269669 -0.01360000018030405
v -0.04903596267104149 0.10183806717395782 -0.01360000018030405
v -0.054463181644678116 0.10575337707996368 -0.01360000018030405
v -0.05392119288444519 0.10655094683170319 -0.01360000018030405
v -0.05045469477772713 0.10789456218481064 -0.01360000018030405
v -0.048111867159605026 0.1037716194987297 -0.01360000018030405
v -0.048560820519924164 0.10239351540803909 -0.01360000018030405
v -0.0482456311583519 0.103053018450737 -0.01360000018030405
v -0.04963867738842964 0.10142452269792557 -0.01360000018030405
v -0.051056623458862305 0.10112427920103073 -0.01360000018030405
v -0.050327885895967484 0.10118106007575989 -0.01360000018030405
v -0.05243472382426262 0.10157322883605957 -0.01360000018030405
v -0.05177522823214531 0.1012580394744873 -0.01360000018030405
v -0.049516767263412476 0.1076706200838089 -0.01360000018030405
v -0.050040606409311295 0.10658261179924011 -0.01360000018030405
v -0.049381110817193985 0.10626742243766785 -0.01360000018030405
v -0.048659685999155045 0.10722871869802475 -0.01360000018030405
v -0.04882566258311272 0.10579227656126022 -0.01360000018030405
v -0.05299017205834389 0.1020483672618866 -0.01360000018030405
v -0.047642309218645096 0.10893794149160385 -0.011599999852478504
v -0.04882119223475456 0.1095457673072815 -0.011599999852478504
v -0.04905503988265991 0.10960160195827484 -0.011599999852478504
v -0.05022808536887169 0.1098816841840744 -0.011599999852478504
v -0.051674485206604004 0.10987115651369095 -0.011599999852478504
v -0.050589025020599365 0.10987905412912369 -0.011599999852478504
v -0.05307633802294731 0.10951478034257889 -0.011599999852478504
v -0.05214126408100128 0.10975249111652374 -0.011599999852478504
v -0.05435216799378395 0.10883328318595886 -0.011599999852478504
v -0.05360767990350723 0.10923095792531967 -0.011599999852478504
v -0.05488999933004379 0.1083497703075409 -0.011599999852478504
v -0.055427830666303635 0.10786625742912292 -0.011599999852478504
v -0.055902231484651566 0.10716815292835236 -0.011599999852478504
v -0.05624081566929817 0.10666991025209427 -0.011599999852478504
v -0.05657636374235153 0.10576532036066055 -0.011599999852478504
v -0.056743867695331573 0.10531376302242279 -0.011599999852478504
v -0.05686686187982559 0.10423526167869568 -0.011599999852478504
v -0.05690775811672211 0.10387663543224335 -0.011599999852478504
v -0.056753676384687424 0.102680504322052 -0.011599999852478504
v -0.05672295764088631 0.10244204849004745 -0.011599999852478504
v -0.05624360963702202 0.10120534896850586 -0.011599999852478504
v -0.05620021000504494 0.10109337419271469 -0.011599999852478504
v -0.047535572201013565 0.10888291150331497 -0.011599999852478504
v -0.05489269644021988 0.10179180651903152 -0.013531851582229137
v -0.055318161845207214 0.10156453400850296 -0.01333205122500658
v -0.05568351969122887 0.10136937350034714 -0.013014213182032108
v -0.05596386641263962 0.10121962428092957 -0.012600000016391277
v -0.056140098720788956 0.10112548619508743 -0.012117638252675533
v -0.056656911969184875 0.10245884209871292 -0.012117638252675533
v -0.05683961138129234 0.10387713462114334 -0.012117638252675533
v -0.05667758360505104 0.10529793798923492 -0.012117638252675533
v -0.05618024244904518 0.10663867741823196 -0.012117638252675533
v -0.05537649616599083 0.10782143473625183 -0.012117638252675533
v -0.0543130487203598 0.1087774783372879 -0.012117638252675533
v -0.05305170640349388 0.10945124179124832 -0.012117638252675533
v -0.0516657792031765 0.10980356484651566 -0.012117638252675533
v -0.0502358041703701 0.10981397330760956 -0.012117638252675533
v -0.04884489253163338 0.10948187112808228 -0.012117638252675533
v -0.04757387563586235 0.10882654786109924 -0.012117638252675533
v -0.056463271379470825 0.1025080680847168 -0.012600000016391277
v -0.056639816612005234 0.10387858748435974 -0.012600000016391277
v -0.05648324638605118 0.10525153577327728 -0.012600000016391277
v -0.0560026578605175 0.10654711723327637 -0.012600000016391277
v -0.055225979536771774 0.10769003629684448 -0.012600000016391277
v -0.05419835448265076 0.10861387848854065 -0.012600000016391277
v -0.052979499101638794 0.10926494002342224 -0.012600000016391277
v -0.05164025351405144 0.10960540175437927 -0.012600000016391277
v -0.050258442759513855 0.10961546003818512 -0.012600000016391277
v -0.04891438037157059 0.10929454118013382 -0.012600000016391277
v -0.047686174511909485 0.10866129398345947 -0.012600000016391277
v -0.05615523084998131 0.10258637368679047 -0.013014213182032108
v -0.05632198601961136 0.10388090461492538 -0.013014213182032108
v -0.05617409944534302 0.10517772287130356 -0.013014213182032108
v -0.05572015792131424 0.1064014658331871 -0.013014213182032108
v -0.05498654767870903 0.10748101025819778 -0.013014213182032108
v -0.05401590093970299 0.1083536222577095 -0.013014213182032108
v -0.05286463350057602 0.108968585729599 -0.013014213182032108
v -0.051599644124507904 0.10929016768932343 -0.013014213182032108
v -0.050294455140829086 0.1092996746301651 -0.013014213182032108
v -0.04902492091059685 0.10899654775857925 -0.013014213182032108
v -0.04786481708288193 0.10839840769767761 -0.013014213182032108
v -0.055753786116838455 0.10268843173980713 -0.01333205122500658
v -0.05590778589248657 0.10388392210006714 -0.01333205122500658
v -0.05577120929956436 0.10508152097463608 -0.01333205122500658
v -0.055351998656988144 0.10621163994073868 -0.01333205122500658
v -0.05467451363801956 0.10720860213041306 -0.01333205122500658
v -0.05377812683582306 0.10801445692777634 -0.01333205122500658
v -0.05271493270993233 0.10858236998319626 -0.01333205122500658
v -0.051546722650527954 0.10887935012578964 -0.01333205122500658
v -0.05034139007329941 0.10888812690973282 -0.01333205122500658
v -0.04916897788643837 0.1086081936955452 -0.01333205122500658
v -0.048097629100084305 0.10805581510066986 -0.01333205122500658
v -0.05528629198670387 0.10280727595090866 -0.013531851582229137
v -0.055425435304641724 0.10388743132352829 -0.013531851582229137
v -0.05530203506350517 0.10496950149536133 -0.013531851582229137
v -0.05492326617240906 0.10599059611558914 -0.013531851582229137
v -0.05431114137172699 0.10689137130975723 -0.013531851582229137
v -0.053501229733228683 0.10761948674917221 -0.013531851582229137
v -0.0525406077504158 0.10813261568546295 -0.013531851582229137
v -0.0514850951731205 0.10840094089508057 -0.013531851582229137
v -0.05039604380726814 0.1084088683128357 -0.013531851582229137
v -0.049336738884449005 0.10815594345331192 -0.013531851582229137
v -0.04836874455213547 0.10765685141086578 -0.013531851582229137
v -0.04763618856668472 0.10894981771707535 -0.009100000374019146
v -0.04644593968987465 0.10793165117502213 -0.009100000374019146
v -0.04904939606785774 0.10962522774934769 -0.009100000374019146
v -0.05058926343917847 0.10991185903549194 -0.009100000374019146
v -0.05215084180235863 0.10979017615318298 -0.009100000374019146
v -0.05362771824002266 0.10926847159862518 -0.009100000374019146
v -0.05491924658417702 0.10838229954242706 -0.009100000374019146
v -0.05593740940093994 0.10719205439090729 -0.009100000374019146
v -0.05661281943321228 0.10577884316444397 -0.009100000374019146
v -0.05689945071935654 0.10423897951841354 -0.009100000374019146
v -0.05677776783704758 0.10267739742994308 -0.009100000374019146
v -0.05625606328248978 0.10120052099227905 -0.009100000374019146
v -0.055369894951581955 0.0999089926481247 -0.009100000374019146
v -0.010025926865637302 0.06277990341186523 -0.015300000086426735
v -0.010469011962413788 0.06342566758394241 -0.015300000086426735
v -0.009765075519680977 0.06204146146774292 -0.015300000086426735
v -0.009704234078526497 0.06126067414879799 -0.015300000086426735
v -0.00984754879027605 0.06049073860049248 -0.015300000086426735
v -0.01018525380641222 0.05978413671255112 -0.015300000086426735
v -0.010694335214793682 0.05918901041150093 -0.015300000086426735
v -0.011340098455548286 0.05874592810869217 -0.015300000086426735
v -0.012078537605702877 0.05848507583141327 -0.015300000086426735
v -0.012859327718615532 0.05842423439025879 -0.015300000086426735
v -0.013629259541630745 0.05856755003333092 -0.015300000086426735
v -0.014335865154862404 0.05890525504946709 -0.015300000086426735
v -0.014930987730622292 0.0594143345952034 -0.015300000086426735
v -0.015374073758721352 0.06006009876728058 -0.015300000086426735
v -0.015634924173355103 0.060798536986112595 -0.015300000086426735
v -0.015695765614509583 0.061579328030347824 -0.015300000086426735
v -0.015699999406933784 0.061420001089572906 -0.015300000086426735
v -0.015552450902760029 0.06234925985336304 -0.015300000086426735
v -0.01521474588662386 0.0630558654665947 -0.015300000086426735
v -0.014705665409564972 0.06365098804235458 -0.015300000086426735
v -0.014059901237487793 0.06409407407045364 -0.015300000086426735
v -0.013321463018655777 0.06435492634773254 -0.015300000086426735
v -0.012540671974420547 0.06441576778888702 -0.015300000086426735
v -0.011770740151405334 0.0642724484205246 -0.015300000086426735
v -0.01106413546949625 0.06393474340438843 -0.015300000086426735
v -0.01269999984651804 0.061420001089572906 -0.015300000086426735
v -0.05313631147146225 0.1027870699763298 -0.013299999758601189
v -0.0533536896109581 0.10340243577957153 -0.013299999758601189
v -0.053404390811920166 0.10405309498310089 -0.013299999758601189
v -0.05328495800495148 0.10469470918178558 -0.013299999758601189
v -0.05300353839993477 0.10528354346752167 -0.013299999758601189
v -0.052579306066036224 0.1057794839143753 -0.013299999758601189
v -0.05204116925597191 0.10614871978759766 -0.013299999758601189
v -0.05142580345273018 0.1063660979270935 -0.013299999758601189
v -0.05077514424920082 0.10641679912805557 -0.013299999758601189
v -0.05013353377580643 0.10629736632108688 -0.013299999758601189
v -0.049544695764780045 0.10601594299077988 -0.013299999758601189
v -0.049048759043216705 0.10559171438217163 -0.013299999758601189
v -0.048679523169994354 0.10505357384681702 -0.013299999758601189
v -0.048462145030498505 0.10443820804357529 -0.013299999758601189
v -0.04841144382953644 0.10378754884004593 -0.013299999758601189
v -0.04853087663650513 0.10314594209194183 -0.013299999758601189
v -0.048812296241521835 0.10255710035562515 -0.013299999758601189
v -0.04923652857542038 0.10206116735935211 -0.013299999758601189
v -0.049774665385484695 0.10169193148612976 -0.013299999758601189
v -0.050390031188726425 0.10147455334663391 -0.013299999758601189
v -0.05104069039225578 0.10142385214567184 -0.013299999758601189
v -0.05168230086565018 0.10154328495264053 -0.013299999758601189
v -0.05227113887667656 0.10182470083236694 -0.013299999758601189
v -0.0527670755982399 0.10224893689155579 -0.013299999758601189
v -0.0509079173207283 0.10392032563686371 -0.013299999758601189
v -0.04009466990828514 0.10086686164140701 0.005900000222027302
v -0.04009466990828514 0.10086686164140701 -0.005900000222027302
v -0.040167566388845444 0.10094794631004333 -0.006728220731019974
v -0.040167566388845444 0.10094794631004333 0.006728220731019974
v -0.0403812900185585 0.10118567943572998 0.007499999832361937
v -0.0403812900185585 0.10118567943572998 -0.007499999832361937
v -0.04223404452204704 0.10324657708406448 -0.009100000374019146
v -0.04072127863764763 0.10156386345624924 0.008162741549313068
v -0.04072127863764763 0.10156386345624924 -0.008162741549313068
v -0.04116435721516609 0.10205671936273575 -0.008671280927956104
v -0.04168033227324486 0.10263065993785858 0.008990962989628315
v -0.04223404452204704 0.10324657708406448 0.009100000374019146
v -0.04116435721516609 0.10205671936273575 0.008671280927956104
v -0.04168033227324486 0.10263065993785858 -0.008990962989628315
v -0.04158199578523636 0.09952975064516068 -0.005900000222027302
v -0.04158199578523636 0.09952975064516068 0.005900000222027302
v -0.04165489226579666 0.099610835313797 -0.006728220731019974
v -0.04186861589550972 0.09984856843948364 -0.007499999832361937
v -0.042208604514598846 0.1002267524600029 -0.008162741549313068
v -0.04265168309211731 0.10071960836648941 -0.008671280927956104
v -0.043167658150196075 0.10129354894161224 -0.008990962989628315
v -0.04372137039899826 0.10190946608781815 -0.009100000374019146
v -0.043167658150196075 0.10129354894161224 0.008990962989628315
v -0.04372137039899826 0.10190946608781815 0.009100000374019146
v -0.04265168309211731 0.10071960836648941 0.008671280927956104
v -0.042208604514598846 0.1002267524600029 0.008162741549313068
v -0.04186861589550972 0.09984856843948364 0.007499999832361937
v -0.04165489226579666 0.099610835313797 0.006728220731019974
v -0.04392193630337715 0.10213256627321243 -0.009100000374019146
v -0.05135856196284294 0.09544701874256134 -0.009100000374019146
v -0.05135856196284294 0.09544701874256134 0.009100000374019146
v -0.04392193630337715 0.10213256627321243 0.009100000374019146
v -0.043391287326812744 0.10154230147600174 0.009200000204145908
v -0.050827912986278534 0.09485675394535065 0.009200000204145908
v -0.036701541393995285 0.09410101175308228 0.009200000204145908
v -0.04413817077875137 0.08741546422243118 0.009200000204145908
v -0.034635063260793686 0.09180237352848053 0.0068282210268080235
v -0.03456216678023338 0.09172128885984421 0.006000000052154064
v -0.04199879243969917 0.08503574132919312 0.006000000052154064
v -0.034848786890506744 0.09204011410474777 0.007600000128149986
v -0.042071692645549774 0.08511682599782944 0.0068282210268080235
v -0.03518877550959587 0.09241829067468643 0.00826274137943983
v -0.04228541627526283 0.08535455912351608 0.007600000128149986
v -0.035631854087114334 0.09291114658117294 0.008771281689405441
v -0.04262540116906166 0.08573274314403534 0.00826274137943983
v -0.0361478328704834 0.09348509460687637 0.009090962819755077
v -0.04306848347187042 0.08622559905052185 0.008771281689405441
v -0.04358445852994919 0.08679954707622528 0.009090962819755077
v -0.03456216678023338 0.09172128885984421 -0.006000000052154064
v -0.04199879243969917 0.08503574132919312 -0.006000000052154064
v -0.042071692645549774 0.08511682599782944 -0.0068282210268080235
v -0.04228541627526283 0.08535455912351608 -0.007600000128149986
v -0.050827912986278534 0.09485675394535065 -0.009200000204145908
v -0.04413817077875137 0.08741546422243118 -0.009200000204145908
v -0.04306848347187042 0.08622559905052185 -0.008771281689405441
v -0.04262540116906166 0.08573274314403534 -0.00826274137943983
v -0.04358445852994919 0.08679954707622528 -0.009090962819755077
v -0.0361478328704834 0.09348509460687637 -0.009090962819755077
v -0.035631854087114334 0.09291114658117294 -0.008771281689405441
v -0.034635063260793686 0.09180237352848053 -0.0068282210268080235
v -0.03518877550959587 0.09241829067468643 -0.00826274137943983
v -0.034848786890506744 0.09204011410474777 -0.007600000128149986
v -0.036701541393995285 0.09410101175308228 -0.009200000204145908
v -0.043391287326812744 0.10154230147600174 -0.009200000204145908
vt -2.6645352591003757e-15 -0.03500000014901161
vt -0.0028339801356196404 -0.021706461906433105
vt 5.731186389923096 -1.5707963705062866
vt -0.0068282210268080235 0.03725903853774071
vt 2.9296391010284424 -0.004795138258486986
vt 1.0471975803375244 -3.209238430557093e-17
vt 3.814790964126587 -0.023782119154930115
vt 4.2029900550842285 -3.1415927410125732
vt 1.5707963705062866 -0.03336787968873978
vt 2.080195188522339 -0.4487989544868469
vt 1.046934962272644 0.029100000858306885
vt -0.009200000204145908 0.04035000130534172
vt 1.3089969158172607 -1.5857351782023285e-17
vt 4.263589859008789 0.05714999884366989
vt 0.008391411043703556 -0.004794353619217873
vt 7.612320423126221 -1.3089969158172607
vt 4.974188327789307 -0.01679999940097332
vt 5.235987663269043 0.005450000055134296
vt 4.470727920532227 -1.346396803855896
vt 6.807046890258789 -1.7763568394002505e-15
vt 1.832595705986023 -3.0357660829594124e-18
vt 0.003443814581260085 -0.002821083180606365
vt 0.0017975837690755725 -0.005164913833141327
vt -0.021238254383206367 0.017469657585024834
vt 1.2083048820495605 0.029100000858306885
vt 2.6179938316345215 -0.029497846961021423
vt 3.9269907474517822 -0.4487989544868469
vt 2.0541181564331055 -0.673198401927948
vt -0.0011332511203363538 0.0022283943835645914
vt -0.004450540523976088 -0.008502430282533169
vt 0.0035654311068356037 -0.0018132018158212304
vt 1.3089969158172607 -0.03280000016093254
vt 1.825495719909668 -3.1415927410125732
vt 2.3348944187164307 -1.5707963705062866
vt 5.235987663269043 -0.4487989544868469
vt 4.974188327789307 -3.0357660829594124e-18
vt 4.974188327789307 -1.5707963705062866
vt 3.5040841102600098 -0.8975979089736938
vt 2.356194496154785 1.2227112913108244e-18
vt 7.612320423126221 -1.0471975803375244
vt -0.02576274238526821 -0.019062742590904236
vt 0.00062146270647645 -0.00293492479249835
vt 4.450589656829834 -0.8975979089736938
vt -0.011362033896148205 0.005283114966005087
vt 2.0195953845977783 -6.06069014419397e-17
vt 4.71238899230957 -0.5233886241912842
vt -0.009100000374019146 0.050850000232458115
vt -0.0027684045489877462 -0.001407873467542231
vt 0.4641536772251129 -0.005375000182539225
vt 2.6321938037872314 -0.009999999776482582
vt 2.8800551891326904 -6.69494841509799e-17
vt 6.02138614654541 -0.8975979089736938
vt 3.9269907474517822 0.005450000055134296
vt -0.005778718739748001 -0.028750000521540642
vt 6.02138614654541 0.5235987901687622
vt 0.0016713874647393823 -0.001859156764112413
vt -0.012972110882401466 0.00383565085940063
vt -0.007899999618530273 -0.026171281933784485
vt 2.0541181564331055 -0.22439947724342346
vt -0.0120182940736413 0.003909974824637175
vt -0.008771281689405441 0.038750000298023224
vt 0.4487989544868469 0.03336787968873978
vt 3.1415927410125732 -0.01679999940097332
vt 2.879793167114258 -0.005421683192253113
vt -0.02130463905632496 0.018717892467975616
vt 5.221787929534912 -2.692793607711792
vt 0.0052542551420629025 0.010331826284527779
vt -0.011063328944146633 -0.005642938893288374
vt -0.05714999884366989 -0.02954999916255474
vt -0.003909974824637175 0.0120182940736413
vt 1.5707963705062866 0.01679999940097332
vt 2.3565263748168945 0.005900000222027302
vt 0.5519988536834717 -2.692793607711792
vt 0.4641536772251129 -0.006624999921768904
vt 4.4576897621154785 -2.094395160675049
vt 1.5707963705062866 -3.0357660829594124e-18
vt -0.011396397836506367 0.004636980593204498
vt -0.0026740734465420246 -0.0013599013909697533
vt 0.0039943549782037735 0.0002124367601936683
vt 2.879793167114258 -0.03500000014901161
vt 5.385587215423584 1.5027042110649091e-16
vt 0.3096103072166443 -0.004917468409985304
vt -0.0284451674669981 -0.02784813940525055
vt 2.080195188522339 -1.121997356414795
vt -0.020397808402776718 -0.030545566231012344
vt 4.974188327789307 -0.8975979089736938
vt 1.832595705986023 -0.029245439916849136
vt -0.004957785829901695 0.011336683295667171
vt 2.356194496154785 0.002199999988079071
vt 2.5895938873291016 -2.4683942794799805
vt 6.058785915374756 1.4669255393728875e-16
vt 5.759796619415283 1.4560835176480325e-16
vt 1.825495719909668 -0.22439947724342346
vt 2.6321938037872314 -0.0020000000949949026
vt -0.008791961707174778 -0.005540885962545872
vt 6.2831854820251465 -0.012000000104308128
vt 5.731186389923096 -2.24399471282959
vt 1.5707963705062866 -2.0941848754882812
vt -0.014333171769976616 0.011204694397747517
vt -0.003626701422035694 0.0010426107328385115
vt 2.3774945735931396 -0.0020000000949949026
vt 5.679032802581787 -1.5707963705062866
vt 2.879793167114258 -0.03280000016093254
vt 6.152373313903809 -0.005355465691536665
vt 4.039190769195557 0.05714999884366989
vt 0.7853981852531433 -0.03060000017285347
vt -0.02954999916255474 -0.05115000158548355
vt 0.5235987901687622 0.002199999988079071
vt 1.8124573230743408 -1.121997356414795
vt 4.967088222503662 -2.4683942794799805
vt 3.7457451820373535 -0.8975979089736938
vt 4.936788558959961 1.581850969656351e-16
vt -0.01510000042617321 -0.012000000104308128
vt 0.5235987901687622 3.720266311653168e-18
vt 4.954050064086914 -0.2617993950843811
vt 2.6020852139652106e-16 -4.81482486096809e-35
vt -0.025100000202655792 -0.01957128196954727
vt 2.9171931743621826 -0.01679999940097332
vt -0.0031899097375571728 -0.009053338319063187
vt 1.5707963705062866 7.589415207398531e-18
vt 3.4033920764923096 -1.5707963705062866
vt 0.7853981852531433 -0.03280000016093254
vt 0.0035606834571808577 0.012935282662510872
vt 1.5707963705062866 -1.7763568394002505e-14
vt 1.5707963705062866 -0.029650000855326653
vt 0.05845551937818527 -0.004760679788887501
vt 0.8975979089736938 0.03336787968873978
vt -0.021706461906433105 -0.0028339801356196404
vt 3.6649813652038574 0.023782119154930115
vt 1.5707963705062866 -2.618204116821289
vt 4.229066848754883 -0.8975979089736938
vt 4.188790321350098 -7.427661031230522e-16
vt 4.954050064086914 -0.7853981852531433
vt 0.2416609674692154 0.005900000222027302
vt -0.002095621544867754 -0.0013632206246256828
vt 2.3348944187164307 -0.673198401927948
vt 4.974188327789307 0.2617993950843811
vt 0.0013632206246256828 0.002095621544867754
vt 3.5040841102600098 -0.4487989544868469
vt 2.295779228210449 -0.4487989544868469
vt 0.806698203086853 -2.24399471282959
vt 1.8124573230743408 -0.673198401927948
vt 5.497786998748779 -3.0357660829594124e-18
vt -0.027149999514222145 -0.008550000376999378
vt 5.731186389923096 -1.121997356414795
vt 4.4576897621154785 -1.832595705986023
vt -0.022140229120850563 0.02528291381895542
vt 2.356194496154785 -0.02940254658460617
vt 3.403130292892456 -0.023782119154930115
vt 0.5235987901687622 0.00839999970048666
vt 6.02138614654541 1.3089969158172607
vt 3.083137035369873 -0.004760679788887501
vt 6.2831854820251465 -0.009999999776482582
vt 1.5707963705062866 0.002199999988079071
vt 0.3958456516265869 -0.006883883383125067
vt 2.356194496154785 -0.0003000000142492354
vt 1.177358627319336 -0.005725731607526541
vt 2.7791011333465576 -0.4487989544868469
vt 6.404016017913818 -1.5707963705062866
vt -0.02669999934732914 -0.0067937253043055534
vt 0.7853981852531433 0.026599999517202377
vt 2.5895938873291016 -2.24399471282959
vt -0.0040113297291100025 0.004461976233869791
vt 6.283189296722412 -0.02963077276945114
vt -0.011336683295667171 0.004957785829901695
vt 4.470727920532227 -1.5707963705062866
vt 6.545128345489502 -1.7763568394002505e-15
vt 3.3659920692443848 0.05714999884366989
vt -0.004327340982854366 -0.009458821266889572
vt 3.4033920764923096 -0.012000000104308128
vt 3.4033920764923096 -0.029649890959262848
vt 0.0023454020265489817 -0.008622012101113796
vt 3.5903916358947754 0.023782119154930115
vt 1.3089969158172607 -0.0003000000142492354
vt 1.3088531494140625 0.029100000858306885
vt 0.007499999832361937 0.04807871952652931
vt 4.450589656829834 0.2617993950843811
vt 4.71238899230957 -7.427661031230522e-16
vt 1.0471975803375244 -1.2037062152420224e-34
vt 2.537440299987793 -0.22439947724342346
vt 5.759586334228516 -7.427661031230522e-16
vt 6.544984817504883 -0.03500000014901161
vt 1.5707963705062866 -0.005778718739748001
vt 6.887337684631348 -0.5235987901687622
vt 1.0471975803375244 -3.851859888774472e-34
vt 3.4033920764923096 1.0471975803375244
vt 1.5707963705062866 -3.6572301858929523e-19
vt 3.262423038482666 -0.673198401927948
vt 2.879793167114258 -0.0003000000142492354
vt 3.665191411972046 -0.012000000104308128
vt -0.012567900121212006 0.011298579163849354
vt 1.5707963705062866 2.9574347672876315e-18
vt 5.731186389923096 -2.692793607711792
vt 5.235987663269043 -0.8975979089736938
vt 1.832595705986023 0.0020000000949949026
vt 4.48798942565918 -0.023782119154930115
vt 0.2617993950843811 -0.029650000855326653
vt 0.005540885962545872 0.008791961707174778
vt 3.1415927410125732 0.01679999940097332
vt 0.5235987901687622 -0.03500000014901161
vt 2.621830701828003 -0.005837217904627323
vt 6.02138614654541 -0.029650000855326653
vt 1.7013928890228271 -0.029227400198578835
vt 0.0023770423140376806 -0.0007743833120912313
vt 2.356194496154785 -0.029650000855326653
vt 3.665191411972046 -0.03060000017285347
vt 4.160390377044678 -0.009999999776482582
vt 5.195711135864258 -1.0471975803375244
vt 2.3348944187164307 -8.881784197001252e-16
vt 2.9171931743621826 -0.0071964142844080925
vt 7.128998756408691 -0.2617993950843811
vt 3.403130292892456 0.05714999884366989
vt 0.00335299433209002 0.0021811530459672213
vt 4.450589656829834 -0.03500000014901161
vt 5.221787929534912 -0.4487989544868469
vt 4.2029900550842285 -1.832595705986023
vt 3.693591594696045 -2.6179938316345215
vt 4.71238899230957 0.023782119154930115
vt 0.007432395592331886 0.00945460144430399
vt 4.450589656829834 -0.0003000000142492354
vt 4.71238899230957 -2.692793607711792
vt 1.0613975524902344 -2.0195953845977783
vt 3.4033920764923096 0.002199999988079071
vt -0.011537108570337296 0.004342561587691307
vt 3.4033920764923096 -3.851859888774472e-34
vt 6.02138614654541 -0.03500000014901161
vt 5.497786998748779 -4.81482486096809e-35
vt 2.3348944187164307 -2.692793607711792
vt 3.1415927410125732 -0.03280000016093254
vt 6.2831854820251465 0.6733564734458923
vt -0.005590797867625952 0.011470722034573555
vt 0.5233886241912842 0.03336787968873978
vt -0.02122768573462963 -0.0034268293529748917
vt 3.987406015396118 -8.881784197001252e-16
vt 2.6179938316345215 -0.029650000855326653
vt 2.080195188522339 -0.8975979089736938
vt 5.497786998748779 -1.346396803855896
vt 0.0022309881169348955 0.0020056648645550013
vt 0.009147051721811295 -0.00822322629392147
vt 2.7791011333465576 -1.5707963705062866
vt 1.0471975803375244 -4.81482486096809e-35
vt 1.0613975524902344 -1.121997356414795
vt 1.4393712282180786 -0.029227476567029953
vt 1.5707963705062866 0.005900000222027302
vt 1.3160969018936157 -1.121997356414795
vt 4.974188327789307 -0.012000000104308128
vt 3.1415927410125732 0.0
vt -0.0061555481515824795 -0.006614786107093096
vt 2.3565263748168945 0.029100000858306885
vt -0.030545566231012344 -0.020397808402776718
vt 1.832595705986023 0.0
vt 3.9273226261138916 -8.881784197001252e-16
vt 1.2197274440461925e-14 -0.012000000104308128
vt 0.7853981852531433 -3.209238430557093e-17
vt 0.004723012913018465 -0.000940504134632647
vt -0.021413328126072884 0.0184102114289999
vt 3.9056906700134277 -0.009999999776482582
vt 4.967088222503662 -2.692793607711792
vt -0.011329945176839828 0.017413392663002014
vt 0.2615375518798828 0.03336787968873978
vt 0.011135593988001347 0.0013179556699469686
vt 3.4033920764923096 -0.4487989544868469
vt 7.8539814949035645 -1.0471975803375244
vt 0.002524004550650716 -0.005799086298793554
vt 1.047407627105713 0.03336787968873978
vt 0.2617993950843811 2.233456475320139e-17
vt 3.693591594696045 -1.121997356414795
vt -0.0023770423140376806 -0.0007743833120912313
vt 7.8539814949035645 -1.5707963705062866
vt 1.4401997327804565 -0.005772600416094065
vt -0.0020000000949949026 -0.05714999884366989
vt 4.71238899230957 -0.2615375518798828
vt 0.001407873467542231 -0.0027684045489877462
vt 5.221787929534912 -8.881784197001252e-16
vt 5.920693874359131 -0.2617993950843811
vt -0.00400591129437089 -0.0066402507945895195
vt 4.450589656829834 -1.346396803855896
vt 3.9269907474517822 -7.9228382706337025e-19
vt 2.4683942794799805 3.870147468180837e-17
vt -0.00989999994635582 -0.01957128196954727
vt 2.295779228210449 -0.22439947724342346
vt 4.450589656829834 -0.03060000017285347
vt -0.018110163509845734 -0.005732243414968252
vt 5.497786998748779 1.2227112913108244e-18
vt 0.005900000222027302 0.04764999821782112
vt -0.020256828516721725 0.019399503245949745
vt 3.403470516204834 -0.005350784864276648
vt 1.0471975803375244 0.026599999517202377
vt 0.007605996914207935 0.0031129338312894106
vt 5.221787929534912 -1.346396803855896
vt 3.693591594696045 -1.346396803855896
vt 0.010357937775552273 0.0039788419380784035
vt 2.6177313327789307 -8.881784197001252e-16
vt 4.188790321350098 -0.005350000225007534
vt -0.014064104296267033 0.011020075529813766
vt 6.02138614654541 -3.851859888774472e-34
vt -0.002322600455954671 -0.006391050759702921
vt 1.5707963705062866 -2.4683942794799805
vt 3.665191411972046 0.002199999988079071
vt -0.0013599013909697533 0.0026740734465420246
vt 3.665191411972046 0.02954999916255474
vt 1.5707963705062866 -0.2615375518798828
vt -0.010528615675866604 0.01898910664021969
vt 3.4033920764923096 8.881784197001252e-16
vt 3.814790964126587 0.023782119154930115
vt 2.618204116821289 0.01679999940097332
vt 3.4033920764923096 0.0020000000949949026
vt 4.974188327789307 -3.851859888774472e-34
vt -0.009390962310135365 -0.010771779343485832
vt 3.665191411972046 1.0471975803375244
vt -0.010602938942611217 0.018035288900136948
vt 0.2617993950843811 7.061078406548661e-18
vt 2.24399471282959 0.01679999940097332
vt 3.5040841102600098 -0.673198401927948
vt 1.5707963705062866 -0.0003000000142492354
vt 4.974188327789307 -1.346396803855896
vt -0.02122768573462963 -0.03157316893339157
vt -0.008022659458220005 0.008923952467739582
vt 5.497786998748779 0.02954999916255474
vt 0.3096103072166443 -0.0070825316943228245
vt 4.188790321350098 -3.0357660829594124e-18
vt 4.639031948037761e-18 -0.029100000858306885
vt 4.967088222503662 -0.4487989544868469
vt 4.2029900550842285 -2.094395160675049
vt -0.0027468136977404356 -0.005198002327233553
vt 1.691626787185669 0.005900000222027302
vt 0.0020451555028557777 -0.007204065099358559
vt 6.2831854820251465 -0.2615375518798828
vt 4.974188327789307 -1.121997356414795
vt 0.25469937920570374 -0.0020000000949949026
vt 2.356194496154785 -1.2037062152420224e-34
vt 2.356194496154785 -4.81482486096809e-35
vt 1.5707963705062866 0.03336787968873978
vt 1.5707963705062866 -7.654467337747661e-17
vt 1.825495719909668 -1.7951958179473877
vt 4.71238899230957 -1.121997356414795
vt 2.7791011333465576 -0.673198401927948
vt 1.5707963705062866 -1.8323339223861694
vt 5.920693874359131 -1.3089969158172607
vt 4.2029900550842285 -0.22439947724342346
vt -0.02954999916255474 -0.05714999884366989
vt 5.497786998748779 0.0020000000949949026
vt 0.002514745807275176 0.0016358648426830769
vt 2.9171931743621826 0.01679999940097332
vt -0.0009292599279433489 -0.0028524508234113455
vt 4.954050064086914 -1.3089969158172607
vt -0.02783842757344246 -0.027466898784041405
vt 3.0316405296325684 -0.007249999325722456
vt 0.8974398970603943 -1.04483923207352e-18
vt -0.027488667517900467 0.0193336121737957
vt -0.029100000858306885 1.2653278432647095e-17
vt 3.9269907474517822 -1.346396803855896
vt 5.759586334228516 -0.673198401927948
vt 0.00013277296966407448 -0.0024964718613773584
vt -0.01907624490559101 0.01758464239537716
vt 2.6156377411212794e-14 -0.007199999876320362
vt 0.5197619795799255 -0.006162782199680805
vt 0.010261062532663345 -0.006535334512591362
vt 5.731186389923096 -0.4487989544868469
vt 0.0024817739613354206 0.00013199126988183707
vt 1.3201407194137573 0.012000000104308128
vt 6.2831854820251465 -0.005350000225007534
vt -0.0020000000949949026 -0.023782119154930115
vt 5.759586334228516 -1.346396803855896
vt -0.013514497317373753 0.004188478458672762
vt -0.002095621544867754 0.0013632206246256828
vt -0.007128220982849598 -0.008509037084877491
vt -0.01265130564570427 0.0037759363185614347
vt -0.008409037254750729 -0.017628220841288567
vt 2.6179938316345215 1.2227112913108244e-18
vt 2.6521263122558594 -0.005520792677998543
vt -0.0010426107328385115 0.003626701422035694
vt 5.235987663269043 -0.03500000014901161
vt 0.806698203086853 -2.0195953845977783
vt 0.5519988536834717 -2.9171931743621826
vt 6.2831854820251465 -1.121997356414795
vt 4.229066848754883 -0.673198401927948
vt 1.4499658346176147 0.005900000222027302
vt 5.759796619415283 0.01679999940097332
vt 0.0011332511203363538 -0.0022283943835645914
vt 4.4576897621154785 -0.673198401927948
vt 5.235987663269043 -4.81482486096809e-35
vt -0.02645000070333481 -0.027149999514222145
vt -0.00013199126988183707 0.0024817739613354206
vt -0.007600000128149986 0.03757871687412262
vt 2.6179938316345215 -0.03280000016093254
vt 6.0284857749938965 -0.009999999776482582
vt 6.544984817504883 -3.0357660829594124e-18
vt 3.665191411972046 -4.81482486096809e-35
vt 2.094395160675049 -0.005688557401299477
vt 6.2831854820251465 0.01679999940097332
vt 5.759586334228516 1.5707963705062866
vt 4.71238899230957 -0.03060000017285347
vt 4.450589656829834 0.7853981852531433
vt 3.9269907474517822 1.5707963705062866
vt 6.02138614654541 0.02954999916255474
vt 3.665191411972046 -0.03500000014901161
vt 2.356194496154785 -7.860465750519907e-17
vt 5.221787929534912 -2.24399471282959
vt 0.001859156764112413 0.0016713874647393823
vt -0.018035288900136948 0.010602938942611217
vt 4.263589859008789 -0.05714999884366989
vt 6.162354946136475 -1.5707963705062866
vt -0.012661784887313843 0.013063851743936539
vt 2.618320941925049 0.029100000858306885
vt 2.0195953845977783 0.01679999940097332
vt 3.1415927410125732 -1.047407627105713
vt 2.8868932723999023 -0.0020000000949949026
vt 3.4033920764923096 -1.121997356414795
vt 0.002821083180606365 0.003443814581260085
vt 3.9482908248901367 -1.5707963705062866
vt 5.759586334228516 1.0471975803375244
vt 0.5519988536834717 3.019806626980426e-14
vt 4.229066848754883 -0.22439947724342346
vt 0.008273905143141747 -0.007207407150417566
vt 3.9269907474517822 1.3089969158172607
vt 1.5707963705062866 0.0020000000949949026
vt 6.162354946136475 -1.0471975803375244
vt -0.019001921638846397 0.0185384601354599
vt 3.9269907474517822 1.0471975803375244
vt 4.450589656829834 -3.0357660829594124e-18
vt 4.71238899230957 -0.4487989544868469
vt 2.7791011333465576 -8.881784197001252e-16
vt 3.1415927410125732 0.02954999916255474
vt 0.004461976233869791 -0.0040113297291100025
vt -0.026271281763911247 -0.018400000408291817
vt 1.825495719909668 -2.0195953845977783
vt 4.71238899230957 -0.012000000104308128
vt 0.0 -0.005900000222027302
vt 1.832595705986023 0.00839999970048666
vt -0.05714999884366989 -0.032999999821186066
vt -0.0009012928348965943 0.016946611925959587
vt -0.02956976927816868 -0.029637932777404785
vt -0.00015932756650727242 -0.00299576623365283
vt 5.679032802581787 -1.0471975803375244
vt 2.1227951049804688 -0.0020000000949949026
vt -0.029650000855326653 -0.03034999966621399
vt 3.4033920764923096 0.032999999821186066
vt 2.356194496154785 -0.03280000016093254
vt -0.0031999999191612005 -5.260577114671331e-19
vt 5.476487159729004 -8.881784197001252e-16
vt 5.235987663269043 8.881784197001252e-16
vt 1.0613975524902344 -1.7951958179473877
vt 3.1415927410125732 -0.05714999884366989
vt -0.013151545077562332 0.00613836944103241
vt 2.879793167114258 7.9228382706337025e-19
vt 3.5040841102600098 -8.881784197001252e-16
vt 0.5519988536834717 -0.22479204833507538
vt -0.00839999970048666 2.3133907015829253e-18
vt -0.006300000008195639 -0.026599999517202377
vt 3.1415927410125732 1.3089969158172607
vt 6.645676612854004 -1.0471975803375244
vt 4.967088222503662 -2.0195953845977783
vt 1.5707963705062866 -0.02922128140926361
vt 6.645676612854004 -0.7853981852531433
vt 3.1415927410125732 -0.00536919804289937
vt 4.263589859008789 0.023782119154930115
vt 2.6582705974578857 0.029100000858306885
vt 1.3160969018936157 -0.4487989544868469
vt 3.9269907474517822 -3.851859888774472e-34
vt 5.235987663269043 1.0471975803375244
vt 3.396291971206665 -0.0020000000949949026
vt 4.188790321350098 -0.03060000017285347
vt 3.7457451820373535 -0.4487989544868469
vt 4.188790321350098 -1.346396803855896
vt 4.71238899230957 -0.03280000016093254
vt 3.9269907474517822 -0.0003000000142492354
vt 2.692793607711792 -0.012000000104308128
vt 2.24399471282959 3.870147468180837e-17
vt -0.0026034563779830933 0.0016935718012973666
vt -0.0024817739613354206 0.00013199126988183707
vt 5.235987663269043 -1.2037062152420224e-34
vt 0.8975979089736938 -0.03336787968873978
vt 6.02138614654541 -0.03060000017285347
vt 6.2831854820251465 0.0020000000949949026
vt 4.450589656829834 1.3089969158172607
vt 3.665191411972046 -0.029650000855326653
vt 5.497786998748779 1.3089969158172607
vt 1.832595705986023 1.2227112913108244e-18
vt -0.010787557810544968 0.01776622049510479
vt 2.080195188522339 -0.673198401927948
vt 0.7853981852531433 -0.0003000000142492354
vt 3.1415927410125732 -3.0357660829594124e-18
vt 5.235987663269043 -0.029650000855326653
vt -0.013699116185307503 0.0044575463980436325
vt 2.5895938873291016 -1.346396803855896
vt 2.080195188522339 -8.881784197001252e-16
vt 5.519087314605713 -0.009999999776482582
vt -0.006300000008195639 -0.00839999970048666
vt 6.2831854820251465 -1.2037062152420224e-34
vt 5.235987663269043 0.0020000000949949026
vt -0.01933579333126545 -0.029760202392935753
vt 4.188790321350098 -0.4487989544868469
vt 5.759586334228516 -4.81482486096809e-35
vt -0.001977453473955393 -0.010820401832461357
vt 1.5707963705062866 -0.03280000016093254
vt 2.3348944187164307 -2.24399471282959
vt 0.6733564734458923 1.1813931027259178e-18
vt -0.0034268293529748917 -0.02122768573462963
vt 6.02138614654541 0.032999999821186066
vt 2.537440299987793 -0.8975979089736938
vt 5.920693874359131 -1.5707963705062866
vt 3.1415927410125732 -0.0020000000949949026
vt 4.461733341217041 0.012000000104308128
vt 3.031996011734009 -0.007249926216900349
vt 5.759586334228516 -1.5707963705062866
vt 3.6649813652038574 -0.023782119154930115
vt 0.009742547757923603 0.002946448279544711
vt 2.929530620574951 -0.007207407150417566
vt 4.450589656829834 -7.427661031230522e-16
vt 2.4683942794799805 0.01679999940097332
vt -0.0044575463980436325 0.013699116185307503
vt 5.497786998748779 0.01679999940097332
vt 0.5232716798782349 0.005900000222027302
vt 6.2831854820251465 -0.4487989544868469
vt 4.470727920532227 -0.4487989544868469
vt 6.2831854820251465 0.5235987901687622
vt -0.0018132018158212304 -0.0035654311068356037
vt 2.879793167114258 -0.03060000017285347
vt 0.00822322629392147 -0.009147051721811295
vt -0.005480138119310141 -0.005201576743274927
vt 1.1216031312942505 -1.0683573624159287e-17
vt -0.00293492479249835 -0.00062146270647645
vt -0.012259121052920818 0.01747552491724491
vt -0.002445770660415292 -0.0005178856081329286
vt 6.02138614654541 -0.0003000000142492354
vt -8.881784197001252e-16 -0.005350000225007534
vt 1.832595705986023 -3.851859888774472e-34
vt -0.01776622049510479 0.010787557810544968
vt 1.0471975803375244 -0.03500000014901161
vt 1.3160969018936157 -1.5707963705062866
vt 3.425386667251587 -0.005350000225007534
vt -0.0016358648426830769 0.002514745807275176
vt 4.2029900550842285 3.552713678800501e-15
vt -0.002946448279544711 -0.009742547757923603
vt 4.4508514404296875 -0.023782119154930115
vt 0.0013599013909697533 -0.0026740734465420246
vt 5.731186389923096 -2.4683942794799805
vt 2.094395160675049 -0.03060000017285347
vt 0.5235987901687622 -0.029497846961021423
vt 6.2831854820251465 -0.00536919804289937
vt 0.01126935426145792 0.000599352119024843
vt 0.4894663095474243 -0.006479207426309586
vt 7.370659828186035 -8.881784197001252e-16
vt 2.831982374191284 -0.0070825316943228245
vt -0.001859156764112413 -0.0016713874647393823
vt 5.437371730804443 -0.5235987901687622
vt 3.693591594696045 -1.5707963705062866
vt 4.189000129699707 -0.05714999884366989
vt 3.665191411972046 -0.0020000000949949026
vt 4.71238899230957 -0.22439947724342346
vt 0.003913233056664467 -0.0008286169613711536
vt 2.8477277755737305 -0.02956976927816868
vt 0.003803267842158675 0.0012390132760629058
vt 0.22439947724342346 -0.03336787968873978
vt 3.1415927410125732 -6.960577947356938e-17
vt 4.188790321350098 -1.2037062152420224e-34
vt 3.665191411972046 -0.0003000000142492354
vt 4.450589656829834 0.5235987901687622
vt 3.665191411972046 -0.8975979089736938
vt -0.027149999514222145 -0.02645000070333481
vt 0.0005178856081329286 -0.002445770660415292
vt 4.188790321350098 -0.22439947724342346
vt 5.497786998748779 -0.03280000016093254
vt -0.011655340902507305 0.005859865806996822
vt 3.1415927410125732 -8.881784197001252e-16
vt 0.001859156764112413 -0.0016713874647393823
vt 6.2831854820251465 1.1216031312942505
vt 3.9482908248901367 3.552713678800501e-15
vt 2.356194496154785 -3.0357660829594124e-18
vt 2.080195188522339 -1.5707963705062866
vt 3.1415927410125732 0.002199999988079071
vt 0.013755728490650654 -0.0182926207780838
vt 3.987406015396118 -0.8975979089736938
vt -0.012449667789041996 0.012815883383154869
vt 6.02138614654541 8.881784197001252e-16
vt 4.48798942565918 -0.05714999884366989
vt -0.0013599013909697533 -0.0026740734465420246
vt 4.4576897621154785 -0.22439947724342346
vt 1.7951958179473877 3.870147468180837e-17
vt -0.03034999966621399 -0.029650000855326653
vt 1.3201407194137573 -0.012000000104308128
vt 2.9171931743621826 3.870147468180837e-17
vt 5.476487159729004 -2.692793607711792
vt 0.7853981852531433 0.00839999970048666
vt 3.4033920764923096 -0.0003000000142492354
vt 0.003100000089034438 1.1269685475278382e-18
vt 2.633296251296997 -0.006323523819446564
vt 3.9269907474517822 -7.427661031230522e-16
vt -0.00624705757945776 0.012843862175941467
vt 1.5707963705062866 -1.5707963705062866
vt 0.0009292599279433489 0.0028524508234113455
vt 4.71238899230957 -2.4683942794799805
vt 5.759586334228516 0.2617993950843811
vt 1.8327394723892212 0.005900000222027302
vt -0.26187849044799805 -0.029649212956428528
vt 2.080195188522339 -2.24399471282959
vt 3.1415927410125732 -0.023782119154930115
vt 3.9269907474517822 0.2617993950843811
vt 2.094395160675049 0.002199999988079071
vt 5.264387607574463 -0.0020000000949949026
vt 2.094395160675049 -3.851859888774472e-34
vt 1.1775298118591309 -0.02927422523498535
vt -0.029760202392935753 -0.01933579333126545
vt 2.618204116821289 -0.01679999940097332
vt 2.356194496154785 0.026599999517202377
vt 2.633296251296997 -0.005676476284861565
vt 1.3089969158172607 -3.851859888774472e-34
vt 2.6582705974578857 0.005900000222027302
vt 2.6179938316345215 0.0
vt -0.027259036898612976 -0.007721778936684132
vt 6.021242141723633 -1.7763568394002505e-15
vt 5.476487159729004 -1.5707963705062866
vt 6.404016017913818 -1.3089969158172607
vt 2.0940680503845215 -1.7763568394002505e-15
vt 4.71238899230957 -2.618204116821289
vt 4.450589656829834 -0.0020000000949949026
vt -0.005732243414968252 -0.018110163509845734
vt 5.759586334228516 0.0
vt 0.9804399609565735 -0.029333099722862244
vt 1.3089969158172607 0.026599999517202377
vt 3.1415927410125732 0.2617993950843811
vt 5.221787929534912 -2.0195953845977783
vt 4.450589656829834 0.002199999988079071
vt -0.0007743833120912313 -0.0023770423140376806
vt 2.356194496154785 -0.03500000014901161
vt 4.71238899230957 -2.879793167114258
vt 0.005201576743274927 0.005480138119310141
vt 4.71238899230957 -2.9171931743621826
vt 5.235987663269043 0.032999999821186066
vt 0.010345259681344032 0.002532901940867305
vt 4.461733341217041 -0.012000000104308128
vt 3.5903916358947754 0.05714999884366989
vt -0.017554104328155518 0.011035526171326637
vt 1.5707963705062866 -0.5233886241912842
vt 1.8323339223861694 0.01679999940097332
vt 4.450589656829834 0.0020000000949949026
vt 4.71238899230957 -3.1415927410125732
vt 1.832595705986023 0.002199999988079071
vt 0.2617993950843811 -0.03500000014901161
vt 0.0020056648645550013 -0.0022309881169348955
vt -0.008299999870359898 -0.01679999940097332
vt 6.152825355529785 -0.029644502326846123
vt 4.71238899230957 -0.01679999940097332
vt 2.5895938873291016 -2.692793607711792
vt 0.009200000204145908 0.04035000130534172
vt 0.2416609674692154 0.029100000858306885
vt 4.71238899230957 -0.005350000225007534
vt 3.403130292892456 0.023782119154930115
vt 5.759586334228516 -0.01679999940097332
vt 5.999391078948975 -0.005350000225007534
vt 0.806698203086853 -0.4487989544868469
vt 3.0319983959198 -0.004749999847263098
vt 0.010820401832461357 0.001977453473955393
vt 0.005734043195843697 0.0010306782787665725
vt -0.014179088175296783 0.013182084076106548
vt 0.0 -1.2037062152420224e-34
vt 5.235987663269043 0.02954999916255474
vt -0.005090558435767889 0.013833154924213886
vt 6.2831854820251465 -1.5707963705062866
vt 4.2029900550842285 -0.8975979089736938
vt 0.006000000052154064 0.03714999929070473
vt 5.235987663269043 -3.851859888774472e-34
vt 1.5707963705062866 -2.9171931743621826
vt 7.128998756408691 -1.0471975803375244
vt 3.1415927410125732 0.029100000858306885
vt -0.013110286556184292 0.010945751331746578
vt 2.094395160675049 -4.81482486096809e-35
vt 4.974188327789307 -0.0003000000142492354
vt 4.71238899230957 -3.0357660829594124e-18
vt 0.2617993950843811 -0.03060000017285347
vt 2.094395160675049 -1.2037062152420224e-34
vt -0.011903309263288975 0.006071982905268669
vt 7.370659828186035 -0.2617993950843811
vt 5.476487159729004 -2.0195953845977783
vt 5.759586334228516 -1.2037062152420224e-34
vt 4.450589656829834 1.0471975803375244
vt 3.665191411972046 -0.673198401927948
vt 3.0207622051239014 -0.22439947724342346
vt -0.029267756268382072 -0.018110163509845734
vt 3.1415927410125732 0.0020000000949949026
vt 3.9269907474517822 -0.05714999884366989
vt 4.450589656829834 -0.673198401927948
vt 3.1415927410125732 -3.851859888774472e-34
vt 3.9269907474517822 -1.2037062152420224e-34
vt 0.0005178856081329286 0.002445770660415292
vt 0.13172641396522522 -0.005391580052673817
vt -0.005459037143737078 -0.029521778225898743
vt 0.4833219349384308 0.029100000858306885
vt -0.014999999664723873 -2.4658955095774894e-18
vt 5.221787929534912 -0.673198401927948
vt 6.2831854820251465 0.7853981852531433
vt 2.4683942794799805 -6.917209860457518e-17
vt 5.759586334228516 0.7853981852531433
vt 4.974188327789307 0.7853981852531433
vt 4.71238899230957 -2.356194496154785
vt 1.0471975803375244 -0.03060000017285347
vt 4.470727920532227 -0.673198401927948
vt 3.9269907474517822 0.0020000000949949026
vt -0.0005902639823034406 0.0005306490929797292
vt 0.5235987901687622 -0.012000000104308128
vt 4.71238899230957 0.7853981852531433
vt 5.49745512008667 0.0
vt 0.016946611925959587 0.0009012928348965943
vt 0.2617993950843811 0.00839999970048666
vt 3.5040841102600098 -1.121997356414795
vt -0.019931500777602196 0.019374152645468712
vt 3.693591594696045 -2.879793167114258
vt -0.05714999884366989 -0.0020000000949949026
vt 2.416609764099121 0.005900000222027302
vt 5.731186389923096 -3.1415927410125732
vt 4.450589656829834 -1.121997356414795
vt 5.235987663269043 -1.5707963705062866
vt 2.537440299987793 -1.5707963705062866
vt 3.0207622051239014 -0.4487989544868469
vt 5.235987663269043 -3.0357660829594124e-18
vt 3.1415927410125732 -1.2037062152420224e-34
vt -0.008162741549313068 0.04858725890517235
vt 1.832371473312378 -1.7763568394002505e-15
vt 2.9171931743621826 -6.692237909666776e-17
vt 0.5519988536834717 -0.5235987901687622
vt 4.71238899230957 -2.6179938316345215
vt 2.8796494007110596 -8.881784197001252e-16
vt 0.5519988536834717 -1.3460042476654053
vt 1.2083048820495605 0.005900000222027302
vt 1.832595705986023 -0.03060000017285347
vt 6.2831854820251465 -1.925929944387236e-34
vt 2.0941848754882812 0.01679999940097332
vt 1.825495719909668 -2.4683942794799805
vt 0.0 5.182486384480711e-17
vt 1.5707963705062866 -1.3092588186264038
vt 2.7791011333465576 -1.121997356414795
vt -0.00013277296966407448 0.0024964718613773584
vt 0.008502430282533169 0.004450540523976088
vt 3.1332008838653564 -0.007205640431493521
vt 6.02138614654541 1.0471975803375244
vt -0.017753073945641518 0.001798354322090745
vt 3.1415927410125732 -0.2615375518798828
vt -0.010468901135027409 0.01866830140352249
vt 0.005677257664501667 0.00030194068676792085
vt 1.3160969018936157 -2.9171931743621826
vt 4.974188327789307 0.005450000055134296
vt -0.004188478458672762 0.013514497317373753
vt 0.0008185948245227337 -0.01096910797059536
vt 1.3089969158172607 -1.2037062152420224e-34
vt 1.8124573230743408 -0.4487989544868469
vt 0.006391050759702921 0.002322600455954671
vt 5.235987663269043 0.7853981852531433
vt 5.235987663269043 1.5707963705062866
vt 1.5707963705062866 -1.121997356414795
vt 1.5707963705062866 -0.012000000104308128
vt 2.4683942794799805 -0.01679999940097332
vt -0.00013277296966407448 -0.0024964718613773584
vt 2.6179938316345215 -0.0003000000142492354
vt 3.665191411972046 0.005450000055134296
vt 1.0471975803375244 -0.029650000855326653
vt 0.2617993950843811 -0.005421683192253113
vt 6.02138614654541 -1.2037062152420224e-34
vt 5.497786998748779 -0.01679999940097332
vt 2.356194496154785 -0.01679999940097332
vt 0.2617993950843811 0.002199999988079071
vt 0.5519988536834717 -2.4683942794799805
vt 0.007204065099358559 -0.0020451555028557777
vt -0.03034999966621399 -0.005350000225007534
vt 0.806698203086853 -3.1415927410125732
vt -0.019354749470949173 0.01908084563910961
vt 6.2831854820251465 1.0471975803375244
vt 4.450589656829834 -4.81482486096809e-35
vt 6.2831854820251465 0.0
vt 5.195711135864258 -8.881784197001252e-16
vt 1.3089969158172607 -3.209238430557093e-17
vt 2.831982374191284 -0.004917468409985304
vt 4.71238899230957 -4.81482486096809e-35
vt 4.4576897621154785 -2.879793167114258
vt 3.7457451820373535 -8.881784197001252e-16
vt 3.665191411972046 0.2617993950843811
vt 3.665191411972046 -3.0357660829594124e-18
vt 3.1415927410125732 -6.440160904563896e-17
vt 6.02138614654541 -7.427661031230522e-16
vt 3.1415927410125732 1.5707963705062866
vt 5.476487159729004 -1.346396803855896
vt 3.4033920764923096 0.7853981852531433
vt 5.235987663269043 1.2227112913108244e-18
vt 2.692793607711792 0.01679999940097332
vt -0.029100000858306885 -0.01679999940097332
vt -0.010494250804185867 0.018342971801757812
vt -0.01914263144135475 0.018832877278327942
vt 5.497786998748779 0.005450000055134296
vt 3.262423038482666 -8.881784197001252e-16
vt -0.001798354322090745 0.017753073945641518
vt 0.5519988536834717 -1.7951958179473877
vt 6.645676612854004 -1.3089969158172607
vt 3.0207622051239014 -1.346396803855896
vt 6.02138614654541 -0.0020000000949949026
vt 1.0471975803375244 -0.0003000000142492354
vt 1.5707963705062866 -3.851859888774472e-34
vt 0.7853981852531433 0.03336787968873978
vt 3.693591594696045 2.6645352591003757e-15
vt 2.537440299987793 -8.881784197001252e-16
vt 6.2831854820251465 1.5707963705062866
vt 0.5235987901687622 1.2227112913108244e-18
vt -0.012197727337479591 0.006212693173438311
vt -0.008299999870359898 -0.0067937253043055534
vt 0.9666438698768616 0.029100000858306885
vt 0.00299576623365283 0.00015932756650727242
vt 2.879793167114258 -0.029650000855326653
vt 1.832595705986023 -0.005754560232162476
vt 4.974188327789307 1.5707963705062866
vt -0.013807804323732853 0.004765229299664497
vt 5.920693874359131 -0.5235987901687622
vt -0.002514745807275176 0.0016358648426830769
vt 1.0613975524902344 -1.5707963705062866
vt 4.450589656829834 -0.005350000225007534
vt 1.0613975524902344 -0.8975979089736938
vt 0.2617993950843811 -0.0295783169567585
vt -0.013238535262644291 0.013357158750295639
vt 0.13191993534564972 -0.029608380049467087
vt 1.5707963705062866 -2.8800551891326904
vt 0.010484161786735058 -0.00673590088263154
vt 4.188790321350098 0.2617993950843811
vt -0.012383281253278255 0.011567647568881512
vt 2.6179938316345215 -0.03060000017285347
vt 1.4499658346176147 0.029100000858306885
vt 4.472333961502706e-15 -0.004800000227987766
vt -0.0016713874647393823 0.001859156764112413
vt 5.385587215423584 0.01679999940097332
vt 5.437371730804443 -8.881784197001252e-16
vt 4.71238899230957 -8.881784197001252e-16
vt 3.4033920764923096 0.005450000055134296
vt 2.8999316692352295 0.029100000858306885
vt -0.0009616919560357928 -0.004506086464971304
vt 4.4576897621154785 -2.6179938316345215
vt 3.665191411972046 -3.851859888774472e-34
vt 4.71238899230957 1.2227112913108244e-18
vt 0.5082964301109314 -0.005676476284861565
vt 4.71238899230957 0.002199999988079071
vt 2.295779228210449 -1.5707963705062866
vt 2.731041109745231e-15 0.026599999517202377
vt 6.404016017913818 -0.7853981852531433
vt 4.188790321350098 -0.03280000016093254
vt 6.887337684631348 -1.5707963705062866
vt 0.002674219897016883 0.0029746508225798607
vt 3.4033920764923096 -3.0357660829594124e-18
vt 4.450589656829834 -1.5707963705062866
vt 3.1333186626434326 -0.004792592488229275
vt -0.023026255890727043 -0.002096782671287656
vt 4.71238899230957 -1.3089969158172607
vt 3.665191411972046 0.032999999821186066
vt 6.544984817504883 1.2227112913108244e-18
vt 3.1415927410125732 -1.121997356414795
vt 0.806698203086853 -0.22439947724342346
vt 0.0007743833120912313 0.0023770423140376806
vt 5.519087314605713 -0.0020000000949949026
vt 0.00673590088263154 -0.010484161786735058
vt 4.263256414560601e-14 -0.00536919804289937
vt 2.080195188522339 -2.0195953845977783
vt 4.71238899230957 -2.0941848754882812
vt 0.519713282585144 -0.00583619112148881
vt 1.3089969158172607 -0.029650000855326653
vt -0.002380886347964406 -0.022319162264466286
vt 5.221787929534912 -2.4683942794799805
vt 2.094395160675049 -0.0003000000142492354
vt 0.806698203086853 -1.7951958179473877
vt 0.0029746508225798607 -0.002674219897016883
vt 3.1415927410125732 -0.009999999776482582
vt -0.01898910664021969 0.010528615675866604
vt 5.437371730804443 -0.2617993950843811
vt 5.759586334228516 -0.4487989544868469
vt 0.7249829173088074 0.029100000858306885
vt 0.0026740734465420246 0.0013599013909697533
vt -0.029333099722862244 -0.02896157279610634
vt 5.195711135864258 -0.7853981852531433
vt 4.974188327789307 0.5235987901687622
vt 5.759586334228516 0.5235987901687622
vt 6.162354946136475 -1.3089969158172607
vt 0.7850663065910339 0.005900000222027302
vt -0.010316446423530579 0.008483904413878918
vt -0.005450000055134296 -0.05115000158548355
vt 4.71238899230957 0.0020000000949949026
vt 4.71238899230957 0.2617993950843811
vt 0.00293492479249835 0.00062146270647645
vt 5.759586334228516 -3.851859888774472e-34
vt 3.9269907474517822 -0.0020000000949949026
vt 4.4576897621154785 3.552713678800501e-15
vt 2.879793167114258 0.00839999970048666
vt 4.450589656829834 0.02954999916255474
vt 6.02138614654541 1.5707963705062866
vt 2.356194496154785 0.01679999940097332
vt 4.71238899230957 -1.0471975803375244
vt -0.005753503646701574 -0.004897500388324261
vt 4.71238899230957 -1.3092588186264038
vt 7.612320423126221 -0.5235987901687622
vt 6.404016017913818 -0.5235987901687622
vt 5.195711135864258 -1.3089969158172607
vt -0.0005178856081329286 0.002445770660415292
vt 2.094395160675049 0.0
vt 3.9482908248901367 -2.879793167114258
vt 3.665191411972046 -0.22439947724342346
vt -0.003246694803237915 -0.008324600756168365
vt 4.450589656829834 -0.22439947724342346
vt 4.188790321350098 0.5235987901687622
vt -0.023782119154930115 -0.032999999821186066
vt 5.731186389923096 -1.7951958179473877
vt 2.295779228210449 -1.346396803855896
vt 6.02138614654541 -0.03280000016093254
vt 5.759586334228516 0.005450000055134296
vt 5.221787929534912 -0.22439947724342346
vt -0.006272408179938793 0.012518532574176788
vt 7.128998756408691 -0.5235987901687622
vt 3.1415927410125732 -0.02963080257177353
vt 4.4508514404296875 0.023782119154930115
vt 3.987406015396118 -0.4487989544868469
vt 2.094395160675049 0.026599999517202377
vt 6.02138614654541 1.2227112913108244e-18
vt 5.235987663269043 -0.0003000000142492354
vt 5.497786998748779 0.002199999988079071
vt 2.3348944187164307 -2.0195953845977783
vt 1.121997356414795 0.03336787968873978
vt 5.759586334228516 -3.0357660829594124e-18
vt 5.235987663269043 -0.0020000000949949026
vt 1.825495719909668 -1.121997356414795
vt 1.3201407194137573 0.0020000000949949026
vt 1.0471975803375244 -8.773502747572264e-18
vt 4.974188327789307 0.02954999916255474
vt 4.71238899230957 -1.7951958179473877
vt 3.9269907474517822 -1.5707963705062866
vt 3.665191411972046 -0.4487989544868469
vt 0.5235987901687622 -0.0003000000142492354
vt -0.008671280927956104 0.04924999922513962
vt -5.329070518200751e-15 -0.03500000014901161
vt 5.497786998748779 -0.03060000017285347
vt -0.005350000225007534 -0.05035627633333206
vt 5.731186389923096 -2.9171931743621826
vt 2.3348944187164307 -1.7951958179473877
vt -0.009499999694526196 -0.011599999852478504
vt 0.005164913833141327 -0.0017975837690755725
vt 4.974188327789307 -0.22439947724342346
vt -0.004636980593204498 0.011396397836506367
vt 0.003100000089034438 -0.012000000104308128
vt 5.476487159729004 -0.8975979089736938
vt 2.3348944187164307 -1.121997356414795
vt 4.188790321350098 -0.029650000855326653
vt 7.8539814949035645 -0.2617993950843811
vt 0.005419203545898199 0.007230380550026894
vt 0.806698203086853 -1.346396803855896
vt 3.9269907474517822 -0.023782119154930115
vt 2.0195953845977783 3.870147468180837e-17
vt 3.1415927410125732 -0.5233886241912842
vt -0.019508833065629005 0.01710345782339573
vt 0.009458821266889572 0.004327340982854366
vt 3.4033920764923096 0.5235987901687622
vt 4.4576897621154785 -0.4487989544868469
vt 4.967088222503662 -0.22439947724342346
vt -0.02669999934732914 -0.01679999940097332
vt 7.068915367126465 -8.881784197001252e-16
vt 5.497786998748779 -0.4487989544868469
vt 5.476487159729004 -2.9171931743621826
vt 2.6179938316345215 -0.005502152256667614
vt 2.152952194213867 -0.02933192066848278
vt -0.032903216779232025 -0.023026255890727043
vt 6.2831854820251465 -0.5233886241912842
vt 0.5235987901687622 -3.0357660829594124e-18
vt 1.0471975803375244 -0.005350000225007534
vt 3.262423038482666 -1.346396803855896
vt 4.974188327789307 -0.029650000855326653
vt 0.004897500388324261 0.005753503646701574
vt 2.24399471282959 -6.797947621484113e-17
vt 2.0541181564331055 -1.5707963705062866
vt 4.967088222503662 -1.7951958179473877
vt 4.188790321350098 -0.012000000104308128
vt 6.2831854820251465 -0.8975979089736938
vt 1.832595705986023 -4.81482486096809e-35
vt -0.0017198877176269889 -0.005977504421025515
vt -0.0049126227386295795 -0.012484636157751083
vt 0.7853981852531433 2.233456475320139e-17
vt 5.264387607574463 -0.009999999776482582
vt 0.0031251595355570316 0.0031704490538686514
vt 2.5895938873291016 -0.8975979089736938
vt 3.665191411972046 0.5235987901687622
vt 6.058785915374756 0.01679999940097332
vt 0.7853981852531433 -0.005350000225007534
vt -0.0016935718012973666 0.0026034563779830933
vt 1.3089969158172607 -3.0357660829594124e-18
vt 4.974188327789307 1.0471975803375244
vt -0.012274593114852905 0.011875330470502377
vt 0.5519988536834717 -1.3089969158172607
vt 4.450589656829834 -0.03280000016093254
vt -0.01356386486440897 0.013382508419454098
vt 5.609986782073975 1.491862189340054e-16
vt 6.021647930145264 0.01679999940097332
vt 5.476487159729004 -2.4683942794799805
vt 6.02138614654541 -3.0357660829594124e-18
vt 4.71238899230957 1.3089969158172607
vt 5.497786998748779 -1.5707963705062866
vt 6.887337684631348 -0.7853981852531433
vt 6.2831854820251465 -7.427661031230522e-16
vt 0.0022283943835645914 0.0011332511203363538
vt -0.00299576623365283 0.00015932756650727242
vt 2.6179938316345215 -3.851859888774472e-34
vt 3.650991439819336 -0.0020000000949949026
vt 2.5895938873291016 -2.9171931743621826
vt -0.004342561587691307 0.011537108570337296
vt 4.71238899230957 -1.047407627105713
vt 0.005977504421025515 0.0017198877176269889
vt 5.497786998748779 0.032999999821186066
vt 0.012484636157751083 0.0049126227386295795
vt 2.080195188522339 -2.9171931743621826
vt 0.7853981852531433 -0.03500000014901161
vt 3.665191411972046 -1.2037062152420224e-34
vt -0.00383565085940063 0.012972110882401466
vt 4.973926544189453 0.01679999940097332
vt 4.974188327789307 -0.03060000017285347
vt 1.3160969018936157 -2.0195953845977783
vt -0.007128220982849598 -0.026490962132811546
vt 6.2831854820251465 1.5480589872723347e-16
vt 3.4033920764923096 -0.22439947724342346
vt 3.449930465815928e-15 0.029100000858306885
vt 3.1415927410125732 -0.22439947724342346
vt 4.974188327789307 0.002199999988079071
vt 5.195711135864258 -0.5235987901687622
vt 0.673198401927948 0.03336787968873978
vt 4.189000129699707 0.023782119154930115
vt -0.0024964718613773584 -0.00013277296966407448
vt 1.691626787185669 0.029100000858306885
vt -0.005411363672465086 0.013773440383374691
vt 3.1415927410125732 -0.03060000017285347
vt -0.0022283943835645914 0.0011332511203363538
vt -0.012518532574176788 0.006272408179938793
vt 1.3160969018936157 -3.552713678800501e-15
vt 1.018797516822815 -0.0020000000949949026
vt 0.0 -0.00839999970048666
vt 5.161188125610352 0.01679999940097332
vt 3.1415927410125732 -0.7853981852531433
vt -0.010654588229954243 0.019260315224528313
vt -0.010331826284527779 -0.0052542551420629025
vt 1.6479873021779667e-15 -0.0020000000949949026
vt 3.1415927410125732 -0.004800000227987766
vt 0.806698203086853 -0.8975979089736938
vt 4.450589656829834 -0.012000000104308128
vt 5.235987663269043 -7.427661031230522e-16
vt 0.001407873467542231 0.0027684045489877462
vt 4.967088222503662 -1.346396803855896
vt -0.02784813940525055 -0.0284451674669981
vt 3.9269907474517822 -0.03280000016093254
vt 1.0613975524902344 -0.673198401927948
vt 0.0024964718613773584 -0.00013277296966407448
vt 2.6179938316345215 -0.03500000014901161
vt 3.1415927410125732 -0.4487989544868469
vt 5.759586334228516 -0.03280000016093254
vt 3.262423038482666 -0.22439947724342346
vt -0.027162067592144012 -0.02723023109138012
vt 0.009716231375932693 0.006320496089756489
vt 0.008990962989628315 0.05002177879214287
vt 5.437371730804443 -1.3089969158172607
vt 7.128998756408691 -0.7853981852531433
vt 4.974188327789307 -1.2037062152420224e-34
vt 1.832595705986023 0.026599999517202377
vt 0.0016358648426830769 0.002514745807275176
vt 6.021647930145264 1.450662506785605e-16
vt 2.295779228210449 -0.673198401927948
vt 0.2617993950843811 -3.209238430557093e-17
vt 6.162354946136475 -0.7853981852531433
vt 4.188790321350098 0.7853981852531433
vt 4.450589656829834 -0.029650000855326653
vt 1.0471975803375244 1.2227112913108244e-18
vt 0.009100000374019146 0.05115000158548355
vt 3.1415927410125732 8.881784197001252e-16
vt 1.3160969018936157 -0.22439947724342346
vt -0.005900000222027302 -0.01679999940097332
vt 0.00015932756650727242 0.00299576623365283
vt -0.008990962989628315 0.05002177879214287
vt 0.5235987901687622 -0.029650000855326653
vt 5.759586334228516 -0.012000000104308128
vt 0.2615751326084137 0.005900000222027302
vt -0.018110163509845734 -0.029267756268382072
vt -0.011035526171326637 0.017554104328155518
vt 7.330709934234619 -8.881784197001252e-16
vt 0.0 0.0
vt 1.5707963705062866 3.6572301858929523e-19
vt 4.639031948037761e-18 -0.026599999517202377
vt 0.05845551937818527 -0.007239320315420628
vt 4.71238899230957 -1.832595705986023
vt -0.027578718960285187 -0.006949999835342169
vt 0.0 0.003000000026077032
vt 4.2029900550842285 -0.4487989544868469
vt 1.3160969018936157 -1.7951958179473877
vt 0.0016358648426830769 -0.002514745807275176
vt 0.000940504134632647 -0.004723012913018465
vt -0.0013179556699469686 -0.011135593988001347
vt 2.295779228210449 -8.881784197001252e-16
vt 1.3089969158172607 1.2227112913108244e-18
vt 4.974188327789307 8.881784197001252e-16
vt 6.02138614654541 -1.5707963705062866
vt 4.974188327789307 0.0020000000949949026
vt 0.2617993950843811 -0.03280000016093254
vt 0.0111931087449193 0.00579879293218255
vt 0.020999999716877937 5.054205064416395e-18
vt 0.00062146270647645 0.00293492479249835
vt -0.007445524912327528 0.022829895839095116
vt 3.4033920764923096 -4.81482486096809e-35
vt 2.0541181564331055 -1.121997356414795
vt 4.189000129699707 0.05714999884366989
vt 0.0066402507945895195 0.00400591129437089
vt 3.4033920764923096 -0.005350000225007534
vt 5.759324073791504 -8.881784197001252e-16
vt 5.679032802581787 -0.2617993950843811
vt 0.3958456516265869 -0.005116116721183062
vt 0.1613815426826477 -0.007239170838147402
vt 4.967088222503662 -3.1415927410125732
vt 3.4033920764923096 -1.346396803855896
vt 4.71238899230957 8.131516293641283e-17
vt 0.008671280927956104 0.04924999922513962
vt 3.6649813652038574 -0.05714999884366989
vt -0.005450000055134296 -0.05714999884366989
vt -0.0013632206246256828 0.002095621544867754
vt 2.3348944187164307 -0.8975979089736938
vt 0.5235987901687622 -3.209238430557093e-17
vt 1.0471975803375244 0.002199999988079071
vt 1.0471975803375244 0.00839999970048666
vt -0.023499999195337296 -0.019999999552965164
vt -0.005859865806996822 0.011655340902507305
vt 2.5895938873291016 -1.121997356414795
vt 3.262423038482666 -0.8975979089736938
vt 2.879793167114258 -3.851859888774472e-34
vt 2.295779228210449 -0.8975979089736938
vt 3.665191411972046 -1.121997356414795
vt 2.356194496154785 -0.005597453564405441
vt 3.262423038482666 -1.5707963705062866
vt 3.3659920692443848 0.023782119154930115
vt 3.693591594696045 -0.4487989544868469
vt 6.162354946136475 -0.5235987901687622
vt 0.002821083180606365 -0.003443814581260085
vt 6.2831854820251465 -0.03500000014901161
vt -0.014720363542437553 0.012393215671181679
vt 5.221787929534912 -1.121997356414795
vt -0.0009292599279433489 0.0028524508234113455
vt 1.0613975524902344 -2.692793607711792
vt 4.188790321350098 0.032999999821186066
vt -0.028354832902550697 -0.02895186096429825
vt 2.5895938873291016 -2.0195953845977783
vt -0.012930852361023426 0.013248470611870289
vt 0.0011332511203363538 0.0022283943835645914
vt 1.5707963705062866 -1.2037062152420224e-34
vt 3.7457451820373535 -1.5707963705062866
vt 6.2831854820251465 0.02954999916255474
vt 3.0207622051239014 -8.881784197001252e-16
vt 6.02138614654541 -0.012000000104308128
vt -0.05115000158548355 -0.005450000055134296
vt 1.5707963705062866 -1.7951958179473877
vt 1.5707963705062866 -1.047407627105713
vt 2.6179938316345215 0.026599999517202377
vt 3.9482908248901367 -0.8975979089736938
vt -0.018342971801757812 0.010494250804185867
vt -0.018967557698488235 0.017892325296998024
vt -0.009071281179785728 -0.009999999776482582
vt 3.665191411972046 -0.03280000016093254
vt -0.0020056648645550013 -0.0022309881169348955
vt 1.0613975524902344 -0.4487989544868469
vt 1.0613975524902344 -3.552713678800501e-15
vt 3.5903916358947754 -0.05714999884366989
vt -0.05035627633333206 -0.029650000855326653
vt 3.3659920692443848 -0.023782119154930115
vt 5.497786998748779 -1.2037062152420224e-34
vt -0.003100000089034438 -0.0020000000949949026
vt -0.01510000042617321 -0.0020000000949949026
vt 1.5707963705062866 -0.03500000014901161
vt 6.02138614654541 -0.22439947724342346
vt 2.6179938316345215 0.00839999970048666
vt 0.0013599013909697533 0.0026740734465420246
vt 4.188790321350098 0.002199999988079071
vt 2.5895938873291016 -3.1415927410125732
vt 1.121997356414795 -0.03336787968873978
vt 3.665191411972046 -0.005350000225007534
vt 0.020999999716877937 -0.012000000104308128
vt 1.3160969018936157 -1.346396803855896
vt 0.007600000128149986 0.03757871687412262
vt 6.2831854820251465 1.3089969158172607
vt 0.0026034563779830933 0.0016935718012973666
vt 2.879793167114258 0.0
vt 4.71238899230957 -1.346396803855896
vt 1.5707963705062866 -4.81482486096809e-35
vt 5.476487159729004 -1.121997356414795
vt 4.974188327789307 -0.005350000225007534
vt 7.370659828186035 -0.7853981852531433
vt 0.008162741549313068 0.04858725890517235
vt -0.003443814581260085 -0.002821083180606365
vt -0.008562741801142693 -0.009337258525192738
vt 6.02138614654541 -0.005350109655410051
vt -0.032999999821186066 -0.05714999884366989
vt 1.9332877397537231 0.029100000858306885
vt -0.0016935718012973666 -0.0026034563779830933
vt 6.2831854820251465 1.2227112913108244e-18
vt 2.9171931743621826 -0.0048035853542387486
vt 2.0946576595306396 0.005900000222027302
vt 3.665191411972046 1.3089969158172607
vt 5.497786998748779 -0.029650000855326653
vt -0.008483904413878918 0.010316446423530579
vt 0.2617993950843811 -0.0003000000142492354
vt 1.5707963705062866 -1.951563910473908e-17
vt 0.0002124367601936683 -0.0039943549782037735
vt -0.01679999940097332 -0.005900000222027302
vt 1.0471975803375244 -3.0357660829594124e-18
vt 4.71238899230957 -0.023782119154930115
vt -0.007721778936684132 -0.027259036898612976
vt 5.235987663269043 -1.121997356414795
vt 0.005799086298793554 -0.002524004550650716
vt 0.0012390132760629058 -0.003803267842158675
vt -0.005900000222027302 0.04764999821782112
vt 0.7249829173088074 0.005900000222027302
vt 1.3160969018936157 -2.24399471282959
vt 6.887337684631348 -1.0471975803375244
vt 3.4033920764923096 -0.03500000014901161
vt -0.00570578221231699 0.013632729649543762
vt 5.476487159729004 -0.673198401927948
vt 1.3088531494140625 0.005900000222027302
vt 0.5232716798782349 0.029100000858306885
vt -0.014611675404012203 0.012700898572802544
vt -0.01747552491724491 0.012259121052920818
vt 1.5707963705062866 -7.9228382706337025e-19
vt 3.1415927410125732 0.005450000055134296
vt 4.48798942565918 0.05714999884366989
vt 4.954050064086914 -1.0471975803375244
vt 1.7951958179473877 0.01679999940097332
vt 1.046934962272644 0.005900000222027302
vt -0.026599999517202377 1.1964768859524295e-17
vt -0.029650000855326653 -0.05035627633333206
vt 1.3160969018936157 -2.4683942794799805
vt 3.403535842895508 -8.881784197001252e-16
vt 1.832595705986023 -0.03500000014901161
vt 4.71238899230957 -0.7853981852531433
vt 3.9269907474517822 -0.005350000225007534
vt 6.2831854820251465 -0.03060000017285347
vt 6.2831854820251465 0.22479204833507538
vt 5.759586334228516 1.2227112913108244e-18
vt 0.0007743833120912313 -0.0023770423140376806
vt -0.0024964718613773584 0.00013277296966407448
vt 3.693591594696045 -1.7955883741378784
vt 4.71238899230957 -0.03500000014901161
vt -0.017413392663002014 0.011329945176839828
vt 6.2831854820251465 -1.346396803855896
vt 5.759586334228516 -0.005350000225007534
vt 6.404016017913818 -0.2617993950843811
vt 4.2029900550842285 -1.5707963705062866
vt 6.2831854820251465 0.002199999988079071
vt 4.188790321350098 8.881784197001252e-16
vt 6.41510534286499 -0.029608380049467087
vt -0.029521778225898743 -0.005459037143737078
vt -0.023026255890727043 -0.032903216779232025
vt 2.080195188522339 -1.7951958179473877
vt 0.0014213075628504157 -0.010555561631917953
vt 6.02138614654541 -0.01679999940097332
vt 2.0541181564331055 -0.4487989544868469
vt 3.6649813652038574 0.05714999884366989
vt 7.370659828186035 -0.5235987901687622
vt 0.22439947724342346 0.03336787968873978
vt 1.3160969018936157 -0.673198401927948
vt 0.5235987901687622 -3.851859888774472e-34
vt 7.612320423126221 -0.7853981852531433
vt 2.1749486923217773 0.005900000222027302
vt 0.2615751326084137 0.029100000858306885
vt 4.039190769195557 0.023782119154930115
vt 0.0026740734465420246 -0.0013599013909697533
vt 6.02138614654541 -1.346396803855896
vt 4.48798942565918 0.023782119154930115
vt 5.235987663269043 -0.03060000017285347
vt 3.0207622051239014 -0.8975979089736938
vt 5.221787929534912 -0.8975979089736938
vt -0.026599999517202377 -0.006000000052154064
vt 4.2029900550842285 -2.879793167114258
vt 5.437371730804443 -0.7853981852531433
vt -0.004454434383660555 -0.020397808402776718
vt 3.693591594696045 -0.673198401927948
vt -0.00062146270647645 -0.00293492479249835
vt 4.188790321350098 -7.9228382706337025e-19
vt 3.4033920764923096 -0.0020000000949949026
vt -0.00299576623365283 -0.00015932756650727242
vt 0.0021811530459672213 -0.00335299433209002
vt 0.2617993950843811 -0.004845095332711935
vt -0.0031251595355570316 0.0031704490538686514
vt 2.6179938316345215 -4.81482486096809e-35
vt 6.02138614654541 0.0020000000949949026
vt 5.497786998748779 -1.121997356414795
vt 4.71238899230957 -7.9228382706337025e-19
vt -0.028087258338928223 -0.006287258118391037
vt 4.967088222503662 -2.9171931743621826
vt 3.665191411972046 -7.427661031230522e-16
vt 4.4576897621154785 -2.356194496154785
vt 5.235987663269043 -0.012000000104308128
vt 0.7853981852531433 -0.02940254658460617
vt 2.5895938873291016 2.5757174171303632e-14
vt 3.1415927410125732 -0.029650000855326653
vt 6.887337684631348 -1.3089969158172607
vt 3.009866237640381 -0.02960841916501522
vt 1.832595705986023 -0.029650000855326653
vt 6.2831854820251465 1.3460042476654053
vt 5.476487159729004 -1.7951958179473877
vt 3.3659920692443848 -0.05714999884366989
vt 2.0941848754882812 -0.01679999940097332
vt 2.356194496154785 -0.005350000225007534
vt 4.71238899230957 -0.0003000000142492354
vt 3.5903916358947754 -0.023782119154930115
vt 2.295779228210449 -1.121997356414795
vt 4.71238899230957 -0.0020000000949949026
vt 5.679032802581787 -1.3089969158172607
vt 1.5707963705062866 1.7763568394002505e-14
vt 3.9482908248901367 -0.22439947724342346
vt 4.4576897621154785 -1.5707963705062866
vt 3.1415927410125732 0.032999999821186066
vt 0.0028524508234113455 -0.0009292599279433489
vt 3.0829617977142334 -0.007239393889904022
vt 6.02138614654541 0.005450000055134296
vt 4.71238899230957 0.5235987901687622
vt -0.0026740734465420246 0.0013599013909697533
vt 5.773786544799805 -0.0020000000949949026
vt 5.497786998748779 -7.427661031230522e-16
vt 2.879793167114258 0.002199999988079071
vt 6.404016017913818 -8.881784197001252e-16
vt 0.01114752609282732 0.003425297327339649
vt 4.71238899230957 8.881784197001252e-16
vt 0.006601352244615555 -0.0016316091641783714
vt -0.001896259724162519 -0.004743667785078287
vt 1.3089969158172607 -0.03060000017285347
vt 2.094395160675049 -0.029650000855326653
vt -0.0031704490538686514 0.0031251595355570316
vt 2.7791011333465576 -0.8975979089736938
vt 0.0040113297291100025 0.004461976233869791
vt -0.004765229299664497 0.013807804323732853
vt 7.612320423126221 -8.881784197001252e-16
vt 2.0195953845977783 -0.012000000104308128
vt 4.470727920532227 -0.8975979089736938
vt 2.080195188522339 -1.346396803855896
vt 1.0471975803375244 2.233456475320139e-17
vt 0.008154651150107384 0.0064421785064041615
vt 0.7853981852531433 -3.851859888774472e-34
vt -0.013884670101106167 0.013322793878614902
vt 3.9269907474517822 -4.81482486096809e-35
vt 3.9482908248901367 -1.121997356414795
vt 2.7457470893859863 -0.006883883383125067
vt 5.476487159729004 -3.1415927410125732
vt 4.4576897621154785 -3.1415927410125732
vt -0.004094593692570925 0.011749225668609142
vt -0.02723023109138012 -0.027162067592144012
vt 1.5707963705062866 7.9228382706337025e-19
vt 4.967088222503662 -2.24399471282959
vt 1.5707963705062866 -0.8975979089736938
vt -0.00293492479249835 0.00062146270647645
vt 0.7853981852531433 -2.86069041118042e-18
vt -0.004461976233869791 0.0040113297291100025
vt 2.1749486923217773 0.029100000858306885
vt -0.05115000158548355 -0.02954999916255474
vt 0.7640981078147888 -0.0020000000949949026
vt 0.2617993950843811 -0.007154904771596193
vt -0.014999999664723873 0.0020000000949949026
vt 5.235777854919434 0.01679999940097332
vt 7.370659828186035 -1.5707963705062866
vt 3.814790964126587 -0.05714999884366989
vt 2.0541181564331055 -8.881784197001252e-16
vt 5.235987663269043 0.5235987901687622
vt 7.370659828186035 -1.0471975803375244
vt 2.5895938873291016 -1.7951958179473877
vt 0.00612621009349823 -0.0010761606972664595
vt -0.01342061348259449 0.0059537505730986595
vt 0.008324600756168365 0.003246694803237915
vt 2.3348944187164307 -0.22439947724342346
vt 4.2029900550842285 -1.121997356414795
vt 4.974188327789307 -0.0020000000949949026
vt 3.361913366442602e-15 0.005900000222027302
vt 0.2617993950843811 -0.012000000104308128
vt 5.609986782073975 0.01679999940097332
vt 4.974188327789307 -0.03280000016093254
vt -0.005283114966005087 0.011362033896148205
vt 5.731186389923096 -0.22439947724342346
vt 2.618320941925049 0.005900000222027302
vt -0.0016713874647393823 -0.001859156764112413
vt -0.006320496089756489 -0.009716231375932693
vt 4.229066848754883 -8.881784197001252e-16
vt 6.2831854820251465 -0.7853981852531433
vt 4.188790321350098 -0.0020000000949949026
vt 3.665191411972046 -7.9228382706337025e-19
vt -0.006287258118391037 -0.028087258338928223
vt 3.1415927410125732 0.5235987901687622
vt 3.4033920764923096 -0.8975979089736938
vt 3.693591594696045 -0.8975979089736938
vt 0.7640981078147888 -0.009999999776482582
vt 1.018797516822815 -0.009999999776482582
vt 2.980211019515991 -0.0047608292661607265
vt 2.9171931743621826 -0.012000000104308128
vt 3.693591594696045 -2.9168004989624023
vt -0.008562741801142693 -0.02566274255514145
vt 0.5235987901687622 -0.006000000052154064
vt 3.6140071533857494e-16 -1.925929944387236e-34
vt 5.497786998748779 0.2617993950843811
vt 0.39258360862731934 -0.005459037143737078
vt 0.4833219349384308 0.005900000222027302
vt 5.476487159729004 -0.22439947724342346
vt 1.3089969158172607 -4.81482486096809e-35
vt 3.9269907474517822 0.002199999988079071
vt 4.2029900550842285 -2.6179938316345215
vt 1.3160969018936157 -3.1415927410125732
vt -0.0038012866862118244 0.012325976975262165
vt 5.759586334228516 0.002199999988079071
vt 0.9666438698768616 0.005900000222027302
vt 7.370659828186035 -1.3089969158172607
vt 0.0 -3.924811864397526e-17
vt 5.497786998748779 1.5298092653770468e-16
vt 3.9269907474517822 -0.03060000017285347
vt 0.0009292599279433489 -0.0028524508234113455
vt 0.0010761606972664595 -0.00612621009349823
vt 1.3089969158172607 -0.005754560232162476
vt 4.71238899230957 -0.8975979089736938
vt 2.749009132385254 -0.005459037143737078
vt 2.537440299987793 -0.4487989544868469
vt 6.887337684631348 -0.2617993950843811
vt 0.0004166628641542047 -0.005811018869280815
vt 5.759586334228516 -0.03060000017285347
vt 4.974188327789307 -0.673198401927948
vt 1.825495719909668 -1.5707963705062866
vt 1.5707963705062866 0.012000000104308128
vt 3.262423038482666 -0.4487989544868469
vt 1.0470613241195679 -0.02931317128241062
vt -0.014685999602079391 0.011747080832719803
vt 2.879793167114258 -4.81482486096809e-35
vt -0.002096782671287656 -0.023026255890727043
vt 4.188790321350098 -0.8975979089736938
vt 2.692793607711792 -0.01679999940097332
vt -0.006728220731019974 0.0477590374648571
vt 7.612320423126221 -1.5707963705062866
vt -0.05035627633333206 -0.005350000225007534
vt -0.011650750413537025 0.01735367812216282
vt 0.5519988536834717 -3.1415927410125732
vt 0.806698203086853 -2.4683942794799805
vt 0.0 -0.03060000017285347
vt 3.4033920764923096 0.2617993950843811
vt 2.24399471282959 -0.012000000104308128
vt 7.128998756408691 -8.881784197001252e-16
vt -0.01962381787598133 0.019265465438365936
vt 2.356194496154785 7.9228382706337025e-19
vt 4.71238899230957 0.012000000104308128
vt 0.5093987584114075 -0.0020000000949949026
vt -0.007499999832361937 0.04807871952652931
vt -0.014545288868248463 0.011452662758529186
vt 2.879793167114258 0.026599999517202377
vt 5.497786998748779 -3.851859888774472e-34
vt -0.003100000089034438 -0.012000000104308128
vt 5.235987663269043 -0.22439947724342346
vt 1.0613975524902344 -2.9171931743621826
vt 3.1415927410125732 0.05714999884366989
vt 4.450589656829834 -1.2037062152420224e-34
vt -0.0010306782787665725 -0.005734043195843697
vt 3.4033920764923096 -0.03280000016093254
vt 0.5519988536834717 -1.5707963705062866
vt 0.007544346619397402 0.0043412805534899235
vt 0.00015932756650727242 -0.00299576623365283
vt -0.00826274137943983 0.038087259978055954
vt 4.4576897621154785 -1.121997356414795
vt 0.004743667785078287 0.001896259724162519
vt -0.013632729649543762 0.00570578221231699
vt 2.3348944187164307 -1.346396803855896
vt 3.1415927410125732 -0.005350000225007534
vt 3.987406015396118 -1.346396803855896
vt -0.012935282662510872 -0.0035606834571808577
vt 5.759586334228516 -0.029650000855326653
vt 0.806698203086853 -0.673198401927948
vt 5.679032802581787 -0.5235987901687622
vt -0.023782119154930115 -0.0020000000949949026
vt 5.221787929534912 -1.7951958179473877
vt 2.692793607711792 -0.006695821415632963
vt 5.731186389923096 -1.346396803855896
vt -0.000599352119024843 -0.01126935426145792
vt 3.9482908248901367 -2.6179938316345215
vt 1.3201407194137573 -2.2180517253364416e-17
vt 1.832595705986023 -0.0003000000142492354
vt -0.020577633753418922 0.01933978870511055
vt 2.8800175189971924 0.029100000858306885
vt -0.020124055445194244 0.01690303161740303
vt -0.0321660190820694 -0.021706461906433105
vt 0.009200000204145908 0.05035627633333206
vt 4.189000129699707 -0.023782119154930115
vt 0.5235987901687622 2.233456475320139e-17
vt 5.12426399130059e-35 0.003000000026077032
vt 7.8539814949035645 -1.3089969158172607
vt 2.879793167114258 -0.005350000225007534
vt -0.01197607908397913 0.017379028722643852
vt 4.71238899230957 1.446325698095663e-16
vt 3.9269907474517822 0.02954999916255474
vt 4.470727920532227 -0.22439947724342346
vt 3.272404432296753 -0.02964453399181366
vt 6.887337684631348 -8.881784197001252e-16
vt 3.0101232528686523 -0.0053915283642709255
vt 3.4033920764923096 -0.673198401927948
vt 4.450589656829834 1.2227112913108244e-18
vt 0.0027684045489877462 -0.001407873467542231
vt -0.0011332511203363538 -0.0022283943835645914
vt 5.759586334228516 0.02954999916255474
vt 1.825495719909668 -0.4487989544868469
vt 3.1415927410125732 -0.673198401927948
vt 2.094395160675049 1.2227112913108244e-18
vt 1.5707963705062866 -0.01679999940097332
vt 3.9269907474517822 -0.03500000014901161
vt 3.1415927410125732 -0.0003000000142492354
vt 2.094395160675049 -0.005350000225007534
vt 0.002095621544867754 -0.0013632206246256828
vt 3.9269907474517822 -0.012000000104308128
vt 4.470727920532227 -1.121997356414795
vt 5.759586334228516 -0.03500000014901161
vt -0.021706461906433105 -0.0321660190820694
vt 3.693591594696045 -2.094395160675049
vt 0.002445770660415292 -0.0005178856081329286
vt 0.0 -0.03280000016093254
vt -0.0016358648426830769 -0.002514745807275176
vt 1.5707963705062866 -2.0195953845977783
vt 4.71238899230957 0.05714999884366989
vt -0.002514745807275176 -0.0016358648426830769
vt 4.71238899230957 0.032999999821186066
vt 3.665191411972046 -1.346396803855896
vt 0.009053338319063187 0.0031899097375571728
vt 3.0207622051239014 -1.121997356414795
vt -0.021120021119713783 0.018986960873007774
vt -0.022319162264466286 -0.002380886347964406
vt 4.450589656829834 -0.4487989544868469
vt 6.2831854820251465 -3.0357660829594124e-18
vt 1.8124573230743408 -8.881784197001252e-16
vt 0.009340615011751652 -0.0022116410546004772
vt 3.987406015396118 -0.673198401927948
vt 4.450589656829834 1.5707963705062866
vt 5.235987663269043 -0.01679999940097332
vt 3.1415927410125732 -1.3092588186264038
vt 1.0613975524902344 -0.22439947724342346
vt 5.497786998748779 -0.673198401927948
vt 1.825495719909668 -2.24399471282959
vt -2.6645352591003757e-15 0.03336787968873978
vt 5.497786998748779 1.5707963705062866
vt 5.235987663269043 0.0
vt 5.679032802581787 -0.7853981852531433
vt 3.9269907474517822 0.7853981852531433
vt 2.879793167114258 0.0020000000949949026
vt 4.188790321350098 1.3089969158172607
vt -0.011500000022351742 -0.019999999552965164
vt 2.0541181564331055 -1.346396803855896
vt 6.2831854820251465 0.005450000055134296
vt 4.71238899230957 -3.851859888774472e-34
vt 3.1415927410125732 -0.012000000104308128
vt -0.0039788419380784035 -0.010357937775552273
vt 6.02138614654541 0.7853981852531433
vt -0.003976361360400915 0.013266529887914658
vt -0.0128158675506711 0.011086462065577507
vt 2.0946576595306396 0.029100000858306885
vt 1.9640629291534424 -0.005725775379687548
vt 0.009100000374019146 0.050850000232458115
vt 1.9332877397537231 0.005900000222027302
vt 3.396291971206665 -0.009999999776482582
vt 0.293864905834198 -0.02956976927816868
vt 2.6179938316345215 -3.0357660829594124e-18
vt -0.016946611925959587 0.0009012928348965943
vt 7.592406272888184 -8.881784197001252e-16
vt 4.188790321350098 1.5707963705062866
vt 2.6927876472473145 -0.005316810682415962
vt 0.806698203086853 -1.5707963705062866
vt 2.8800175189971924 0.005900000222027302
vt 5.920693874359131 -1.0471975803375244
vt 4.974188327789307 -0.4487989544868469
vt 3.987406015396118 -0.22439947724342346
vt 3.650991439819336 -0.009999999776482582
vt 0.806698203086853 -2.692793607711792
vt 3.665191411972046 1.2227112913108244e-18
vt 4.954050064086914 -1.5707963705062866
vt 1.825495719909668 -1.346396803855896
vt 0.002514745807275176 -0.0016358648426830769
vt -0.008923952467739582 0.008022659458220005
vt 6.2831854820251465 -0.01679999940097332
vt 2.4683942794799805 -0.012000000104308128
vt 2.7791011333465576 -0.22439947724342346
vt 1.3089969158172607 -0.029245439916849136
vt 0.7853981852531433 -0.012000000104308128
vt 5.731186389923096 -0.8975979089736938
vt 6.021306991577148 -0.029649212956428528
vt 5.497786998748779 -0.012000000104308128
vt 7.8539814949035645 8.881784197001252e-16
vt 1.346396803855896 0.03336787968873978
vt -0.0031129338312894106 -0.007605996914207935
vt 0.0022886167280375957 -0.007893274538218975
vt 2.3348944187164307 -3.1415927410125732
vt 5.235660552978516 0.0
vt 4.71238899230957 -2.094395160675049
vt 5.195711135864258 -1.5707963705062866
vt 4.188790321350098 1.2227112913108244e-18
vt 0.01096910797059536 -0.0008185948245227337
vt 4.188790321350098 -3.851859888774472e-34
vt 2.6179938316345215 -0.006000000052154064
vt -0.009071281179785728 -0.02500000037252903
vt 5.497786998748779 1.0471975803375244
vt 5.497786998748779 0.0
vt 0.2120620310306549 -0.007207407150417566
vt 1.5707963705062866 0.00839999970048666
vt 4.188790321350098 -0.03500000014901161
vt 0.5519988536834717 -0.2617993950843811
vt 3.665191411972046 0.7853981852531433
vt 3.665191411972046 1.5707963705062866
vt -0.0022309881169348955 0.0020056648645550013
vt 6.2831854820251465 -0.03280000016093254
vt 0.7853981852531433 -0.005597453564405441
vt 3.693591594696045 -1.832595705986023
vt -0.024328220635652542 -0.019890962168574333
vt -0.00945460144430399 -0.007432395592331886
vt 4.936788558959961 0.01679999940097332
vt -0.00613836944103241 0.013151545077562332
vt -0.018942207098007202 0.018217654898762703
vt -0.01546818483620882 0.013905943371355534
vt 4.450589656829834 -3.851859888774472e-34
vt 0.5093987584114075 -0.009999999776482582
vt 2.6179938316345215 0.002199999988079071
vt 4.974188327789307 1.2227112913108244e-18
vt 3.9482908248901367 -0.4487989544868469
vt 6.02138614654541 -0.005350000225007534
vt 3.1415927410125732 3.870147468180837e-17
vt 6.2831854820251465 0.2617993950843811
vt -0.022319162264466286 -0.032619114965200424
vt 0.005811018869280815 -0.0004166628641542047
vt 0.010000113397836685 -0.0018964497139677405
vt 0.002445770660415292 0.0005178856081329286
vt 4.160390377044678 -0.0020000000949949026
vt -0.021026136353611946 0.017221689224243164
vt 1.5707963705062866 -0.4487989544868469
vt 3.9269907474517822 -0.673198401927948
vt -0.002532901940867305 -0.010345259681344032
vt -0.021438678726553917 0.018084881827235222
vt 3.665191411972046 -1.5707963705062866
vt 3.1415927410125732 1.2227112913108244e-18
vt 2.537440299987793 -1.121997356414795
vt 5.437371730804443 -1.0471975803375244
vt 1.0613975524902344 -1.346396803855896
vt 2.4093286991119385 -0.03060000017285347
vt -0.007899999618530273 -0.008828719146549702
vt 4.71238899230957 1.5707963705062866
vt 4.039190769195557 -0.05714999884366989
vt 5.221787929534912 -1.5707963705062866
vt 2.356194496154785 0.0020000000949949026
vt -0.0043412805534899235 -0.007544346619397402
vt 0.023641059175133705 -0.007806426379829645
vt 7.8539814949035645 -0.5235987901687622
vt 6.2831854820251465 -1.7763568394002505e-15
vt 3.1415927410125732 -0.007199999876320362
vt 0.2617993950843811 -0.005350000225007534
vt -0.007230380550026894 -0.005419203545898199
vt 1.8124573230743408 -1.5707963705062866
vt -0.0031999999191612005 0.0020000000949949026
vt 3.7457451820373535 -1.121997356414795
vt 1.5707963705062866 -0.03060000017285347
vt 2.094395160675049 -0.03500000014901161
vt 3.1415927410125732 -1.346396803855896
vt -0.002797742374241352 -0.006946498993784189
vt 1.832595705986023 7.9228382706337025e-19
vt 3.9482908248901367 -3.1415927410125732
vt 2.537440299987793 -1.346396803855896
vt 5.497786998748779 0.7853981852531433
vt 1.0613975524902344 -3.1415927410125732
vt 5.235987663269043 -0.673198401927948
vt 2.537440299987793 -0.673198401927948
vt 0.008622012101113796 -0.0023454020265489817
vt 5.221787929534912 -3.1415927410125732
vt -0.0013632206246256828 -0.002095621544867754
vt 2.356194496154785 -3.851859888774472e-34
vt -0.00015932756650727242 0.00299576623365283
vt 4.71238899230957 0.01679999940097332
vt 4.967088222503662 -1.5707963705062866
vt 0.007893274538218975 -0.0022886167280375957
vt 2.7791011333465576 -1.346396803855896
vt 6.544984817504883 -0.0003000000142492354
vt 3.1415927410125732 0.00839999970048666
vt 4.71238899230957 -2.0195953845977783
vt 3.9482908248901367 -2.094395160675049
vt 0.7853981852531433 1.2227112913108244e-18
vt 0.22479204833507538 1.3279417967197938e-18
vt 0.806698203086853 -3.552713678800501e-15
vt 3.987406015396118 -1.5707963705062866
vt 3.9269907474517822 -0.8975979089736938
vt 4.71238899230957 -1.8323339223861694
vt 2.094395160675049 7.9228382706337025e-19
vt 5.773786544799805 -0.009999999776482582
vt -0.019260864704847336 0.017315573990345
vt 1.7951958179473877 -7.025630077706069e-17
vt 1.3089969158172607 -0.03500000014901161
vt 5.759586334228516 -0.8975979089736938
vt 4.189117431640625 -8.881784197001252e-16
vt -0.0023770423140376806 0.0007743833120912313
vt 4.461733341217041 -0.0020000000949949026
vt 1.8323339223861694 -8.131516293641283e-17
vt 3.4033920764923096 1.2227112913108244e-18
vt 3.262423038482666 -1.121997356414795
vt 2.8999316692352295 0.005900000222027302
vt 4.71238899230957 1.0471975803375244
vt 6.284095764160156 -0.02963067591190338
vt -0.0022283943835645914 -0.0011332511203363538
vt -0.011745035648345947 -0.004578845109790564
vt 3.9269907474517822 0.05714999884366989
vt -2.6645352591003757e-15 -0.03336787968873978
vt 3.425386667251587 -0.029650000855326653
vt 6.645676612854004 -8.881784197001252e-16
vt -0.013266529887914658 0.003976361360400915
vt 2.692793607711792 3.870147468180837e-17
vt 3.4033920764923096 1.3089969158172607
vt 0.0 -0.029650000855326653
vt 5.235987663269043 -0.03280000016093254
vt 6.645676612854004 -0.5235987901687622
vt 3.9482908248901367 -2.356194496154785
vt 0.0018964497139677405 -0.010000113397836685
vt 0.806698203086853 -1.121997356414795
vt 4.71238899230957 -1.2037062152420224e-34
vt 2.0541181564331055 -0.8975979089736938
vt 7.8539814949035645 -0.7853981852531433
vt 2.4093286991119385 -0.03280000016093254
vt 2.094395160675049 -3.0357660829594124e-18
vt 0.2617993950843811 -4.81482486096809e-35
vt 4.71238899230957 -2.8800551891326904
vt 3.9269907474517822 0.5235987901687622
vt 0.002095621544867754 0.0013632206246256828
vt 4.71238899230957 -0.029650000855326653
vt -0.020872052758932114 0.019199078902602196
vt 5.497786998748779 -0.22439947724342346
vt 1.3089969158172607 2.233456475320139e-17
vt 0.10959425568580627 -0.004749999847263098
vt 6.02138614654541 0.2617993950843811
vt 1.5707963705062866 -8.881784197001252e-16
vt -0.009237258695065975 -0.019062742590904236
vt 5.731186389923096 2.930988785010413e-14
vt 5.195711135864258 -0.2617993950843811
vt 5.759586334228516 -0.0020000000949949026
vt 4.973964214324951 -8.881784197001252e-16
vt -0.022829895839095116 0.007445524912327528
vt 0.004578845109790564 0.011745035648345947
vt 5.759586334228516 -0.0003000000142492354
vt 3.4033920764923096 0.02954999916255474
vt 0.10959425568580627 -0.007249999791383743
vt 4.71238899230957 0.005450000055134296
vt 0.16128075122833252 -0.0047607868909835815
vt 0.7853981852531433 -3.0357660829594124e-18
vt 7.128998756408691 -1.5707963705062866
vt -0.027466898784041405 -0.02783842757344246
vt -0.001859156764112413 0.0016713874647393823
vt -0.0031704490538686514 -0.0031251595355570316
vt 1.825495719909668 -2.692793607711792
vt 1.8323339223861694 -0.01679999940097332
vt 3.1415927410125732 -6.958548377005978e-17
vt 6.2831854820251465 -1.3092588186264038
vt 2.356194496154785 -0.03060000017285347
vt -0.020757067948579788 0.01703707128763199
vt 1.3089969158172607 0.00839999970048666
vt 3.9269907474517822 0.023782119154930115
vt -0.2617993950843811 -0.03500000014901161
vt -0.011749225668609142 0.004094593692570925
vt 4.974188327789307 0.032999999821186066
vt 4.71238899230957 -0.2617993950843811
vt 5.731186389923096 -2.0195953845977783
vt 6.645676612854004 -0.2617993950843811
vt 5.759586334228516 8.881784197001252e-16
vt -0.013756421394646168 0.010911387391388416
vt 0.0023770423140376806 0.0007743833120912313
vt 4.470727920532227 -8.881784197001252e-16
vt 1.825495719909668 -8.881784197001252e-16
vt -0.009100000374019146 0.05115000158548355
vt 0.011212569661438465 -0.00012938545842189342
vt 0.7850663065910339 0.029100000858306885
vt 2.356194496154785 0.00839999970048666
vt -0.0028524508234113455 0.0009292599279433489
vt 3.9269907474517822 8.881784197001252e-16
vt 3.1415927410125732 -1.5707963705062866
vt -0.02896157279610634 -0.029333099722862244
vt 2.652097225189209 -0.00647900952026248
vt 0.2617993950843811 1.2227112913108244e-18
vt 6.2831854820251465 0.8974398970603943
vt -0.01679999940097332 -0.029100000858306885
vt 6.2831854820251465 -0.0003000000142492354
vt -1.7763568394002505e-15 -0.009999999776482582
vt 3.693591594696045 -0.22439947724342346
vt -0.01933579333126545 -0.0052397968247532845
vt 1.8124573230743408 -0.22439947724342346
vt 3.9269907474517822 -3.0357660829594124e-18
vt 3.4033920764923096 -0.029650000855326653
vt -0.013773440383374691 0.005411363672465086
vt 5.476487159729004 -0.4487989544868469
vt 6.2831854820251465 -0.0020000000949949026
vt 1.5707963705062866 -0.673198401927948
vt -0.0005306490929797292 0.0005902639823034406
vt 4.4508514404296875 -0.05714999884366989
vt 2.6179938316345215 -0.005350000225007534
vt -0.009390962310135365 -0.02422822080552578
vt 0.2617993950843811 -1.2037062152420224e-34
vt 0.0013632206246256828 -0.002095621544867754
vt 6.02138614654541 0.002199999988079071
vt -0.0037759363185614347 0.01265130564570427
vt 5.497786998748779 -0.03500000014901161
vt 4.974188327789307 1.3089969158172607
vt 1.7951958179473877 -0.012000000104308128
vt 3.9269907474517822 0.032999999821186066
vt -0.00030194068676792085 -0.005677257664501667
vt 3.9482908248901367 -1.832595705986023
vt 2.5895938873291016 -0.673198401927948
vt -0.009200000204145908 0.05035627633333206
vt 0.00293492479249835 -0.00062146270647645
vt 4.229066848754883 -1.5707963705062866
vt 0.5082964301109314 -0.006323523819446564
vt 5.759586334228516 0.032999999821186066
vt 1.3089969158172607 0.002199999988079071
vt 7.128998756408691 -1.3089969158172607
vt 4.967088222503662 -1.121997356414795
vt -0.013431091792881489 0.010886036790907383
vt 0.004506086464971304 0.0009616919560357928
vt 5.476487159729004 -2.24399471282959
vt 2.6179938316345215 -1.2037062152420224e-34
vt 3.9482908248901367 -0.673198401927948
vt 0.5519988536834717 -1.0471975803375244
vt 0.2120620310306549 -0.004792592488229275
vt 0.0022309881169348955 -0.0020056648645550013
vt 0.0068282210268080235 0.03725903853774071
vt -0.003463922766968608 -0.005842685699462891
vt 3.814790964126587 0.05714999884366989
vt 3.9056906700134277 -0.0020000000949949026
vt 4.188790321350098 -0.0003000000142492354
vt 2.3348944187164307 -2.9171931743621826
vt 1.3160969018936157 -2.692793607711792
vt 0.5235987901687622 -4.81482486096809e-35
vt 1.5707963705062866 -0.22439947724342346
vt -0.017379028722643852 0.01197607908397913
vt -0.0059537505730986595 0.01342061348259449
vt 2.692793607711792 -6.873841773558098e-17
vt 5.497786998748779 -0.005350000225007534
vt 4.974188327789307 -7.427661031230522e-16
vt 3.4033920764923096 -0.03060000017285347
vt 6.2831854820251465 -0.029650000855326653
vt -0.006000000052154064 0.03714999929070473
vt -0.0009012928348965943 -0.016946611925959587
vt -0.013833154924213886 0.005090558435767889
vt 0.806698203086853 -2.9171931743621826
vt 4.2029900550842285 -1.346396803855896
vt 0.5519988536834717 -2.0195953845977783
vt 5.497786998748779 -0.0003000000142492354
vt 4.967088222503662 -0.673198401927948
vt 5.679032802581787 -8.881784197001252e-16
vt 0.673198401927948 -0.03336787968873978
vt -0.006212693173438311 0.012197727337479591
vt 0.005198002327233553 0.0027468136977404356
vt -0.02659096196293831 -0.017628220841288567
vt -0.012249242514371872 0.012200659140944481
vt 2.3348944187164307 -2.4683942794799805
vt 0.0028524508234113455 0.0009292599279433489
vt 3.9269907474517822 -0.22439947724342346
vt 4.450589656829834 8.881784197001252e-16
vt 5.497786998748779 0.5235987901687622
vt 2.879793167114258 -3.0357660829594124e-18
vt 6.162354946136475 -0.2617993950843811
vt 0.005842685699462891 0.003463922766968608
vt 5.759586334228516 -0.22439947724342346
vt 0.0020056648645550013 0.0022309881169348955
vt 5.497786998748779 8.881784197001252e-16
vt 2.094395160675049 -0.029311442747712135
vt 5.920693874359131 -8.881784197001252e-16
vt 2.3774945735931396 -0.009999999776482582
vt 5.497786998748779 -0.0020000000949949026
vt 2.094395160675049 -0.03280000016093254
vt 0.00013277296966407448 0.0024964718613773584
vt -0.014745714142918587 0.012067886069417
vt 3.665191411972046 0.0020000000949949026
vt -0.032999999821186066 -0.023782119154930115
vt 5.731186389923096 -0.673198401927948
vt 1.5707963705062866 -2.356194496154785
vt 0.5235987901687622 -0.03280000016093254
vt 5.759586334228516 -1.121997356414795
vt 3.665454149246216 -8.881784197001252e-16
vt 4.954050064086914 -0.5235987901687622
vt 3.1415927410125732 0.023782119154930115
vt 1.8124573230743408 -1.346396803855896
vt 5.161188125610352 1.5764299587939234e-16
vt 3.9269907474517822 -1.121997356414795
vt -0.028750000521540642 -0.005778718739748001
vt 2.24399471282959 -0.01679999940097332
vt 0.0 0.002199999988079071
vt 0.0040113297291100025 -0.004461976233869791
vt 6.02138614654541 -0.4487989544868469
vt 1.832595705986023 -0.005350000225007534
vt 3.4033920764923096 -1.2037062152420224e-34
vt 5.235987663269043 1.3089969158172607
vt 1.5707963705062866 -2.692793607711792
vt 6.2831854820251465 -0.22439947724342346
vt 0.7853981852531433 0.002199999988079071
vt 0.5235987901687622 -0.03060000017285347
vt 4.229066848754883 -0.4487989544868469
vt 1.0613975524902344 -2.24399471282959
vt 1.0471975803375244 -0.012000000104308128
vt 2.080195188522339 -3.1415927410125732
vt 1.7951958179473877 -0.01679999940097332
vt 1.832595705986023 -0.03280000016093254
vt 1.832595705986023 -1.2037062152420224e-34
vt 3.5040841102600098 -1.5707963705062866
vt -0.005900000222027302 1.6248815420504311e-18
vt 2.6218793392181396 -0.006163808982819319
vt 2.355862617492676 -1.7763568394002505e-15
vt 3.7457451820373535 -0.22439947724342346
vt 3.1415927410125732 0.026599999517202377
vt -0.03157316893339157 -0.02122768573462963
vt -0.002674219897016883 -0.0029746508225798607
vt -0.009090962819755077 0.039521779865026474
vt 5.235987663269043 -0.005350000225007534
vt 4.450589656829834 0.005450000055134296
vt 4.71238899230957 0.02954999916255474
vt 1.3460042476654053 -1.6212978234055758e-17
vt -0.002445770660415292 0.0005178856081329286
vt -0.02137896418571472 0.017764076590538025
vt 3.4033920764923096 -7.427661031230522e-16
vt 3.9269907474517822 -0.029650000855326653
vt 4.229066848754883 -1.346396803855896
vt 6.645676612854004 -1.5707963705062866
vt -0.020397808402776718 -0.004454434383660555
vt 2.094395160675049 0.00839999970048666
vt -0.003425297327339649 -0.01114752609282732
vt 3.693591594696045 -2.356194496154785
vt 0.00012938545842189342 -0.011212569661438465
vt 3.403130292892456 -0.05714999884366989
vt 4.188790321350098 -1.5707963705062866
vt 1.5707963705062866 -1.346396803855896
vt 3.665191411972046 8.881784197001252e-16
vt 1.346396803855896 -0.03336787968873978
vt 1.5707963705062866 -3.1415927410125732
vt 3.272404432296753 -0.005355465691536665
vt 1.9642341136932373 -0.029274268075823784
vt 1.825495719909668 -0.8975979089736938
vt 2.8800551891326904 0.01679999940097332
vt -0.0052397968247532845 -0.01933579333126545
vt 4.450589656829834 -7.9228382706337025e-19
vt 4.974188327789307 -4.81482486096809e-35
vt 4.71238899230957 -2.24399471282959
vt 2.879793167114258 1.2227112913108244e-18
vt -0.01735367812216282 0.011650750413537025
vt 6.2831854820251465 -1.047407627105713
vt -0.00579879293218255 -0.0111931087449193
vt 0.4487989544868469 -0.03336787968873978
vt -0.005350000225007534 -0.03034999966621399
vt 2.080195188522339 -2.4683942794799805
vt 3.0207622051239014 -0.673198401927948
vt 6.2831854820251465 0.032999999821186066
vt 0.0016316091641783714 -0.006601352244615555
vt 6.162354946136475 -8.881784197001252e-16
vt 2.356194496154785 0.0
vt 6.02138614654541 0.0
vt 1.825495719909668 -2.9171931743621826
vt 6.404016017913818 -1.0471975803375244
vt 3.1415927410125732 -0.8975979089736938
vt 6.0284857749938965 -0.0020000000949949026
vt 0.0182926207780838 -0.013755728490650654
vt -0.008728718385100365 -0.018400000408291817
vt -0.0064421785064041615 -0.008154651150107384
vt -0.00062146270647645 0.00293492479249835
vt 3.1415927410125732 1.0471975803375244
vt 0.009090962819755077 0.039521779865026474
vt 1.5707963705062866 -2.24399471282959
vt 4.967088222503662 -0.8975979089736938
vt 5.235777854919434 1.5016200088924236e-16
vt 0.0024964718613773584 0.00013277296966407448
vt 3.9482908248901367 -1.346396803855896
vt 1.0613975524902344 -2.4683942794799805
vt 4.967088222503662 -8.881784197001252e-16
vt -0.011470722034573555 0.005590797867625952
vt 6.2831854820251465 -4.81482486096809e-35
vt 3.5040841102600098 -0.22439947724342346
vt -0.02895186096429825 -0.028354832902550697
vt 1.702221393585205 -0.005772522650659084
vt 0.7853981852531433 -0.029650000855326653
vt 3.693591594696045 -3.1415927410125732
vt 2.8868932723999023 -0.009999999776482582
vt 4.71238899230957 -1.5707963705062866
vt 0.25469937920570374 -0.009999999776482582
vt 5.437371730804443 -1.5707963705062866
vt 1.3089969158172607 -0.005350000225007534
vt 5.497786998748779 -0.8975979089736938
vt 2.679018974304199 -0.0066224317997694016
vt -0.012308957055211067 0.012521464377641678
vt -0.01866830140352249 0.010468901135027409
vt 5.759586334228516 0.0020000000949949026
vt 4.71238899230957 -0.05714999884366989
vt 1.8124573230743408 -0.8975979089736938
vt -0.008550000376999378 -0.027149999514222145
vt 4.188790321350098 0.02954999916255474
vt 2.080195188522339 -2.692793607711792
vt -0.032619114965200424 -0.022319162264466286
vt 2.0195953845977783 -0.01679999940097332
vt 2.080195188522339 -0.22439947724342346
vt 1.3092588186264038 0.03336787968873978
vt 2.5895938873291016 -0.22439947724342346
vt 0.006614786107093096 0.0061555481515824795
vt 0.006946498993784189 0.002797742374241352
vt -0.019803250208497047 0.016962746158242226
vt 4.2029900550842285 -0.673198401927948
vt 2.0941848754882812 -6.635317295611287e-17
vt 0.5235987901687622 -0.005502152256667614
vt -0.006071982905268669 0.011903309263288975
vt -0.0007743833120912313 0.0023770423140376806
vt 4.973926544189453 1.5504091066542713e-16
vt 2.8796920776367188 -0.029577406123280525
vt -0.012325976975262165 0.0038012866862118244
vt 0.7853981852531433 -1.2037062152420224e-34
vt -0.006949999835342169 -0.027578718960285187
vt 4.4508137702941895 0.0
vt 3.987406015396118 -1.121997356414795
vt 3.4033920764923096 -7.9228382706337025e-19
vt 4.188790321350098 -4.81482486096809e-35
vt -0.0020056648645550013 0.0022309881169348955
vt 3.7457451820373535 -1.346396803855896
vt 4.039190769195557 -0.023782119154930115
vt 2.6179938316345215 7.9228382706337025e-19
vt 2.980135202407837 -0.007239139173179865
vt 0.004499065224081278 -2.5759109121281654e-06
vt 0.5235987901687622 -1.2037062152420224e-34
vt -0.020449385046958923 0.016928382217884064
vt -0.004461976233869791 -0.0040113297291100025
vt 1.5707963705062866 0.029100000858306885
vt 2.5895938873291016 -0.4487989544868469
vt 0.010555561631917953 -0.0014213075628504157
vt 1.0471975803375244 -0.03280000016093254
vt 3.2857210587711834e-15 0.00839999970048666
vt 0.008771281689405441 0.038750000298023224
vt 3.1415927410125732 0.7853981852531433
vt 0.2617993950843811 -3.851859888774472e-34
vt -0.029637932777404785 -0.02956976927816868
vt 0.006535334512591362 -0.010261062532663345
vt 2.677438974380493 -0.005375000182539225
vt 2.094395160675049 0.0020000000949949026
vt 6.02138614654541 -1.121997356414795
vt 4.974188327789307 0.0
vt 4.4576897621154785 -0.8975979089736938
vt 0.2617993950843811 0.026599999517202377
vt 1.825495719909668 -0.673198401927948
vt -0.0022309881169348955 -0.0020056648645550013
vt 5.834386348724365 1.448494102440634e-16
vt 1.8327394723892212 0.029100000858306885
vt 0.0016713874647393823 0.001859156764112413
vt 3.1415927410125732 -4.81482486096809e-35
vt 3.0207622051239014 -1.5707963705062866
vt 0.00299576623365283 -0.00015932756650727242
vt 3.1415927410125732 7.427661031230522e-16
vt 4.974188327789307 -0.03500000014901161
vt 0.5519988536834717 -0.7853981852531433
vt 0.2617993950843811 -3.0357660829594124e-18
vt -0.0005178856081329286 -0.002445770660415292
vt 4.188790321350098 -1.121997356414795
vt 2.7457470893859863 -0.005116116721183062
vt 1.3089969158172607 -0.012000000104308128
vt 0.00826274137943983 0.038087259978055954
vt -0.019260315224528313 0.010654588229954243
vt 0.0022116410546004772 -0.009340615011751652
vt 4.188790321350098 0.005450000055134296
vt 2.416609764099121 0.029100000858306885
vt 2.618204116821289 -6.646159317336142e-17
vt 2.5895938873291016 -1.5707963705062866
vt 0.5235987901687622 -0.005350000225007534
vt 3.5040841102600098 -1.346396803855896
vt 0.48949533700942993 -0.005520990584045649
vt 1.0471975803375244 -0.005688557401299477
vt 1.5707963705062866 -0.7853981852531433
vt 4.954050064086914 -8.881784197001252e-16
vt 2.8800551891326904 -0.01679999940097332
vt 4.461733341217041 -2.5704174313942305e-17
vt 6.02138614654541 -0.673198401927948
vt 4.450589656829834 0.032999999821186066
vt -0.00839999970048666 -0.006000000052154064
vt -0.009499999694526196 -0.023399999365210533
vt 4.71238899230957 -0.5235987901687622
vt 4.71238899230957 -0.673198401927948
vt 0.44919317960739136 3.4190559362174963e-18
vt 5.999391078948975 -0.029650000855326653
vt -0.0028524508234113455 -0.0009292599279433489
vt 5.920693874359131 -0.7853981852531433
vt 5.221787929534912 -2.9171931743621826
vt 5.235987663269043 0.002199999988079071
vt -0.013905943371355534 0.01546818483620882
vt 2.3348944187164307 -0.4487989544868469
vt 2.1227951049804688 -0.009999999776482582
vt 4.2029900550842285 -2.356194496154785
vt -0.0008286169613711536 -0.003913233056664467
vt 4.188790321350098 -0.673198401927948
vt 0.5519988536834717 -2.24399471282959
vt 4.188790321350098 1.0471975803375244
vt 5.834386348724365 0.01679999940097332
vt 6.2831854820251465 0.44919317960739136
vt -0.00013199126988183707 -0.0024817739613354206
vt 1.3160969018936157 -0.8975979089736938
vt 4.4576897621154785 -1.346396803855896
vt 0.006728220731019974 0.0477590374648571
vt 4.263589859008789 -0.023782119154930115
vt 0.0022283943835645914 -0.0011332511203363538
vt 0.005642938893288374 0.011063328944146633
vt 0.007806426379829645 -0.023641059175133705
vt 5.235987663269043 -1.346396803855896
vt 3.1415927410125732 0.005900000222027302
vt 0.7853981852531433 -4.81482486096809e-35
vt -0.05714999884366989 -0.005450000055134296
vt 7.612320423126221 -0.2617993950843811
vt 1.5707963705062866 1.973247953923618e-17
vt -0.012843862175941467 0.00624705757945776
vt -0.014427056536078453 0.012969966977834702
vt 2.879793167114258 -1.2037062152420224e-34
vt 6.2831854820251465 -0.673198401927948
vt -0.01067177951335907 -0.019890962168574333
vt 4.229066848754883 -1.121997356414795
vt 4.4508514404296875 0.05714999884366989
vt 1.5707963705062866 -0.005350000225007534
vt 3.9269907474517822 1.2227112913108244e-18
vt 6.02138614654541 -4.81482486096809e-35
vt 4.188790321350098 0.0020000000949949026
vt 3.1415927410125732 -0.03500000014901161
vt 0.5235987901687622 0.026599999517202377
vt 5.759586334228516 1.3089969158172607
vt 3.7457451820373535 -0.673198401927948
vt 2.6179938316345215 0.0020000000949949026
vt 1.5707963705062866 0.026599999517202377
vt 6.2831854820251465 -8.881784197001252e-16
vt 2.5759109121281654e-06 -0.004499065224081278
vt 3.4033920764923096 1.5707963705062866
vt 5.235987663269043 0.2617993950843811
usemtl Cod_Gray
f 946/1 1226/2 940/3
f 1226/2 1249/4 940/3
f 940/3 1249/4 948/5
f 1249/4 1248/6 948/5
f 948/5 1248/6 945/7
f 1248/6 1247/8 945/7
f 945/7 1247/8 938/9
f 1247/8 1246/10 938/9
f 938/9 1246/10 939/11
f 1246/10 1245/12 939/11
f 939/11 1245/12 947/13
f 1245/12 1244/14 947/13
f 947/13 1244/14 937/15
f 1244/14 1243/16 937/15
f 937/15 1243/16 943/17
f 1243/16 1242/18 943/17
f 943/17 1242/18 944/19
f 1242/18 1240/20 944/19
f 944/19 1240/20 942/21
f 1240/20 1241/22 942/21
f 942/21 1241/22 936/23
f 1241/22 1239/24 936/23
f 936/23 1239/24 941/25
f 1239/24 1238/26 941/25
f 941/25 1238/26 935/27
f 1238/26 1237/28 935/27
f 935/27 1237/28 932/29
f 1237/28 1236/30 932/29
f 932/29 1236/30 931/31
f 1236/30 1235/32 931/31
f 931/31 1235/32 930/33
f 1235/32 1234/34 930/33
f 930/33 1234/34 925/35
f 1234/34 1233/36 925/35
f 925/35 1233/36 924/37
f 1233/36 1232/38 924/37
f 924/37 1232/38 929/39
f 1232/38 1231/40 929/39
f 929/39 1231/40 928/41
f 1231/40 1230/42 928/41
f 928/41 1230/42 927/43
f 1230/42 1229/44 927/43
f 927/43 1229/44 926/45
f 1229/44 1228/46 926/45
f 926/45 1228/46 934/47
f 1228/46 1227/48 934/47
f 934/47 1227/48 933/49
f 1227/48 1225/50 933/49
f 933/49 1225/50 946/51
f 1225/50 1226/52 946/51
f 644/53 537/54 667/55
f 537/54 554/56 667/55
f 667/55 554/56 666/57
f 554/56 538/58 666/57
f 666/57 538/58 665/59
f 538/58 541/60 665/59
f 665/59 541/60 664/61
f 541/60 506/62 664/61
f 664/61 506/62 663/63
f 506/62 492/64 663/63
f 663/63 492/64 662/65
f 492/64 491/66 662/65
f 662/65 491/66 661/67
f 491/66 497/68 661/67
f 661/67 497/68 660/69
f 497/68 513/70 660/69
f 660/69 513/70 659/71
f 513/70 509/72 659/71
f 659/71 509/72 658/73
f 509/72 499/74 658/73
f 658/73 499/74 657/75
f 499/74 498/76 657/75
f 657/75 498/76 656/77
f 498/76 510/78 656/77
f 656/77 510/78 655/79
f 510/78 500/80 655/79
f 655/79 500/80 654/81
f 500/80 501/82 654/81
f 654/81 501/82 653/83
f 501/82 511/84 653/83
f 653/83 511/84 652/85
f 511/84 502/86 652/85
f 652/85 502/86 651/87
f 502/86 494/88 651/87
f 651/87 494/88 650/89
f 494/88 495/90 650/89
f 650/89 495/90 649/91
f 495/90 514/92 649/91
f 649/91 514/92 648/93
f 514/92 515/94 648/93
f 648/93 515/94 647/95
f 515/94 520/96 647/95
f 647/95 520/96 646/97
f 520/96 526/98 646/97
f 646/97 526/98 645/99
f 526/98 527/100 645/99
f 645/99 527/100 644/101
f 527/100 537/102 644/101
f 1251/103 1094/104 1252/105
f 1094/104 1095/106 1252/105
f 1252/105 1095/106 1253/107
f 1095/106 1099/108 1253/107
f 1253/107 1099/108 1254/109
f 1099/108 1102/110 1254/109
f 1254/109 1102/110 1255/111
f 1102/110 1103/112 1255/111
f 1255/111 1103/112 1256/113
f 1103/112 1105/114 1256/113
f 1256/113 1105/114 1257/115
f 1105/114 1104/116 1257/115
f 1257/115 1104/116 1258/117
f 1104/116 1109/118 1258/117
f 1258/117 1109/118 1259/119
f 1109/118 1110/120 1259/119
f 1259/119 1110/120 1260/121
f 1110/120 1124/122 1260/121
f 1260/121 1124/122 1261/123
f 1124/122 1125/124 1261/123
f 1261/123 1125/124 1262/125
f 1125/124 1127/126 1262/125
f 1262/125 1127/126 1263/127
f 1127/126 1097/128 1263/127
f 1263/127 1097/128 1264/129
f 1097/128 1096/130 1264/129
f 1264/129 1096/130 1265/131
f 1096/130 1115/132 1265/131
f 1265/131 1115/132 1266/133
f 1115/132 1117/134 1266/133
f 1266/133 1117/134 1267/135
f 1117/134 1116/136 1267/135
f 1267/135 1116/136 1268/137
f 1116/136 1111/138 1268/137
f 1268/137 1111/138 1269/139
f 1111/138 1118/140 1269/139
f 1269/139 1118/140 1270/141
f 1118/140 1120/142 1270/141
f 1270/141 1120/142 1271/143
f 1120/142 1119/144 1271/143
f 1271/143 1119/144 1272/145
f 1119/144 1122/146 1272/145
f 1272/145 1122/146 1273/147
f 1122/146 1121/148 1273/147
f 1273/147 1121/148 1274/149
f 1121/148 1128/150 1274/149
f 1274/149 1128/150 1251/151
f 1128/150 1094/152 1251/151
f 14/103 27/153 15/105
f 27/153 28/154 15/105
f 15/105 28/154 16/107
f 28/154 29/155 16/107
f 16/107 29/155 17/109
f 29/155 30/156 17/109
f 17/109 30/156 18/111
f 30/156 31/157 18/111
f 18/111 31/157 19/113
f 31/157 32/158 19/113
f 19/113 32/158 20/115
f 32/158 33/159 20/115
f 20/115 33/159 21/117
f 33/159 34/160 21/117
f 21/117 34/160 22/119
f 34/160 35/161 22/119
f 22/119 35/161 23/121
f 35/161 36/162 23/121
f 23/121 36/162 24/123
f 36/162 37/163 24/123
f 24/123 37/163 1/125
f 37/163 38/164 1/125
f 1/125 38/164 2/127
f 38/164 39/165 2/127
f 2/127 39/165 3/129
f 39/165 40/166 3/129
f 3/129 40/166 4/131
f 40/166 41/167 4/131
f 4/131 41/167 5/133
f 41/167 42/168 5/133
f 5/133 42/168 6/135
f 42/168 43/169 6/135
f 6/135 43/169 7/137
f 43/169 44/170 7/137
f 7/137 44/170 8/139
f 44/170 45/171 8/139
f 8/139 45/171 9/141
f 45/171 46/172 9/141
f 9/141 46/172 10/143
f 46/172 47/173 10/143
f 10/143 47/173 11/145
f 47/173 48/174 11/145
f 11/145 48/174 12/147
f 48/174 49/175 12/147
f 12/147 49/175 13/149
f 49/175 26/176 13/149
f 13/149 26/176 14/151
f 26/176 27/177 14/151
f 518/178 564/179 531/180
f 564/179 586/181 531/180
f 531/180 586/181 528/182
f 586/181 585/183 528/182
f 528/182 585/183 529/184
f 585/183 584/185 529/184
f 529/184 584/185 521/186
f 584/185 583/187 521/186
f 521/186 583/187 516/188
f 583/187 582/189 516/188
f 516/188 582/189 517/190
f 582/189 581/191 517/190
f 517/190 581/191 503/192
f 581/191 580/193 503/192
f 503/192 580/193 545/194
f 580/193 579/195 545/194
f 545/194 579/195 546/196
f 579/195 578/197 546/196
f 546/196 578/197 555/198
f 578/197 577/199 555/198
f 555/198 577/199 556/200
f 577/199 576/201 556/200
f 556/200 576/201 544/202
f 576/201 575/203 544/202
f 544/202 575/203 542/204
f 575/203 574/205 542/204
f 542/204 574/205 543/206
f 574/205 573/207 543/206
f 543/206 573/207 507/208
f 573/207 572/209 507/208
f 507/208 572/209 508/210
f 572/209 571/211 508/210
f 508/210 571/211 493/212
f 571/211 570/213 493/212
f 493/212 570/213 496/214
f 570/213 569/215 496/214
f 496/214 569/215 505/216
f 569/215 568/217 505/216
f 505/216 568/217 539/218
f 568/217 567/219 539/218
f 539/218 567/219 540/220
f 567/219 566/221 540/220
f 540/220 566/221 560/222
f 566/221 565/223 560/222
f 560/222 565/223 559/224
f 565/223 563/225 559/224
f 559/224 563/225 518/226
f 563/225 564/227 518/226
f 746/228 768/229 744/230
f 768/229 790/231 744/230
f 744/230 790/231 741/232
f 790/231 789/233 741/232
f 741/232 789/233 742/234
f 789/233 788/235 742/234
f 742/234 788/235 749/236
f 788/235 787/237 749/236
f 749/236 787/237 743/238
f 787/237 786/239 743/238
f 743/238 786/239 747/240
f 786/239 785/241 747/240
f 747/240 785/241 748/242
f 785/241 784/243 748/242
f 748/242 784/243 754/244
f 784/243 783/245 754/244
f 754/244 783/245 755/246
f 783/245 782/247 755/246
f 755/246 782/247 759/248
f 782/247 781/249 759/248
f 759/248 781/249 760/250
f 781/249 780/251 760/250
f 760/250 780/251 753/252
f 780/251 779/253 753/252
f 753/252 779/253 751/254
f 779/253 778/255 751/254
f 751/254 778/255 752/256
f 778/255 777/257 752/256
f 752/256 777/257 764/258
f 777/257 776/259 764/258
f 764/258 776/259 765/260
f 776/259 775/261 765/260
f 765/260 775/261 763/262
f 775/261 774/263 763/262
f 763/262 774/263 758/264
f 774/263 773/265 758/264
f 758/264 773/265 766/266
f 773/265 772/267 766/266
f 766/266 772/267 761/268
f 772/267 771/269 761/268
f 761/268 771/269 762/270
f 771/269 770/271 762/270
f 762/270 770/271 756/272
f 770/271 769/273 756/272
f 756/272 769/273 757/274
f 769/273 767/275 757/274
f 757/274 767/275 746/276
f 767/275 768/277 746/276
f 709/278 738/279 740/256
f 740/256 738/279 739/258
f 738/279 736/280 739/258
f 739/258 736/280 737/260
f 736/280 734/281 737/260
f 737/260 734/281 735/262
f 734/281 732/282 735/262
f 735/262 732/282 733/264
f 732/282 730/283 733/264
f 733/264 730/283 731/266
f 730/283 728/284 731/266
f 731/266 728/284 729/268
f 728/284 726/285 729/268
f 729/268 726/285 727/270
f 726/285 724/286 727/270
f 727/270 724/286 725/272
f 724/286 723/287 725/272
f 725/272 723/287 683/288
f 723/287 722/289 683/288
f 683/288 722/289 684/290
f 684/290 722/289 682/291
f 722/289 721/292 682/291
f 682/291 721/292 680/293
f 680/294 721/295 678/296
f 721/295 719/297 678/296
f 678/296 719/297 679/298
f 679/298 719/297 690/299
f 719/297 720/300 690/299
f 690/299 720/300 691/301
f 720/300 718/302 691/301
f 691/301 718/302 689/303
f 718/302 717/304 689/303
f 689/303 717/304 685/305
f 685/305 717/304 686/306
f 717/304 716/307 686/306
f 686/306 716/307 687/308
f 687/308 716/307 688/309
f 716/307 715/310 688/309
f 688/309 715/310 675/311
f 675/311 715/310 698/312
f 715/310 713/313 698/312
f 698/312 713/313 696/314
f 696/314 713/313 697/315
f 713/313 714/316 697/315
f 697/315 714/316 699/317
f 714/316 712/318 699/317
f 699/317 712/318 695/319
f 712/318 711/320 695/319
f 695/319 711/320 694/321
f 710/322 708/323 706/324
f 706/324 703/325 710/322
f 703/325 705/326 710/322
f 710/322 705/326 711/320
f 705/326 704/327 711/320
f 711/320 704/327 694/321
f 740/256 707/328 709/278
f 707/328 702/329 709/278
f 709/278 702/329 708/323
f 702/329 701/330 708/323
f 708/323 701/330 706/324
f 603/331 605/332 533/180
f 512/202 626/333 625/334
f 512/202 625/334 504/204
f 626/333 512/202 623/335
f 512/202 523/200 623/335
f 623/335 523/200 624/336
f 624/336 523/200 622/337
f 523/200 522/198 622/337
f 622/337 522/198 621/338
f 522/198 562/196 621/338
f 621/338 562/196 620/339
f 620/339 562/196 618/340
f 562/196 561/194 618/340
f 618/340 561/194 619/341
f 619/341 561/194 616/342
f 561/194 558/192 616/342
f 616/342 558/192 617/343
f 617/343 558/192 614/344
f 558/192 557/190 614/344
f 614/344 557/190 615/345
f 615/345 557/190 612/346
f 557/190 524/188 612/346
f 612/346 524/188 613/347
f 613/347 524/188 610/348
f 524/188 532/186 610/348
f 610/348 532/186 611/349
f 611/349 532/186 609/350
f 532/186 548/184 609/350
f 609/350 548/184 608/351
f 548/184 534/182 608/351
f 608/351 534/182 607/352
f 533/180 605/332 534/182
f 605/332 606/353 534/182
f 534/182 606/353 607/352
f 535/354 519/355 600/356
f 600/357 601/358 535/226
f 601/358 604/359 535/226
f 535/226 604/359 533/360
f 604/359 602/361 533/360
f 533/360 602/361 603/362
f 625/334 627/363 504/204
f 627/363 595/364 504/204
f 504/204 595/364 530/206
f 595/364 591/207 530/206
f 530/206 591/207 547/208
f 591/207 590/209 547/208
f 547/208 590/209 553/210
f 590/209 592/211 553/210
f 553/210 592/211 551/212
f 592/211 589/213 551/212
f 551/212 589/213 552/214
f 589/213 588/215 552/214
f 552/214 588/215 536/216
f 588/215 587/217 536/216
f 536/216 587/217 549/218
f 587/217 599/219 549/218
f 549/218 599/219 550/220
f 599/219 598/221 550/220
f 550/220 598/221 525/222
f 598/221 594/223 525/222
f 525/222 594/223 519/224
f 594/223 597/365 519/224
f 519/224 597/365 600/357
f 1061/366 1060/367 1152/368
f 1060/367 1059/369 1153/370
f 1059/369 1058/371 1154/372
f 1058/371 1057/373 1155/374
f 1057/373 1056/375 1156/376
f 1056/375 1055/377 1150/378
f 1056/375 1150/378 1156/376
f 1150/378 1149/379 1156/376
f 1156/376 1149/379 1157/380
f 1149/379 1148/381 1157/380
f 1148/381 1147/382 1157/380
f 1157/380 1147/382 1158/383
f 1147/382 1146/384 1158/383
f 1146/384 1145/385 1158/383
f 1158/383 1145/385 1159/386
f 1145/385 1144/387 1159/386
f 1144/387 1143/388 1159/386
f 1159/386 1143/388 1160/389
f 1143/388 1142/390 1160/389
f 1142/390 1141/391 1160/389
f 1160/389 1141/391 1161/392
f 1141/391 1140/393 1161/392
f 1140/393 1139/394 1161/392
f 1161/392 1139/394 1162/395
f 1139/394 1137/396 1162/395
f 1162/395 1137/396 1163/397
f 1137/396 1138/398 1163/397
f 1138/398 1135/399 1163/397
f 1163/397 1135/399 1164/400
f 1135/399 1136/401 1164/400
f 1136/401 1133/402 1164/400
f 1164/400 1133/402 1165/403
f 1133/402 1134/404 1165/403
f 1134/404 1132/405 1165/403
f 1132/405 1131/406 1165/403
f 1165/403 1131/406 1166/407
f 1131/406 1130/408 1166/407
f 1130/408 1129/409 1166/407
f 1166/407 1129/409 1167/410
f 1129/409 1151/411 1167/410
f 1151/411 1086/412 1167/410
f 1167/410 1086/412 1087/413
f 1057/373 1156/376 1155/374
f 1156/376 1157/380 1155/374
f 1155/374 1157/380 1168/414
f 1157/380 1158/383 1168/414
f 1168/414 1158/383 1169/415
f 1158/383 1159/386 1169/415
f 1169/415 1159/386 1170/416
f 1159/386 1160/389 1170/416
f 1170/416 1160/389 1171/417
f 1160/389 1161/392 1171/417
f 1171/417 1161/392 1172/418
f 1161/392 1162/395 1172/418
f 1172/418 1162/395 1173/419
f 1162/395 1163/397 1173/419
f 1173/419 1163/397 1174/420
f 1163/397 1164/400 1174/420
f 1174/420 1164/400 1175/421
f 1164/400 1165/403 1175/421
f 1175/421 1165/403 1176/422
f 1165/403 1166/407 1176/422
f 1176/422 1166/407 1177/423
f 1166/407 1167/410 1177/423
f 1177/423 1167/410 1178/424
f 1167/410 1087/413 1178/424
f 1178/424 1087/413 1088/425
f 1058/371 1155/374 1154/372
f 1155/374 1168/414 1154/372
f 1154/372 1168/414 1179/426
f 1168/414 1169/415 1179/426
f 1179/426 1169/415 1180/427
f 1169/415 1170/416 1180/427
f 1180/427 1170/416 1181/428
f 1170/416 1171/417 1181/428
f 1181/428 1171/417 1182/429
f 1171/417 1172/418 1182/429
f 1182/429 1172/418 1183/430
f 1172/418 1173/419 1183/430
f 1183/430 1173/419 1184/431
f 1173/419 1174/420 1184/431
f 1184/431 1174/420 1185/432
f 1174/420 1175/421 1185/432
f 1185/432 1175/421 1186/433
f 1175/421 1176/422 1186/433
f 1186/433 1176/422 1187/434
f 1176/422 1177/423 1187/434
f 1187/434 1177/423 1188/435
f 1177/423 1178/424 1188/435
f 1188/435 1178/424 1189/436
f 1178/424 1088/425 1189/436
f 1189/436 1088/425 1089/437
f 1059/369 1154/372 1153/370
f 1154/372 1179/426 1153/370
f 1153/370 1179/426 1190/438
f 1179/426 1180/427 1190/438
f 1190/438 1180/427 1191/439
f 1180/427 1181/428 1191/439
f 1191/439 1181/428 1192/440
f 1181/428 1182/429 1192/440
f 1192/440 1182/429 1193/441
f 1182/429 1183/430 1193/441
f 1193/441 1183/430 1194/442
f 1183/430 1184/431 1194/442
f 1194/442 1184/431 1195/443
f 1184/431 1185/432 1195/443
f 1195/443 1185/432 1196/444
f 1185/432 1186/433 1196/444
f 1196/444 1186/433 1197/445
f 1186/433 1187/434 1197/445
f 1197/445 1187/434 1198/446
f 1187/434 1188/435 1198/446
f 1198/446 1188/435 1199/447
f 1188/435 1189/436 1199/447
f 1199/447 1189/436 1200/448
f 1189/436 1089/437 1200/448
f 1200/448 1089/437 1090/449
f 1060/367 1153/370 1152/368
f 1153/370 1190/438 1152/368
f 1152/368 1190/438 1201/450
f 1190/438 1191/439 1201/450
f 1201/450 1191/439 1202/451
f 1191/439 1192/440 1202/451
f 1202/451 1192/440 1203/452
f 1192/440 1193/441 1203/452
f 1203/452 1193/441 1204/453
f 1193/441 1194/442 1204/453
f 1204/453 1194/442 1205/454
f 1194/442 1195/443 1205/454
f 1205/454 1195/443 1206/455
f 1195/443 1196/444 1206/455
f 1206/455 1196/444 1207/456
f 1196/444 1197/445 1207/456
f 1207/456 1197/445 1208/457
f 1197/445 1198/446 1208/457
f 1208/457 1198/446 1209/458
f 1198/446 1199/447 1209/458
f 1209/458 1199/447 1210/459
f 1199/447 1200/448 1210/459
f 1210/459 1200/448 1211/460
f 1200/448 1090/449 1211/460
f 1211/460 1090/449 1091/461
f 1061/366 1152/368 1093/462
f 1152/368 1201/450 1093/462
f 1093/462 1201/450 1098/463
f 1201/450 1202/451 1098/463
f 1098/463 1202/451 1100/464
f 1202/451 1203/452 1100/464
f 1100/464 1203/452 1101/465
f 1203/452 1204/453 1101/465
f 1101/465 1204/453 1112/466
f 1204/453 1205/454 1112/466
f 1112/466 1205/454 1113/467
f 1205/454 1206/455 1113/467
f 1113/467 1206/455 1106/468
f 1206/455 1207/456 1106/468
f 1106/468 1207/456 1107/469
f 1207/456 1208/457 1107/469
f 1107/469 1208/457 1108/470
f 1208/457 1209/458 1108/470
f 1108/470 1209/458 1114/471
f 1209/458 1210/459 1114/471
f 1114/471 1210/459 1123/472
f 1210/459 1211/460 1123/472
f 1123/472 1211/460 1126/473
f 1211/460 1091/461 1126/473
f 1126/473 1091/461 1092/474
f 710/475 711/476 923/477
f 711/476 712/478 923/477
f 923/477 712/478 714/479
f 716/480 910/481 715/482
f 910/481 923/477 715/482
f 715/482 923/477 713/483
f 923/477 714/479 713/483
f 716/480 717/484 910/481
f 717/484 718/485 910/481
f 910/481 718/485 720/486
f 720/486 719/487 910/481
f 719/487 721/488 910/481
f 910/481 721/488 722/489
f 783/490 726/491 782/492
f 726/491 781/493 782/492
f 789/494 910/481 788/495
f 910/481 722/489 788/495
f 788/495 722/489 723/496
f 940/497 769/498 770/499
f 833/500 774/501 775/502
f 783/490 784/503 726/491
f 784/503 785/504 726/491
f 726/491 785/504 724/505
f 785/504 786/506 724/505
f 724/505 786/506 723/496
f 786/506 787/507 723/496
f 723/496 787/507 788/495
f 937/508 943/509 910/481
f 943/509 944/510 910/481
f 770/499 771/511 940/497
f 771/511 772/512 940/497
f 940/497 772/512 833/500
f 772/512 773/513 833/500
f 833/500 773/513 774/501
f 736/514 833/500 734/515
f 833/500 732/516 734/515
f 940/497 948/517 769/498
f 948/517 945/518 769/498
f 769/498 945/518 767/519
f 945/518 938/520 767/519
f 767/519 938/520 939/521
f 789/494 790/522 910/481
f 790/522 768/523 910/481
f 910/481 768/523 937/508
f 768/523 767/519 937/508
f 937/508 767/519 947/524
f 767/519 939/521 947/524
f 944/510 942/525 910/481
f 942/525 936/526 910/481
f 910/481 936/526 847/527
f 736/514 738/528 833/500
f 738/528 709/529 833/500
f 833/500 709/529 923/477
f 709/529 708/530 923/477
f 923/477 708/530 710/475
f 775/502 776/531 833/500
f 776/531 777/532 833/500
f 833/500 777/532 778/533
f 781/493 726/491 780/534
f 726/491 728/535 780/534
f 780/534 728/535 730/536
f 778/533 779/537 833/500
f 779/537 780/534 833/500
f 833/500 780/534 732/516
f 780/534 730/536 732/516
f 936/526 941/538 847/527
f 941/538 935/539 847/527
f 847/527 935/539 844/540
f 935/539 932/541 844/540
f 844/540 932/541 843/542
f 932/541 931/543 843/542
f 843/542 931/543 842/544
f 931/543 930/545 842/544
f 842/544 930/545 841/546
f 930/545 925/547 841/546
f 841/546 925/547 840/548
f 925/547 924/549 840/548
f 840/548 924/549 839/550
f 924/549 929/551 839/550
f 839/550 929/551 838/552
f 929/551 928/553 838/552
f 838/552 928/553 837/554
f 928/553 927/555 837/554
f 837/554 927/555 836/556
f 927/555 926/557 836/556
f 836/556 926/557 835/558
f 926/557 934/559 835/558
f 835/558 934/559 834/560
f 934/559 933/561 834/560
f 834/560 933/561 833/500
f 933/561 946/562 833/500
f 833/500 946/562 940/497
f 1314/563 1313/564 1325/565
f 1313/564 1324/566 1325/565
f 1309/567 1308/568 1311/569
f 1308/568 1310/570 1311/569
f 1339/571 1328/572 1338/573
f 1328/572 1329/574 1338/573
f 818/575 805/576 798/577
f 818/575 798/577 817/578
f 798/577 804/579 817/578
f 817/578 804/579 816/580
f 804/579 795/581 816/580
f 816/580 795/581 815/582
f 795/581 794/583 815/582
f 815/582 794/583 814/584
f 794/583 797/585 814/584
f 814/584 797/585 813/586
f 797/585 796/587 813/586
f 813/586 796/587 812/588
f 796/587 793/589 812/588
f 812/588 793/589 811/590
f 793/589 800/591 811/590
f 811/590 800/591 810/592
f 800/591 799/593 810/592
f 810/592 799/593 809/594
f 799/593 801/595 809/594
f 809/594 801/595 808/596
f 801/595 803/597 808/596
f 808/596 803/597 807/598
f 803/597 802/599 807/598
f 807/598 802/599 806/600
f 1055/601 1224/602 1150/603
f 1224/602 1223/604 1150/603
f 1150/603 1223/604 1149/605
f 1149/605 1223/604 1148/606
f 1223/604 1222/607 1148/606
f 1148/606 1222/607 1147/608
f 1147/608 1222/607 1146/609
f 1222/607 1221/610 1146/609
f 1146/609 1221/610 1145/611
f 1145/611 1221/610 1144/612
f 1221/610 1220/613 1144/612
f 1144/612 1220/613 1143/614
f 1143/614 1220/613 1142/615
f 1220/613 1219/616 1142/615
f 1142/615 1219/616 1141/617
f 1141/617 1219/616 1140/618
f 1219/616 1218/619 1140/618
f 1140/618 1218/619 1139/620
f 1139/620 1218/619 1137/621
f 1218/619 1217/622 1137/621
f 1137/621 1217/622 1138/623
f 1138/623 1217/622 1135/624
f 1217/622 1216/625 1135/624
f 1135/624 1216/625 1136/626
f 1136/626 1216/625 1133/627
f 1216/625 1215/628 1133/627
f 1133/627 1215/628 1134/629
f 1134/629 1215/628 1132/630
f 1215/628 1214/631 1132/630
f 1132/630 1214/631 1131/632
f 1131/632 1214/631 1130/633
f 1214/631 1212/634 1130/633
f 1130/633 1212/634 1129/635
f 1129/635 1212/634 1151/636
f 1212/634 1213/637 1151/636
f 1151/636 1213/637 1086/638
f 558/483 561/479 326/477
f 561/479 562/478 326/477
f 326/477 562/478 522/476
f 546/492 555/493 326/477
f 276/481 339/527 518/523
f 339/527 559/519 518/523
f 551/516 531/522 553/515
f 531/522 547/514 553/515
f 542/533 384/500 544/537
f 384/500 326/477 544/537
f 544/537 326/477 556/534
f 326/477 555/493 556/534
f 539/511 540/499 339/527
f 540/499 560/498 339/527
f 339/527 560/498 559/519
f 541/518 538/517 507/531
f 538/517 384/500 507/531
f 507/531 384/500 543/532
f 384/500 542/533 543/532
f 551/516 552/536 531/522
f 552/536 536/535 531/522
f 531/522 536/535 518/523
f 536/535 549/491 518/523
f 518/523 549/491 550/505
f 548/485 276/481 534/486
f 276/481 533/487 534/486
f 547/514 531/522 530/528
f 531/522 528/494 530/528
f 530/528 528/494 504/529
f 548/485 532/484 276/481
f 532/484 524/480 276/481
f 276/481 524/480 326/477
f 524/480 557/482 326/477
f 326/477 557/482 558/483
f 528/494 529/495 504/529
f 529/495 521/507 504/529
f 504/529 521/507 516/506
f 550/505 525/496 518/523
f 525/496 519/489 518/523
f 518/523 519/489 276/481
f 519/489 535/488 276/481
f 276/481 535/488 533/487
f 522/476 523/475 326/477
f 523/475 512/530 326/477
f 326/477 512/530 504/529
f 505/512 499/526 509/510
f 541/518 507/531 506/520
f 507/531 508/502 506/520
f 506/520 508/502 493/501
f 516/506 517/504 504/529
f 517/504 503/503 504/529
f 504/529 503/503 326/477
f 503/503 545/490 326/477
f 326/477 545/490 546/492
f 498/538 499/526 339/527
f 499/526 505/512 339/527
f 339/527 505/512 539/511
f 538/517 554/497 384/500
f 554/497 537/562 384/500
f 384/500 537/562 386/560
f 537/562 527/561 386/560
f 386/560 527/561 387/558
f 527/561 526/559 387/558
f 387/558 526/559 388/556
f 526/559 520/557 388/556
f 388/556 520/557 389/554
f 520/557 515/555 389/554
f 389/554 515/555 390/552
f 515/555 514/553 390/552
f 390/552 514/553 391/550
f 514/553 495/551 391/550
f 391/550 495/551 392/548
f 495/551 494/549 392/548
f 392/548 494/549 393/546
f 494/549 502/547 393/546
f 393/546 502/547 394/544
f 502/547 511/545 394/544
f 394/544 511/545 395/542
f 511/545 501/543 395/542
f 395/542 501/543 396/540
f 501/543 500/541 396/540
f 396/540 500/541 339/527
f 500/541 510/539 339/527
f 339/527 510/539 498/538
f 509/510 513/509 505/512
f 513/509 497/508 505/512
f 505/512 497/508 496/513
f 497/508 491/524 496/513
f 496/513 491/524 493/501
f 491/524 492/521 493/501
f 493/501 492/521 506/520
f 486/639 375/640 397/641
f 486/639 397/641 485/642
f 397/641 398/643 485/642
f 485/642 398/643 484/644
f 398/643 399/645 484/644
f 484/644 399/645 483/646
f 399/645 400/647 483/646
f 483/646 400/647 482/648
f 400/647 401/649 482/648
f 482/648 401/649 481/650
f 401/649 402/651 481/650
f 481/650 402/651 480/652
f 402/651 403/653 480/652
f 480/652 403/653 479/654
f 403/653 404/655 479/654
f 479/654 404/655 478/656
f 404/655 405/657 478/656
f 478/656 405/657 477/658
f 405/657 406/659 477/658
f 477/658 406/659 476/660
f 406/659 407/661 476/660
f 476/660 407/661 475/662
f 407/661 327/663 475/662
f 475/662 327/663 474/664
f 1305/665 1224/666 1055/667
f 802/668 792/669 806/670
f 792/669 745/671 806/670
f 806/670 745/671 903/672
f 745/671 681/673 903/672
f 903/672 681/673 677/674
f 488/675 474/676 327/677
f 1002/678 1003/679 1330/680
f 1003/679 960/681 1330/680
f 1330/680 960/681 1331/682
f 960/681 1327/683 1331/682
f 1002/678 1330/680 1001/684
f 1330/680 1332/685 1001/684
f 1001/684 1332/685 1000/686
f 1332/685 1329/687 1000/686
f 1000/686 1329/687 1055/667
f 1329/687 1328/688 1055/667
f 1055/667 1328/688 1305/665
f 677/674 676/689 903/672
f 676/689 674/690 903/672
f 903/672 674/690 957/691
f 674/690 673/692 957/691
f 957/691 673/692 958/693
f 673/692 959/694 958/693
f 261/695 1320/696 1318/697
f 241/698 1306/699 87/700
f 1306/699 1309/701 87/700
f 87/700 1309/701 186/702
f 1309/701 1311/703 186/702
f 186/702 1311/703 210/704
f 1311/703 1323/705 210/704
f 210/704 1323/705 209/706
f 1323/705 1322/707 209/706
f 209/706 1322/707 208/708
f 1322/707 207/709 208/708
f 261/695 260/710 1320/696
f 260/710 259/711 1320/696
f 1320/696 259/711 1322/707
f 259/711 258/712 1322/707
f 1322/707 258/712 207/709
f 634/713 632/714 1318/697
f 641/715 1316/716 1314/717
f 261/695 593/718 327/677
f 593/718 489/719 327/677
f 327/677 489/719 488/675
f 632/714 630/720 1318/697
f 630/720 639/721 1318/697
f 1318/697 639/721 261/695
f 639/721 640/722 261/695
f 261/695 640/722 593/718
f 641/715 1314/717 643/723
f 1314/717 1325/724 643/723
f 1325/724 1326/725 643/723
f 643/723 1326/725 671/726
f 1326/725 1327/683 671/726
f 671/726 1327/683 673/692
f 1327/683 960/681 673/692
f 673/692 960/681 959/694
f 1316/716 641/715 1318/697
f 641/715 636/727 1318/697
f 1318/697 636/727 634/713
f 87/728 112/729 241/730
f 112/729 240/731 241/730
f 112/729 88/732 240/731
f 88/732 89/733 240/731
f 240/731 89/733 239/734
f 89/733 90/735 239/734
f 90/735 91/736 239/734
f 239/734 91/736 238/737
f 91/736 93/738 238/737
f 93/738 92/739 238/737
f 238/737 92/739 237/740
f 92/739 95/741 237/740
f 95/741 94/742 237/740
f 237/740 94/742 236/743
f 94/742 97/744 236/743
f 97/744 96/745 236/743
f 236/743 96/745 235/746
f 96/745 98/747 235/746
f 98/747 99/748 235/746
f 235/746 99/748 234/749
f 99/748 100/750 234/749
f 100/750 101/751 234/749
f 234/749 101/751 233/752
f 101/751 102/753 233/752
f 102/753 103/754 233/752
f 233/752 103/754 232/755
f 103/754 104/756 232/755
f 104/756 105/757 232/755
f 232/755 105/757 231/758
f 105/757 106/759 231/758
f 106/759 107/760 231/758
f 231/758 107/760 230/761
f 111/762 229/763 109/764
f 229/763 230/761 109/764
f 109/764 230/761 108/765
f 230/761 107/760 108/765
f 229/766 111/767 1287/768
f 111/767 244/769 1287/768
f 1287/768 244/769 1286/770
f 1289/771 1285/772 1070/773
f 1285/772 1068/774 1070/773
f 693/775 1278/776 672/777
f 1278/776 670/778 672/777
f 1280/779 1283/780 244/769
f 1283/780 1288/781 244/769
f 244/769 1288/781 1286/770
f 1289/771 1070/773 1282/782
f 1070/773 1086/783 1282/782
f 1282/782 1086/783 1213/784
f 692/785 1066/786 1067/787
f 637/788 638/789 1279/790
f 638/789 629/791 1279/790
f 1279/790 629/791 628/792
f 1280/779 244/769 1279/790
f 244/769 300/793 1279/790
f 1279/790 300/793 637/788
f 300/793 301/794 637/788
f 301/794 302/795 637/788
f 637/788 302/795 304/796
f 693/775 692/785 1278/776
f 692/785 1067/787 1278/776
f 1278/776 1067/787 1281/797
f 1067/787 1068/774 1281/797
f 1281/797 1068/774 1284/798
f 1068/774 1285/772 1284/798
f 805/799 818/800 791/801
f 818/800 750/802 791/801
f 486/803 487/804 375/805
f 487/804 490/806 375/805
f 375/805 490/806 341/807
f 490/806 596/808 341/807
f 341/807 596/808 342/809
f 596/808 637/788 342/809
f 750/802 818/800 700/810
f 818/800 913/811 700/810
f 700/810 913/811 692/785
f 913/811 1026/812 692/785
f 692/785 1026/812 1025/813
f 628/792 631/814 1279/790
f 631/814 633/815 1279/790
f 1279/790 633/815 1276/816
f 633/815 635/817 1276/816
f 1276/816 635/817 1277/818
f 635/817 642/819 1277/818
f 1277/818 642/819 1278/776
f 642/819 669/820 1278/776
f 1278/776 669/820 670/778
f 304/796 344/821 637/788
f 344/821 343/822 637/788
f 637/788 343/822 342/809
f 1025/813 1024/823 692/785
f 1024/823 1023/824 692/785
f 692/785 1023/824 1066/786
f 1224/825 1305/826 1304/827
f 1223/828 1224/825 1213/829
f 1224/825 1304/827 1213/829
f 1213/829 1304/827 1282/830
f 1304/827 1297/831 1282/830
f 1219/832 1220/833 1213/829
f 1220/833 1221/834 1213/829
f 1221/834 1222/835 1213/829
f 1213/829 1222/835 1223/828
f 1215/836 1216/837 1214/838
f 1216/837 1217/839 1214/838
f 1214/838 1217/839 1212/840
f 1212/840 1217/839 1213/829
f 1217/839 1218/841 1213/829
f 1213/829 1218/841 1219/832
f 1287/842 1299/843 229/844
f 1299/843 1307/845 229/844
f 229/844 1307/845 1306/846
f 1306/846 241/847 229/844
f 241/847 240/848 229/844
f 229/844 240/848 239/849
f 239/849 238/850 229/844
f 238/850 237/851 229/844
f 229/844 237/851 236/852
f 232/853 231/854 233/855
f 231/854 234/856 233/855
f 236/852 235/857 229/844
f 235/857 234/856 229/844
f 229/844 234/856 230/858
f 234/856 231/854 230/858
f 791/859 792/860 805/861
f 792/860 802/862 805/861
f 805/861 802/862 798/863
f 802/862 803/864 798/863
f 798/863 803/864 801/865
f 801/865 799/866 798/863
f 799/866 800/867 798/863
f 798/863 800/867 793/868
f 794/869 793/868 797/870
f 793/868 796/841 797/870
f 794/869 795/871 793/868
f 795/871 804/872 793/868
f 793/868 804/872 798/863
f 643/873 642/874 641/875
f 642/874 635/876 641/875
f 474/877 488/878 487/879
f 487/879 486/880 474/877
f 486/880 485/881 474/877
f 474/877 485/881 484/882
f 484/882 483/883 474/877
f 483/883 482/884 474/877
f 474/877 482/884 481/885
f 480/857 476/886 481/885
f 476/886 475/887 481/885
f 481/885 475/887 474/877
f 480/857 479/888 476/886
f 479/888 478/889 476/886
f 476/886 478/889 477/890
f 1128/891 1121/892 1061/893
f 1061/893 1121/892 986/894
f 1121/892 1122/895 986/894
f 1122/895 1119/896 986/894
f 986/894 1119/896 1120/897
f 1120/897 1118/898 986/894
f 1118/898 1111/899 986/894
f 986/894 1111/899 1054/900
f 1111/899 1116/901 1054/900
f 1054/900 1116/901 1117/902
f 1117/902 1115/903 1054/900
f 1115/903 1096/904 1054/900
f 1054/900 1096/904 1092/905
f 1105/906 1106/907 1104/908
f 1106/907 1107/909 1104/908
f 1104/908 1107/909 1109/910
f 1107/909 1108/911 1109/910
f 1109/910 1108/911 1110/912
f 1108/911 1114/913 1110/912
f 1110/912 1114/913 1124/914
f 1114/913 1123/915 1124/914
f 1124/914 1123/915 1125/916
f 1123/915 1126/917 1125/916
f 1125/916 1126/917 1127/918
f 1126/917 1092/905 1127/918
f 1127/918 1092/905 1097/919
f 1092/905 1096/904 1097/919
f 1128/891 1061/893 1094/920
f 1061/893 1093/921 1094/920
f 1094/920 1093/921 1095/922
f 1093/921 1098/923 1095/922
f 1095/922 1098/923 1099/924
f 1098/923 1100/925 1099/924
f 1099/924 1100/925 1102/926
f 1100/925 1101/927 1102/926
f 1102/926 1101/927 1103/928
f 1101/927 1112/929 1103/928
f 1103/928 1112/929 1105/906
f 1112/929 1113/930 1105/906
f 1105/906 1113/930 1106/907
f 50/931 47/932 46/933
f 46/933 45/934 50/931
f 45/934 44/935 50/931
f 50/931 44/935 64/936
f 44/935 43/937 64/936
f 64/936 43/937 42/938
f 42/938 41/939 64/936
f 41/939 40/940 64/936
f 64/936 40/940 63/941
f 58/942 51/943 27/944
f 40/940 39/945 63/941
f 39/945 38/946 63/941
f 63/941 38/946 62/947
f 38/946 37/948 62/947
f 62/947 37/948 61/949
f 37/948 36/950 61/949
f 61/949 36/950 65/951
f 36/950 35/952 65/951
f 65/951 35/952 60/953
f 35/952 34/954 60/953
f 60/953 34/954 57/955
f 34/954 33/956 57/955
f 57/955 33/956 56/957
f 33/956 32/958 56/957
f 56/957 32/958 55/959
f 32/958 31/960 55/959
f 27/944 51/943 28/961
f 51/943 52/962 28/961
f 28/961 52/962 29/963
f 52/962 59/964 29/963
f 29/963 59/964 30/965
f 59/964 53/966 30/965
f 30/965 53/966 31/960
f 53/966 54/967 31/960
f 31/960 54/967 55/959
f 27/944 26/968 58/942
f 26/968 49/969 58/942
f 58/942 49/969 50/931
f 49/969 48/970 50/931
f 50/931 48/970 47/932
f 489/971 565/972 566/973
f 577/974 596/975 576/976
f 596/975 575/977 576/976
f 594/978 598/979 564/980
f 598/979 599/981 564/980
f 599/981 587/982 564/980
f 564/980 587/982 586/983
f 575/977 596/975 574/984
f 596/975 490/985 574/984
f 574/984 490/985 573/986
f 592/987 590/988 580/989
f 597/990 594/978 593/991
f 594/978 564/980 593/991
f 593/991 564/980 489/971
f 564/980 563/992 489/971
f 489/971 563/992 565/972
f 582/993 583/994 587/982
f 577/974 578/995 596/975
f 578/995 579/996 596/975
f 596/975 579/996 595/997
f 579/996 580/989 595/997
f 595/997 580/989 591/998
f 580/989 590/988 591/998
f 570/999 571/1000 490/985
f 571/1000 572/1001 490/985
f 490/985 572/1001 573/986
f 583/994 584/1002 587/982
f 584/1002 585/1003 587/982
f 587/982 585/1003 586/983
f 566/973 567/1004 489/971
f 567/1004 568/1005 489/971
f 489/971 568/1005 490/985
f 568/1005 569/1006 490/985
f 490/985 569/1006 570/999
f 582/993 587/982 581/1007
f 587/982 588/1008 581/1007
f 581/1007 588/1008 580/989
f 588/1008 589/1009 580/989
f 580/989 589/1009 592/987
f 745/1010 729/1011 727/1012
f 745/1010 727/1012 681/1013
f 727/1012 725/1014 681/1013
f 681/1013 725/1014 683/1015
f 752/1016 764/1017 750/1018
f 764/1017 765/1019 750/1018
f 765/1019 763/1020 750/1018
f 763/1020 758/1021 750/1018
f 750/1018 758/1021 745/1010
f 758/1021 766/1022 745/1010
f 745/1010 766/1022 761/1023
f 761/1023 762/1024 745/1010
f 762/1024 756/1025 745/1010
f 745/1010 756/1025 757/1026
f 759/1027 700/1028 755/1029
f 700/1028 754/1030 755/1029
f 759/1027 760/1031 700/1028
f 760/1031 753/1032 700/1028
f 700/1028 753/1032 750/1018
f 753/1032 751/1033 750/1018
f 750/1018 751/1033 752/1016
f 740/1034 739/1035 748/1036
f 749/1037 743/1038 729/1011
f 754/1030 700/1028 748/1036
f 700/1028 707/1039 748/1036
f 748/1036 707/1039 740/1034
f 749/1037 729/1011 742/1040
f 739/1035 737/1041 748/1036
f 737/1041 735/1042 748/1036
f 748/1036 735/1042 747/1043
f 735/1042 733/1044 747/1043
f 747/1043 733/1044 743/1038
f 733/1044 731/1045 743/1038
f 743/1038 731/1045 729/1011
f 757/1026 746/1046 745/1010
f 746/1046 744/1047 745/1010
f 745/1010 744/1047 729/1011
f 744/1047 741/1048 729/1011
f 729/1011 741/1048 742/1040
f 1291/1049 1276/1050 1290/1051
f 1276/1050 1277/1052 1290/1051
f 1338/1053 1296/1054 1339/1055
f 1296/1054 1297/1056 1339/1055
f 1339/1055 1297/1056 1304/1057
f 1300/1058 1310/1059 1298/1060
f 1310/1059 1308/1061 1298/1060
f 1298/1060 1308/1061 1299/1062
f 1308/1061 1307/1063 1299/1062
f 1293/1064 1294/1065 1338/1053
f 1294/1065 1295/1066 1338/1053
f 1338/1053 1295/1066 1296/1054
f 1290/1067 1336/1068 1337/1069
f 1300/1058 1301/1070 1310/1059
f 1301/1070 1302/1071 1310/1059
f 1310/1059 1302/1071 1321/1072
f 1302/1071 1303/1073 1321/1072
f 1321/1072 1303/1073 1319/1074
f 1303/1073 1291/1075 1319/1074
f 1293/1064 1338/1053 1292/1076
f 1338/1053 1333/1077 1292/1076
f 1292/1076 1333/1077 1290/1067
f 1333/1077 1334/1078 1290/1067
f 1290/1067 1334/1078 1336/1068
f 1312/1079 1315/1080 1291/1075
f 1315/1080 1317/1081 1291/1075
f 1291/1075 1317/1081 1319/1074
f 1337/1069 1335/1082 1290/1067
f 1335/1082 1324/1083 1290/1067
f 1290/1067 1324/1083 1291/1075
f 1324/1083 1313/1084 1291/1075
f 1291/1075 1313/1084 1312/1079
f 706/1085 700/1086 703/1087
f 700/1086 692/1088 703/1087
f 703/1087 692/1088 705/1089
f 706/1085 701/1090 700/1086
f 701/1090 702/1091 700/1086
f 700/1086 702/1091 707/1092
f 672/1093 675/1094 693/1095
f 675/1094 698/1096 693/1095
f 698/1096 696/1097 693/1095
f 696/1097 697/1098 693/1095
f 693/1095 697/1098 699/1099
f 699/1099 695/1100 693/1095
f 695/1100 694/1101 693/1095
f 693/1095 694/1101 692/1088
f 694/1101 704/1102 692/1088
f 692/1088 704/1102 705/1089
f 689/1103 685/1104 676/1105
f 685/1104 686/1106 676/1105
f 676/1105 686/1106 687/1107
f 681/1108 683/1109 684/1110
f 684/1110 682/1111 681/1108
f 682/1111 680/1112 681/1108
f 681/1108 680/1112 677/1113
f 680/1112 678/1114 677/1113
f 678/1114 679/1115 677/1113
f 679/1115 690/1116 677/1113
f 677/1113 690/1116 676/1105
f 690/1116 691/1117 676/1105
f 676/1105 691/1117 689/1103
f 687/1107 688/1118 676/1105
f 688/1118 675/1094 676/1105
f 676/1105 675/1094 674/1119
f 675/1094 672/1093 674/1119
f 674/1119 672/1093 673/1120
f 672/1093 670/1121 673/1120
f 673/1120 670/1121 671/1122
f 670/1121 669/1123 671/1122
f 671/1122 669/1123 643/1124
f 669/1123 642/1125 643/1124
f 257/1126 295/1127 305/1128
f 306/1129 300/1130 244/1131
f 244/1131 243/1132 306/1129
f 243/1132 242/1133 306/1129
f 306/1129 242/1133 307/1134
f 242/1133 246/1135 307/1134
f 246/1135 245/1136 307/1134
f 307/1134 245/1136 308/1137
f 245/1136 247/1138 308/1137
f 247/1138 248/1139 308/1137
f 308/1137 248/1139 309/1140
f 304/1141 302/1142 303/1143
f 302/1142 310/1144 303/1143
f 303/1143 310/1144 299/1145
f 310/1144 311/1146 299/1145
f 299/1145 311/1146 298/1147
f 311/1146 312/1148 298/1147
f 298/1147 312/1148 297/1149
f 312/1148 313/1150 297/1149
f 297/1149 313/1150 296/1151
f 313/1150 314/1152 296/1151
f 296/1151 314/1152 295/1127
f 302/1142 301/1153 310/1144
f 301/1153 315/1154 310/1144
f 310/1144 315/1154 311/1146
f 315/1154 316/1155 311/1146
f 311/1146 316/1155 312/1148
f 316/1155 317/1156 312/1148
f 312/1148 317/1156 313/1150
f 317/1156 318/1157 313/1150
f 313/1150 318/1157 314/1152
f 318/1157 319/1158 314/1152
f 301/1153 300/1130 315/1154
f 300/1130 306/1129 315/1154
f 315/1154 306/1129 316/1155
f 306/1129 307/1134 316/1155
f 316/1155 307/1134 317/1156
f 307/1134 308/1137 317/1156
f 317/1156 308/1137 318/1157
f 308/1137 309/1140 318/1157
f 318/1157 309/1140 319/1158
f 309/1140 320/1159 319/1158
f 248/1139 250/1160 309/1140
f 250/1160 249/1161 309/1140
f 309/1140 249/1161 320/1159
f 249/1161 252/1162 320/1159
f 320/1159 252/1162 251/1163
f 295/1127 314/1152 305/1128
f 314/1152 319/1158 305/1128
f 305/1128 319/1158 321/1164
f 319/1158 320/1159 321/1164
f 321/1164 320/1159 322/1165
f 320/1159 251/1163 322/1165
f 322/1165 251/1163 253/1166
f 257/1126 305/1128 256/1167
f 305/1128 321/1164 256/1167
f 256/1167 321/1164 255/1168
f 321/1164 322/1165 255/1168
f 255/1168 322/1165 254/1169
f 322/1165 253/1166 254/1169
f 254/1169 253/1166 50/1170
f 326/1171 384/1172 354/1173
f 384/1172 385/1174 354/1173
f 354/1173 385/1174 353/1175
f 385/1174 383/1176 353/1175
f 353/1175 383/1176 352/1177
f 383/1176 382/1178 352/1177
f 352/1177 382/1178 351/1179
f 382/1178 381/1180 351/1179
f 351/1179 381/1180 350/1181
f 381/1180 380/1182 350/1181
f 350/1181 380/1182 349/1183
f 380/1182 379/1184 349/1183
f 349/1183 379/1184 348/1185
f 379/1184 378/1186 348/1185
f 348/1185 378/1186 347/1187
f 378/1186 376/1188 347/1187
f 347/1187 376/1188 346/1189
f 376/1188 377/1190 346/1189
f 346/1189 377/1190 345/1191
f 377/1190 373/1192 345/1191
f 345/1191 373/1192 340/1193
f 373/1192 374/1194 340/1193
f 340/1193 374/1194 341/1195
f 374/1194 375/1196 341/1195
f 304/1197 303/1198 355/1199
f 356/1200 325/1201 326/412
f 326/412 354/1202 356/1200
f 354/1202 353/1203 356/1200
f 356/1200 353/1203 357/1204
f 353/1203 352/1205 357/1204
f 352/1205 351/1206 357/1204
f 357/1204 351/1206 358/1207
f 351/1206 350/1208 358/1207
f 350/1208 349/437 358/1207
f 358/1207 349/437 359/1209
f 257/1210 323/1211 295/1212
f 323/1211 360/1213 295/1212
f 295/1212 360/1213 296/1214
f 360/1213 361/1215 296/1214
f 296/1214 361/1215 297/1216
f 361/1215 362/1217 297/1216
f 297/1216 362/1217 298/1218
f 362/1217 363/1219 298/1218
f 298/1218 363/1219 299/1220
f 363/1219 364/1221 299/1220
f 299/1220 364/1221 303/1198
f 323/1211 324/1222 360/1213
f 324/1222 365/1223 360/1213
f 360/1213 365/1223 361/1215
f 365/1223 366/1224 361/1215
f 361/1215 366/1224 362/1217
f 366/1224 367/1225 362/1217
f 362/1217 367/1225 363/1219
f 367/1225 368/1226 363/1219
f 363/1219 368/1226 364/1221
f 368/1226 369/1227 364/1221
f 324/1222 325/1201 365/1223
f 325/1201 356/1200 365/1223
f 365/1223 356/1200 366/1224
f 356/1200 357/1204 366/1224
f 366/1224 357/1204 367/1225
f 357/1204 358/1207 367/1225
f 367/1225 358/1207 368/1226
f 358/1207 359/1209 368/1226
f 368/1226 359/1209 369/1227
f 359/1209 370/1228 369/1227
f 349/437 348/1229 359/1209
f 348/1229 347/1230 359/1209
f 359/1209 347/1230 370/1228
f 347/1230 346/1231 370/1228
f 370/1228 346/1231 345/1232
f 303/1198 364/1221 355/1199
f 364/1221 369/1227 355/1199
f 355/1199 369/1227 371/1233
f 369/1227 370/1228 371/1233
f 371/1233 370/1228 372/1234
f 370/1228 345/1232 372/1234
f 372/1234 345/1232 340/1235
f 304/1197 355/1199 344/1236
f 355/1199 371/1233 344/1236
f 344/1236 371/1233 343/1237
f 371/1233 372/1234 343/1237
f 343/1237 372/1234 342/1238
f 372/1234 340/1235 342/1238
f 342/1238 340/1235 341/474
f 955/1239 966/1240 1004/1241
f 1005/1242 1001/1238 1000/474
f 1000/474 999/1243 1005/1242
f 999/1243 998/1244 1005/1242
f 1005/1242 998/1244 1006/1245
f 998/1244 997/1246 1006/1245
f 997/1246 996/1247 1006/1245
f 1006/1245 996/1247 1007/1248
f 996/1247 995/1249 1007/1248
f 995/1249 994/1250 1007/1248
f 1007/1248 994/1250 1008/1251
f 960/1197 1003/1236 961/1252
f 1003/1236 1009/1253 961/1252
f 961/1252 1009/1253 962/1254
f 1009/1253 1010/1255 962/1254
f 962/1254 1010/1255 963/1256
f 1010/1255 1011/1257 963/1256
f 963/1256 1011/1257 964/1258
f 1011/1257 1012/1259 964/1258
f 964/1258 1012/1259 965/1260
f 1012/1259 1013/1261 965/1260
f 965/1260 1013/1261 966/1240
f 1003/1236 1002/1237 1009/1253
f 1002/1237 1014/1262 1009/1253
f 1009/1253 1014/1262 1010/1255
f 1014/1262 1015/1263 1010/1255
f 1010/1255 1015/1263 1011/1257
f 1015/1263 1016/1264 1011/1257
f 1011/1257 1016/1264 1012/1259
f 1016/1264 1017/1265 1012/1259
f 1012/1259 1017/1265 1013/1261
f 1017/1265 1018/1266 1013/1261
f 1002/1237 1001/1238 1014/1262
f 1001/1238 1005/1242 1014/1262
f 1014/1262 1005/1242 1015/1263
f 1005/1242 1006/1245 1015/1263
f 1015/1263 1006/1245 1016/1264
f 1006/1245 1007/1248 1016/1264
f 1016/1264 1007/1248 1017/1265
f 1007/1248 1008/1251 1017/1265
f 1017/1265 1008/1251 1018/1266
f 1008/1251 1019/1267 1018/1266
f 994/1250 993/1268 1008/1251
f 993/1268 992/1269 1008/1251
f 1008/1251 992/1269 1019/1267
f 992/1269 991/1270 1019/1267
f 1019/1267 991/1270 990/1271
f 966/1240 1013/1261 1004/1241
f 1013/1261 1018/1266 1004/1241
f 1004/1241 1018/1266 1020/1272
f 1018/1266 1019/1267 1020/1272
f 1020/1272 1019/1267 1021/1273
f 1019/1267 990/1271 1021/1273
f 1021/1273 990/1271 985/1274
f 955/1239 1004/1241 989/1275
f 1004/1241 1020/1272 989/1275
f 989/1275 1020/1272 988/1276
f 1020/1272 1021/1273 988/1276
f 988/1276 1021/1273 987/1277
f 1021/1273 985/1274 987/1277
f 987/1277 985/1274 986/1278
f 955/1279 953/1280 966/1281
f 953/1280 967/1282 966/1281
f 966/1281 967/1282 965/1283
f 967/1282 968/1284 965/1283
f 965/1283 968/1284 964/1285
f 968/1284 969/1286 964/1285
f 964/1285 969/1286 963/1287
f 969/1286 970/1288 963/1287
f 963/1287 970/1288 962/1289
f 970/1288 971/1290 962/1289
f 962/1289 971/1290 961/1291
f 971/1290 972/1292 961/1291
f 961/1291 972/1292 960/1141
f 972/1292 959/1142 960/1141
f 953/1280 951/1293 967/1282
f 951/1293 973/1294 967/1282
f 967/1282 973/1294 968/1284
f 973/1294 974/1295 968/1284
f 968/1284 974/1295 969/1286
f 974/1295 975/1296 969/1286
f 969/1286 975/1296 970/1288
f 975/1296 976/1297 970/1288
f 970/1288 976/1297 971/1290
f 976/1297 977/1298 971/1290
f 971/1290 977/1298 972/1292
f 977/1298 978/1299 972/1292
f 972/1292 978/1299 959/1142
f 978/1299 958/1153 959/1142
f 951/1293 949/1300 973/1294
f 949/1300 979/1301 973/1294
f 973/1294 979/1301 974/1295
f 979/1301 980/1302 974/1295
f 974/1295 980/1302 975/1296
f 980/1302 981/1303 975/1296
f 975/1296 981/1303 976/1297
f 981/1303 982/1304 976/1297
f 976/1297 982/1304 977/1298
f 982/1304 983/1305 977/1298
f 977/1298 983/1305 978/1299
f 983/1305 984/1306 978/1299
f 978/1299 984/1306 958/1153
f 984/1306 957/1130 958/1153
f 949/1300 910/1307 979/1301
f 910/1307 909/1308 979/1301
f 979/1301 909/1308 980/1302
f 909/1308 908/1309 980/1302
f 980/1302 908/1309 981/1303
f 908/1309 907/1310 981/1303
f 981/1303 907/1310 982/1304
f 907/1310 906/1311 982/1304
f 982/1304 906/1311 983/1305
f 906/1311 905/1312 983/1305
f 983/1305 905/1312 984/1306
f 905/1312 904/1313 984/1306
f 984/1306 904/1313 957/1130
f 904/1313 903/1131 957/1130
f 986/1314 985/1315 1061/1316
f 985/1315 1060/1317 1061/1316
f 985/1315 990/1318 1060/1317
f 990/1318 991/1319 1060/1317
f 1060/1317 991/1319 1059/1320
f 991/1319 992/1321 1059/1320
f 992/1321 993/1322 1059/1320
f 1059/1320 993/1322 1058/1323
f 993/1322 994/1324 1058/1323
f 994/1324 995/1325 1058/1323
f 1058/1323 995/1325 1057/1326
f 995/1325 996/1327 1057/1326
f 996/1327 997/1328 1057/1326
f 1057/1326 997/1328 1056/1329
f 997/1328 998/1330 1056/1329
f 1056/1329 998/1330 1055/1331
f 998/1330 999/1332 1055/1331
f 1055/1331 999/1332 1000/1333
f 908/1334 909/1335 845/1336
f 909/1335 910/1337 845/1336
f 845/1336 910/1337 847/1338
f 845/1336 846/1339 908/1334
f 846/1339 831/1340 908/1334
f 908/1334 831/1340 907/1341
f 831/1340 832/1342 907/1341
f 832/1342 828/1343 907/1341
f 828/1343 829/1344 907/1341
f 907/1341 829/1344 906/1345
f 829/1344 825/1346 906/1345
f 825/1346 826/1347 906/1345
f 906/1345 826/1347 905/1348
f 826/1347 822/1349 905/1348
f 822/1349 823/1350 905/1348
f 905/1348 823/1350 904/1351
f 823/1350 820/1352 904/1351
f 820/1352 806/1353 904/1351
f 904/1351 806/1353 903/1354
f 845/1355 847/1356 844/1357
f 831/1358 846/1359 848/1360
f 846/1359 845/1355 848/1360
f 845/1355 844/1357 848/1360
f 844/1357 843/1361 848/1360
f 848/1360 843/1361 849/1362
f 843/1361 842/1363 849/1362
f 849/1362 842/1363 850/1364
f 842/1363 841/1365 850/1364
f 850/1364 841/1365 851/1366
f 841/1365 840/1367 851/1366
f 851/1366 840/1367 852/1368
f 840/1367 839/1369 852/1368
f 852/1368 839/1369 853/1370
f 839/1369 838/1371 853/1370
f 853/1370 838/1371 854/1372
f 838/1371 837/1373 854/1372
f 854/1372 837/1373 855/1374
f 837/1373 836/1375 855/1374
f 855/1374 836/1375 856/1376
f 836/1375 835/1377 856/1376
f 856/1376 835/1377 857/1378
f 835/1377 834/1379 857/1378
f 857/1378 834/1379 858/1380
f 834/1379 833/1381 858/1380
f 858/1380 833/1381 830/1382
f 828/1383 832/1384 859/1385
f 832/1384 831/1358 859/1385
f 831/1358 848/1360 859/1385
f 848/1360 849/1362 859/1385
f 859/1385 849/1362 860/1386
f 849/1362 850/1364 860/1386
f 860/1386 850/1364 861/1387
f 850/1364 851/1366 861/1387
f 861/1387 851/1366 862/1388
f 851/1366 852/1368 862/1388
f 862/1388 852/1368 863/1389
f 852/1368 853/1370 863/1389
f 863/1389 853/1370 864/1390
f 853/1370 854/1372 864/1390
f 864/1390 854/1372 865/1391
f 854/1372 855/1374 865/1391
f 865/1391 855/1374 866/1392
f 855/1374 856/1376 866/1392
f 866/1392 856/1376 867/1393
f 856/1376 857/1378 867/1393
f 867/1393 857/1378 868/1394
f 857/1378 858/1380 868/1394
f 868/1394 858/1380 869/1395
f 858/1380 830/1382 869/1395
f 869/1395 830/1382 827/1396
f 825/1397 829/1398 870/1399
f 829/1398 828/1383 870/1399
f 828/1383 859/1385 870/1399
f 859/1385 860/1386 870/1399
f 870/1399 860/1386 871/1400
f 860/1386 861/1387 871/1400
f 871/1400 861/1387 872/1401
f 861/1387 862/1388 872/1401
f 872/1401 862/1388 873/1402
f 862/1388 863/1389 873/1402
f 873/1402 863/1389 874/1403
f 863/1389 864/1390 874/1403
f 874/1403 864/1390 875/1404
f 864/1390 865/1391 875/1404
f 875/1404 865/1391 876/1405
f 865/1391 866/1392 876/1405
f 876/1405 866/1392 877/1406
f 866/1392 867/1393 877/1406
f 877/1406 867/1393 878/1407
f 867/1393 868/1394 878/1407
f 878/1407 868/1394 879/1408
f 868/1394 869/1395 879/1408
f 879/1408 869/1395 880/1409
f 869/1395 827/1396 880/1409
f 880/1409 827/1396 824/1410
f 822/1411 826/1412 881/1413
f 826/1412 825/1397 881/1413
f 825/1397 870/1399 881/1413
f 870/1399 871/1400 881/1413
f 881/1413 871/1400 882/1414
f 871/1400 872/1401 882/1414
f 882/1414 872/1401 883/1415
f 872/1401 873/1402 883/1415
f 883/1415 873/1402 884/1416
f 873/1402 874/1403 884/1416
f 884/1416 874/1403 885/1417
f 874/1403 875/1404 885/1417
f 885/1417 875/1404 886/1418
f 875/1404 876/1405 886/1418
f 886/1418 876/1405 887/1419
f 876/1405 877/1406 887/1419
f 887/1419 877/1406 888/1420
f 877/1406 878/1407 888/1420
f 888/1420 878/1407 889/1421
f 878/1407 879/1408 889/1421
f 889/1421 879/1408 890/1422
f 879/1408 880/1409 890/1422
f 890/1422 880/1409 891/1423
f 880/1409 824/1410 891/1423
f 891/1423 824/1410 821/1424
f 820/1425 823/1426 892/1427
f 823/1426 822/1411 892/1427
f 822/1411 881/1413 892/1427
f 881/1413 882/1414 892/1427
f 892/1427 882/1414 893/1428
f 882/1414 883/1415 893/1428
f 893/1428 883/1415 894/1429
f 883/1415 884/1416 894/1429
f 894/1429 884/1416 895/1430
f 884/1416 885/1417 895/1430
f 895/1430 885/1417 896/1431
f 885/1417 886/1418 896/1431
f 896/1431 886/1418 897/1432
f 886/1418 887/1419 897/1432
f 897/1432 887/1419 898/1433
f 887/1419 888/1420 898/1433
f 898/1433 888/1420 899/1434
f 888/1420 889/1421 899/1434
f 899/1434 889/1421 900/1435
f 889/1421 890/1422 900/1435
f 900/1435 890/1422 901/1436
f 890/1422 891/1423 901/1436
f 901/1436 891/1423 902/1437
f 891/1423 821/1424 902/1437
f 902/1437 821/1424 819/1438
f 807/1439 806/1440 820/1425
f 820/1425 892/1427 807/1439
f 892/1427 893/1428 807/1439
f 807/1439 893/1428 808/1441
f 893/1428 894/1429 808/1441
f 808/1441 894/1429 809/1442
f 894/1429 895/1430 809/1442
f 809/1442 895/1430 810/1443
f 895/1430 896/1431 810/1443
f 810/1443 896/1431 811/1444
f 896/1431 897/1432 811/1444
f 811/1444 897/1432 812/1445
f 897/1432 898/1433 812/1445
f 812/1445 898/1433 813/1446
f 898/1433 899/1434 813/1446
f 813/1446 899/1434 814/1447
f 899/1434 900/1435 814/1447
f 814/1447 900/1435 815/1448
f 900/1435 901/1436 815/1448
f 815/1448 901/1436 816/1449
f 901/1436 902/1437 816/1449
f 816/1449 902/1437 817/1450
f 902/1437 819/1438 817/1450
f 817/1450 819/1438 818/1451
f 1054/1452 1092/1453 1091/1454
f 1054/1452 1091/1454 1062/1455
f 1091/1454 1090/1456 1062/1455
f 1062/1455 1090/1456 1063/1457
f 1090/1456 1089/1458 1063/1457
f 1063/1457 1089/1458 1064/1459
f 1089/1458 1088/1460 1064/1459
f 1064/1459 1088/1460 1065/1461
f 1088/1460 1087/1462 1065/1461
f 1065/1461 1087/1462 1069/1463
f 1087/1462 1086/1464 1069/1463
f 1069/1463 1086/1464 1070/1465
f 923/1466 922/1467 833/1468
f 922/1467 830/1469 833/1468
f 922/1467 921/1470 830/1469
f 921/1470 920/1471 830/1469
f 830/1469 920/1471 827/1472
f 920/1471 919/1473 827/1472
f 919/1473 918/1474 827/1472
f 827/1472 918/1474 824/1475
f 918/1474 917/1476 824/1475
f 917/1476 916/1477 824/1475
f 824/1475 916/1477 821/1478
f 916/1477 914/1479 821/1478
f 821/1478 914/1479 819/1480
f 914/1479 915/1481 819/1480
f 915/1481 911/1482 819/1480
f 819/1480 911/1482 818/1483
f 911/1482 912/1484 818/1483
f 818/1483 912/1484 913/1485
f 647/1486 646/1487 668/1086
f 646/1487 645/1488 668/1086
f 668/1086 645/1488 644/1489
f 650/1490 649/1491 668/1086
f 649/1491 648/1492 668/1086
f 668/1086 648/1492 647/1486
f 653/1493 652/1494 668/1086
f 652/1494 651/1495 668/1086
f 668/1086 651/1495 650/1490
f 656/1496 655/1497 668/1086
f 655/1497 654/1498 668/1086
f 668/1086 654/1498 653/1493
f 659/1499 658/1500 668/1086
f 658/1500 657/1501 668/1086
f 668/1086 657/1501 656/1496
f 662/1502 661/1503 668/1086
f 661/1503 660/1504 668/1086
f 668/1086 660/1504 659/1499
f 665/1505 664/1506 668/1086
f 664/1506 663/1507 668/1086
f 668/1086 663/1507 662/1502
f 644/1489 667/1508 668/1086
f 667/1508 666/1509 668/1086
f 668/1086 666/1509 665/1505
f 1239/526 1241/1510 1250/1086
f 1236/541 1237/539 1250/1086
f 1237/539 1238/538 1250/1086
f 1250/1086 1238/538 1239/526
f 1233/547 1234/545 1250/1086
f 1234/545 1235/543 1250/1086
f 1250/1086 1235/543 1236/541
f 1230/553 1231/551 1250/1086
f 1231/551 1232/549 1250/1086
f 1250/1086 1232/549 1233/547
f 1227/559 1228/557 1250/1086
f 1228/557 1229/555 1250/1086
f 1250/1086 1229/555 1230/553
f 1249/497 1226/562 1250/1086
f 1226/562 1225/561 1250/1086
f 1250/1086 1225/561 1227/559
f 1246/520 1247/518 1250/1086
f 1247/518 1248/517 1250/1086
f 1250/1086 1248/517 1249/497
f 1243/508 1244/524 1250/1086
f 1244/524 1245/521 1250/1086
f 1250/1086 1245/521 1246/520
f 1241/1510 1240/510 1250/1086
f 1240/510 1242/509 1250/1086
f 1250/1086 1242/509 1243/508
f 1259/1511 1260/1512 1275/1086
f 1260/1512 1261/1513 1275/1086
f 1275/1086 1261/1513 1262/1514
f 1256/1515 1257/1516 1275/1086
f 1257/1516 1258/1517 1275/1086
f 1275/1086 1258/1517 1259/1511
f 1253/1518 1254/1519 1275/1086
f 1254/1519 1255/1520 1275/1086
f 1275/1086 1255/1520 1256/1515
f 1274/1521 1251/1522 1275/1086
f 1251/1522 1252/1523 1275/1086
f 1275/1086 1252/1523 1253/1518
f 1271/1524 1272/1525 1275/1086
f 1272/1525 1273/1526 1275/1086
f 1275/1086 1273/1526 1274/1521
f 1268/1527 1269/1528 1275/1086
f 1269/1528 1270/1529 1275/1086
f 1275/1086 1270/1529 1271/1524
f 1265/1530 1266/1531 1275/1086
f 1266/1531 1267/1532 1275/1086
f 1275/1086 1267/1532 1268/1527
f 1262/1514 1263/1533 1275/1086
f 1263/1533 1264/1534 1275/1086
f 1275/1086 1264/1534 1265/1530
f 22/1535 23/1536 25/1086
f 23/1536 24/1537 25/1086
f 25/1086 24/1537 1/1538
f 19/1539 20/1540 25/1086
f 20/1540 21/1541 25/1086
f 25/1086 21/1541 22/1535
f 16/1542 17/1543 25/1086
f 17/1543 18/1544 25/1086
f 25/1086 18/1544 19/1539
f 13/1545 14/1546 25/1086
f 14/1546 15/1547 25/1086
f 25/1086 15/1547 16/1542
f 10/1548 11/1549 25/1086
f 11/1549 12/1550 25/1086
f 25/1086 12/1550 13/1545
f 7/1551 8/1552 25/1086
f 8/1552 9/1553 25/1086
f 25/1086 9/1553 10/1548
f 4/1554 5/1555 25/1086
f 5/1555 6/1556 25/1086
f 25/1086 6/1556 7/1551
f 1/1538 2/1557 25/1086
f 2/1557 3/1558 25/1086
f 25/1086 3/1558 4/1554
f 1033/1559 1032/1560 1029/1561
f 921/1562 922/1308 1034/1563
f 922/1308 923/1564 950/1565
f 922/1308 950/1565 1034/1563
f 950/1565 952/1566 1034/1563
f 1034/1563 952/1566 1035/1567
f 952/1566 954/1568 1035/1567
f 1035/1567 954/1568 1036/1569
f 1037/1570 920/1309 921/1562
f 954/1568 956/1571 1036/1569
f 956/1571 1031/1572 1036/1569
f 1036/1569 1031/1572 1030/1573
f 921/1562 1034/1563 1037/1570
f 1034/1563 1035/1567 1037/1570
f 1037/1570 1035/1567 1038/1574
f 1035/1567 1036/1569 1038/1574
f 1038/1574 1036/1569 1033/1559
f 1036/1569 1030/1573 1033/1559
f 1033/1559 1030/1573 1032/1560
f 1040/1575 917/1576 1039/1577
f 917/1576 918/1310 1039/1577
f 1039/1577 918/1310 919/1578
f 1041/1579 914/1580 1040/1575
f 914/1580 916/1311 1040/1575
f 1040/1575 916/1311 917/1576
f 1042/1581 911/1582 1041/1579
f 911/1582 915/1312 1041/1579
f 1041/1579 915/1312 914/1580
f 1026/1583 913/1131 1042/1581
f 913/1131 912/1313 1042/1581
f 1042/1581 912/1313 911/1582
f 1039/1577 1043/1584 1040/1575
f 1043/1584 1044/1585 1040/1575
f 1040/1575 1044/1585 1041/1579
f 1044/1585 1045/1586 1041/1579
f 1041/1579 1045/1586 1042/1581
f 1045/1586 1046/1587 1042/1581
f 1042/1581 1046/1587 1026/1583
f 1046/1587 1025/1588 1026/1583
f 1043/1584 1047/1589 1044/1585
f 1047/1589 1048/1590 1044/1585
f 1044/1585 1048/1590 1045/1586
f 1048/1590 1049/1591 1045/1586
f 1045/1586 1049/1591 1046/1587
f 1049/1591 1050/1592 1046/1587
f 1046/1587 1050/1592 1025/1588
f 1050/1592 1024/1593 1025/1588
f 1023/1594 1024/1593 1022/1595
f 1024/1593 1050/1592 1022/1595
f 1022/1595 1050/1592 1027/1596
f 1050/1592 1049/1591 1027/1596
f 1027/1596 1049/1591 1028/1597
f 1049/1591 1048/1590 1028/1597
f 1028/1597 1048/1590 1029/1561
f 1048/1590 1047/1589 1029/1561
f 1029/1561 1047/1589 1033/1559
f 1047/1589 1043/1584 1033/1559
f 1033/1559 1043/1584 1038/1574
f 1043/1584 1039/1577 1038/1574
f 1038/1574 1039/1577 1037/1570
f 1039/1577 919/1578 1037/1570
f 1037/1570 919/1578 920/1309
f 1066/1598 1023/1599 1022/1600
f 1070/474 1068/1601 1069/1602
f 1068/1601 1071/1603 1069/1602
f 1069/1602 1071/1603 1065/1604
f 1071/1603 1072/1605 1065/1604
f 1065/1604 1072/1605 1064/1250
f 1072/1605 1073/1606 1064/1250
f 1064/1250 1073/1606 1063/1607
f 1073/1606 1074/1608 1063/1607
f 1063/1607 1074/1608 1062/1609
f 1074/1608 1075/1610 1062/1609
f 1062/1609 1075/1610 1054/1278
f 1068/1601 1067/1611 1071/1603
f 1067/1611 1076/1612 1071/1603
f 1071/1603 1076/1612 1072/1605
f 1076/1612 1077/1613 1072/1605
f 1072/1605 1077/1613 1073/1606
f 1077/1613 1078/1614 1073/1606
f 1073/1606 1078/1614 1074/1608
f 1078/1614 1079/1615 1074/1608
f 1074/1608 1079/1615 1075/1610
f 1079/1615 1080/1616 1075/1610
f 1067/1611 1066/1598 1076/1612
f 1066/1598 1081/1617 1076/1612
f 1076/1612 1081/1617 1077/1613
f 1081/1617 1082/1618 1077/1613
f 1077/1613 1082/1618 1078/1614
f 1082/1618 1083/1619 1078/1614
f 1078/1614 1083/1619 1079/1615
f 1083/1619 1084/1620 1079/1615
f 1079/1615 1084/1620 1080/1616
f 1084/1620 1085/1621 1080/1616
f 1066/1598 1022/1600 1081/1617
f 1022/1600 1027/1622 1081/1617
f 1081/1617 1027/1622 1082/1618
f 1027/1622 1028/1623 1082/1618
f 1082/1618 1028/1623 1083/1619
f 1028/1623 1029/1624 1083/1619
f 1083/1619 1029/1624 1084/1620
f 1029/1624 1032/1625 1084/1620
f 1084/1620 1032/1625 1085/1621
f 1032/1625 1030/1626 1085/1621
f 1085/1621 1030/1626 1031/1627
f 1054/1278 1075/1610 1053/1628
f 1075/1610 1080/1616 1053/1628
f 1053/1628 1080/1616 1052/1629
f 1080/1616 1085/1621 1052/1629
f 1052/1629 1085/1621 1051/1630
f 1085/1621 1031/1627 1051/1630
f 1051/1630 1031/1627 956/1631
f 328/1632 327/1633 407/1634
f 328/1632 407/1634 408/1635
f 407/1634 406/1636 408/1635
f 408/1635 406/1636 409/1637
f 406/1636 405/1638 409/1637
f 409/1637 405/1638 410/1639
f 405/1638 404/1640 410/1639
f 410/1639 404/1640 411/1641
f 404/1640 403/1642 411/1641
f 411/1641 403/1642 412/1643
f 403/1642 402/1644 412/1643
f 412/1643 402/1644 413/1202
f 402/1644 401/1645 413/1202
f 413/1202 401/1645 414/1646
f 401/1645 400/1647 414/1646
f 414/1646 400/1647 415/1648
f 400/1647 399/1649 415/1648
f 415/1648 399/1649 416/1650
f 399/1649 398/1651 416/1650
f 416/1650 398/1651 417/1652
f 398/1651 397/1653 417/1652
f 417/1652 397/1653 418/1654
f 331/1655 330/1656 419/1657
f 330/1656 329/1658 419/1657
f 397/1653 375/1659 418/1654
f 375/1659 374/1660 418/1654
f 418/1654 374/1660 373/1661
f 373/1661 420/1662 418/1654
f 420/1662 421/1663 418/1654
f 418/1654 421/1663 417/1652
f 421/1663 422/1664 417/1652
f 417/1652 422/1664 416/1650
f 422/1664 423/1665 416/1650
f 416/1650 423/1665 415/1648
f 423/1665 424/1666 415/1648
f 415/1648 424/1666 414/1646
f 424/1666 425/1205 414/1646
f 414/1646 425/1205 413/1202
f 425/1205 426/1667 413/1202
f 413/1202 426/1667 412/1643
f 426/1667 427/1668 412/1643
f 412/1643 427/1668 411/1641
f 427/1668 428/1669 411/1641
f 411/1641 428/1669 410/1639
f 428/1669 429/1670 410/1639
f 410/1639 429/1670 409/1637
f 429/1670 419/1657 409/1637
f 409/1637 419/1657 408/1635
f 419/1657 329/1658 408/1635
f 408/1635 329/1658 328/1632
f 430/1671 332/1672 331/1655
f 331/1655 419/1657 430/1671
f 419/1657 429/1670 430/1671
f 430/1671 429/1670 431/1673
f 429/1670 428/1669 431/1673
f 431/1673 428/1669 432/1674
f 428/1669 427/1668 432/1674
f 432/1674 427/1668 433/1675
f 427/1668 426/1667 433/1675
f 433/1675 426/1667 434/1676
f 426/1667 425/1205 434/1676
f 434/1676 425/1205 435/1208
f 425/1205 424/1666 435/1208
f 435/1208 424/1666 436/1677
f 424/1666 423/1665 436/1677
f 436/1677 423/1665 437/1678
f 423/1665 422/1664 437/1678
f 437/1678 422/1664 438/1679
f 422/1664 421/1663 438/1679
f 438/1679 421/1663 439/1680
f 421/1663 420/1662 439/1680
f 439/1680 420/1662 440/1681
f 335/1682 334/1683 441/1684
f 334/1683 333/1685 441/1684
f 373/1661 377/1686 420/1662
f 377/1686 376/1687 420/1662
f 420/1662 376/1687 440/1681
f 376/1687 378/1688 440/1681
f 440/1681 378/1688 379/1689
f 379/1689 442/1690 440/1681
f 442/1690 443/1691 440/1681
f 440/1681 443/1691 439/1680
f 443/1691 444/1692 439/1680
f 439/1680 444/1692 438/1679
f 444/1692 445/1693 438/1679
f 438/1679 445/1693 437/1678
f 445/1693 446/1694 437/1678
f 437/1678 446/1694 436/1677
f 446/1694 447/1229 436/1677
f 436/1677 447/1229 435/1208
f 447/1229 448/1695 435/1208
f 435/1208 448/1695 434/1676
f 448/1695 449/1696 434/1676
f 434/1676 449/1696 433/1675
f 449/1696 450/1697 433/1675
f 433/1675 450/1697 432/1674
f 450/1697 451/1698 432/1674
f 432/1674 451/1698 431/1673
f 451/1698 441/1684 431/1673
f 431/1673 441/1684 430/1671
f 441/1684 333/1685 430/1671
f 430/1671 333/1685 332/1672
f 337/1699 336/1700 452/1701
f 336/1700 335/1682 452/1701
f 335/1682 441/1684 452/1701
f 441/1684 451/1698 452/1701
f 452/1701 451/1698 453/1702
f 451/1698 450/1697 453/1702
f 453/1702 450/1697 454/1703
f 450/1697 449/1696 454/1703
f 454/1703 449/1696 455/1704
f 449/1696 448/1695 455/1704
f 455/1704 448/1695 456/1705
f 448/1695 447/1229 456/1705
f 456/1705 447/1229 457/1231
f 447/1229 446/1694 457/1231
f 457/1231 446/1694 458/1706
f 446/1694 445/1693 458/1706
f 458/1706 445/1693 459/1707
f 445/1693 444/1692 459/1707
f 459/1707 444/1692 460/1708
f 444/1692 443/1691 460/1708
f 460/1708 443/1691 461/1709
f 443/1691 442/1690 461/1709
f 461/1709 442/1690 462/1710
f 339/1711 338/1712 463/1713
f 338/1712 337/1699 463/1713
f 379/1689 380/1714 442/1690
f 380/1714 381/1715 442/1690
f 442/1690 381/1715 462/1710
f 381/1715 382/1716 462/1710
f 462/1710 382/1716 383/1717
f 337/1699 452/1701 463/1713
f 452/1701 453/1702 463/1713
f 463/1713 453/1702 464/1718
f 453/1702 454/1703 464/1718
f 464/1718 454/1703 465/1719
f 454/1703 455/1704 465/1719
f 465/1719 455/1704 466/1720
f 455/1704 456/1705 466/1720
f 466/1720 456/1705 467/1721
f 456/1705 457/1231 467/1721
f 467/1721 457/1231 468/1235
f 457/1231 458/1706 468/1235
f 468/1235 458/1706 469/1722
f 458/1706 459/1707 469/1722
f 469/1722 459/1707 470/1723
f 459/1707 460/1708 470/1723
f 470/1723 460/1708 471/1724
f 460/1708 461/1709 471/1724
f 471/1724 461/1709 472/1725
f 461/1709 462/1710 472/1725
f 472/1725 462/1710 473/1726
f 462/1710 383/1717 473/1726
f 473/1726 383/1717 385/1727
f 339/1711 463/1713 396/1728
f 463/1713 464/1718 396/1728
f 396/1728 464/1718 395/1729
f 464/1718 465/1719 395/1729
f 395/1729 465/1719 394/1730
f 465/1719 466/1720 394/1730
f 394/1730 466/1720 393/1731
f 466/1720 467/1721 393/1731
f 393/1731 467/1721 392/1732
f 467/1721 468/1235 392/1732
f 392/1732 468/1235 391/474
f 468/1235 469/1722 391/474
f 391/474 469/1722 390/1733
f 469/1722 470/1723 390/1733
f 390/1733 470/1723 389/1734
f 470/1723 471/1724 389/1734
f 389/1734 471/1724 388/1735
f 471/1724 472/1725 388/1735
f 388/1735 472/1725 387/1736
f 472/1725 473/1726 387/1736
f 387/1736 473/1726 386/1737
f 473/1726 385/1727 386/1737
f 386/1737 385/1727 384/1738
f 58/1739 50/1740 70/1741
f 50/1740 253/1742 70/1741
f 70/1741 253/1742 69/1743
f 253/1742 251/1744 69/1743
f 69/1743 251/1744 74/1745
f 251/1744 252/1746 74/1745
f 74/1745 252/1746 73/1747
f 252/1746 249/1748 73/1747
f 73/1747 249/1748 78/1749
f 249/1748 250/1750 78/1749
f 78/1749 250/1750 77/1751
f 250/1750 248/1752 77/1751
f 77/1751 248/1752 82/1753
f 248/1752 247/1754 82/1753
f 82/1753 247/1754 81/1755
f 247/1754 245/1756 81/1755
f 81/1755 245/1756 86/1757
f 245/1756 246/1758 86/1757
f 86/1757 246/1758 85/1759
f 246/1758 242/1760 85/1759
f 85/1759 242/1760 110/1761
f 242/1760 243/1762 110/1761
f 110/1761 243/1762 111/1763
f 243/1762 244/1764 111/1763
f 261/1765 327/1766 263/1767
f 327/1766 328/1768 263/1767
f 263/1767 328/1768 262/1769
f 328/1768 329/1770 262/1769
f 262/1769 329/1770 265/1771
f 329/1770 330/1772 265/1771
f 265/1771 330/1772 264/1773
f 330/1772 331/1774 264/1773
f 264/1773 331/1774 267/1775
f 331/1774 332/1776 267/1775
f 267/1775 332/1776 266/1777
f 332/1776 333/1778 266/1777
f 266/1777 333/1778 269/1779
f 333/1778 334/1780 269/1779
f 269/1779 334/1780 268/1781
f 334/1780 335/1782 268/1781
f 268/1781 335/1782 271/1783
f 335/1782 336/1784 271/1783
f 271/1783 336/1784 270/1785
f 336/1784 337/1786 270/1785
f 270/1785 337/1786 275/1787
f 337/1786 338/1788 275/1787
f 275/1787 338/1788 276/1789
f 338/1788 339/1790 276/1789
f 110/1202 111/1644 109/1791
f 110/1202 109/1791 113/1792
f 109/1791 108/1793 113/1792
f 113/1792 108/1793 114/1794
f 108/1793 107/1795 114/1794
f 107/1795 106/1796 114/1794
f 114/1794 106/1796 115/1797
f 106/1796 105/1798 115/1797
f 105/1798 104/1799 115/1797
f 115/1797 104/1799 116/1800
f 104/1799 103/1801 116/1800
f 103/1801 102/1802 116/1800
f 116/1800 102/1802 117/1803
f 102/1802 101/1804 117/1803
f 101/1804 100/1805 117/1803
f 117/1803 100/1805 118/1806
f 100/1805 99/1807 118/1806
f 99/1807 98/1808 118/1806
f 118/1806 98/1808 119/1809
f 98/1808 96/1810 119/1809
f 119/1809 96/1810 120/1811
f 96/1810 97/1812 120/1811
f 97/1812 94/1813 120/1811
f 120/1811 94/1813 121/1814
f 94/1813 95/1815 121/1814
f 95/1815 92/1816 121/1814
f 121/1814 92/1816 122/1817
f 92/1816 93/1818 122/1817
f 93/1818 91/1819 122/1817
f 91/1819 90/1820 122/1817
f 122/1817 90/1820 123/1821
f 112/1822 124/1823 88/1824
f 124/1823 123/1821 88/1824
f 88/1824 123/1821 89/1825
f 123/1821 90/1820 89/1825
f 81/1206 86/1205 125/1826
f 86/1205 85/1203 125/1826
f 112/1822 87/1827 124/1823
f 87/1827 84/1308 124/1823
f 124/1823 84/1308 83/1562
f 83/1562 126/1828 124/1823
f 126/1828 127/1829 124/1823
f 124/1823 127/1829 123/1821
f 127/1829 128/1830 123/1821
f 123/1821 128/1830 122/1817
f 128/1830 129/1831 122/1817
f 122/1817 129/1831 121/1814
f 129/1831 130/1832 121/1814
f 121/1814 130/1832 120/1811
f 130/1832 131/1833 120/1811
f 120/1811 131/1833 119/1809
f 131/1833 132/1834 119/1809
f 119/1809 132/1834 118/1806
f 132/1834 133/1835 118/1806
f 118/1806 133/1835 117/1803
f 133/1835 134/1836 117/1803
f 117/1803 134/1836 116/1800
f 134/1836 135/1837 116/1800
f 116/1800 135/1837 115/1797
f 135/1837 136/1838 115/1797
f 115/1797 136/1838 114/1794
f 136/1838 125/1826 114/1794
f 114/1794 125/1826 113/1792
f 125/1826 85/1203 113/1792
f 113/1792 85/1203 110/1202
f 137/1839 82/1208 81/1206
f 81/1206 125/1826 137/1839
f 125/1826 136/1838 137/1839
f 137/1839 136/1838 138/1840
f 136/1838 135/1837 138/1840
f 138/1840 135/1837 139/1841
f 135/1837 134/1836 139/1841
f 139/1841 134/1836 140/1842
f 134/1836 133/1835 140/1842
f 140/1842 133/1835 141/1843
f 133/1835 132/1834 141/1843
f 141/1843 132/1834 142/1844
f 132/1834 131/1833 142/1844
f 142/1844 131/1833 143/1845
f 131/1833 130/1832 143/1845
f 143/1845 130/1832 144/1846
f 130/1832 129/1831 144/1846
f 144/1846 129/1831 145/1847
f 129/1831 128/1830 145/1847
f 145/1847 128/1830 146/1848
f 128/1830 127/1829 146/1848
f 146/1848 127/1829 147/1849
f 127/1829 126/1828 147/1849
f 147/1849 126/1828 148/1850
f 73/1230 78/1229 149/1851
f 78/1229 77/437 149/1851
f 83/1562 80/1309 126/1828
f 80/1309 79/1578 126/1828
f 126/1828 79/1578 148/1850
f 79/1578 76/1310 148/1850
f 148/1850 76/1310 75/1576
f 75/1576 150/1852 148/1850
f 150/1852 151/1853 148/1850
f 148/1850 151/1853 147/1849
f 151/1853 152/1854 147/1849
f 147/1849 152/1854 146/1848
f 152/1854 153/1855 146/1848
f 146/1848 153/1855 145/1847
f 153/1855 154/1856 145/1847
f 145/1847 154/1856 144/1846
f 154/1856 155/1857 144/1846
f 144/1846 155/1857 143/1845
f 155/1857 156/1858 143/1845
f 143/1845 156/1858 142/1844
f 156/1858 157/1859 142/1844
f 142/1844 157/1859 141/1843
f 157/1859 158/1860 141/1843
f 141/1843 158/1860 140/1842
f 158/1860 159/1861 140/1842
f 140/1842 159/1861 139/1841
f 159/1861 160/1862 139/1841
f 139/1841 160/1862 138/1840
f 160/1862 149/1851 138/1840
f 138/1840 149/1851 137/1839
f 149/1851 77/437 137/1839
f 137/1839 77/437 82/1208
f 69/1232 74/1231 161/1863
f 74/1231 73/1230 161/1863
f 73/1230 149/1851 161/1863
f 149/1851 160/1862 161/1863
f 161/1863 160/1862 162/1864
f 160/1862 159/1861 162/1864
f 162/1864 159/1861 163/1865
f 159/1861 158/1860 163/1865
f 163/1865 158/1860 164/1866
f 158/1860 157/1859 164/1866
f 164/1866 157/1859 165/1867
f 157/1859 156/1858 165/1867
f 165/1867 156/1858 166/1868
f 156/1858 155/1857 166/1868
f 166/1868 155/1857 167/1869
f 155/1857 154/1856 167/1869
f 167/1869 154/1856 168/1870
f 154/1856 153/1855 168/1870
f 168/1870 153/1855 169/1871
f 153/1855 152/1854 169/1871
f 169/1871 152/1854 170/1872
f 152/1854 151/1853 170/1872
f 170/1872 151/1853 171/1873
f 151/1853 150/1852 171/1873
f 171/1873 150/1852 172/1874
f 58/474 70/1235 173/1875
f 70/1235 69/1232 173/1875
f 75/1576 72/1311 150/1852
f 72/1311 71/1580 150/1852
f 150/1852 71/1580 172/1874
f 71/1580 68/1312 172/1874
f 172/1874 68/1312 67/1582
f 69/1232 161/1863 173/1875
f 161/1863 162/1864 173/1875
f 173/1875 162/1864 174/1876
f 162/1864 163/1865 174/1876
f 174/1876 163/1865 175/1877
f 163/1865 164/1866 175/1877
f 175/1877 164/1866 176/1878
f 164/1866 165/1867 176/1878
f 176/1878 165/1867 177/1879
f 165/1867 166/1868 177/1879
f 177/1879 166/1868 178/1880
f 166/1868 167/1869 178/1880
f 178/1880 167/1869 179/1881
f 167/1869 168/1870 179/1881
f 179/1881 168/1870 180/1882
f 168/1870 169/1871 180/1882
f 180/1882 169/1871 181/1883
f 169/1871 170/1872 181/1883
f 181/1883 170/1872 182/1884
f 170/1872 171/1873 182/1884
f 182/1884 171/1873 183/1885
f 171/1873 172/1874 183/1885
f 183/1885 172/1874 184/1886
f 172/1874 67/1582 184/1886
f 184/1886 67/1582 66/1313
f 58/474 173/1875 51/1887
f 173/1875 174/1876 51/1887
f 51/1887 174/1876 52/1888
f 174/1876 175/1877 52/1888
f 52/1888 175/1877 59/1889
f 175/1877 176/1878 59/1889
f 59/1889 176/1878 53/1890
f 176/1878 177/1879 53/1890
f 53/1890 177/1879 54/1891
f 177/1879 178/1880 54/1891
f 54/1891 178/1880 55/1892
f 178/1880 179/1881 55/1892
f 55/1892 179/1881 56/1893
f 179/1881 180/1882 56/1893
f 56/1893 180/1882 57/1894
f 180/1882 181/1883 57/1894
f 57/1894 181/1883 60/1895
f 181/1883 182/1884 60/1895
f 60/1895 182/1884 65/1896
f 182/1884 183/1885 65/1896
f 65/1896 183/1885 61/1897
f 183/1885 184/1886 61/1897
f 61/1897 184/1886 62/1898
f 184/1886 66/1313 62/1898
f 62/1898 66/1313 63/1131
f 276/1644 274/1899 275/1202
f 274/1899 277/1900 275/1202
f 275/1202 277/1900 270/1203
f 277/1900 278/1901 270/1203
f 279/1902 268/1206 278/1901
f 268/1206 271/1205 278/1901
f 278/1901 271/1205 270/1203
f 280/1903 266/437 279/1902
f 266/437 269/1208 279/1902
f 279/1902 269/1208 268/1206
f 281/1904 264/1230 280/1903
f 264/1230 267/1229 280/1903
f 280/1903 267/1229 266/437
f 282/1905 262/1232 281/1904
f 262/1232 265/1231 281/1904
f 281/1904 265/1231 264/1230
f 260/1601 261/474 282/1905
f 261/474 263/1235 282/1905
f 282/1905 263/1235 262/1232
f 274/1899 273/1906 277/1900
f 273/1906 283/1907 277/1900
f 277/1900 283/1907 278/1901
f 283/1907 284/1908 278/1901
f 278/1901 284/1908 279/1902
f 284/1908 285/1909 279/1902
f 279/1902 285/1909 280/1903
f 285/1909 286/1910 280/1903
f 280/1903 286/1910 281/1904
f 286/1910 287/1911 281/1904
f 281/1904 287/1911 282/1905
f 287/1911 288/1912 282/1905
f 282/1905 288/1912 260/1601
f 288/1912 259/1611 260/1601
f 273/1906 272/1913 283/1907
f 272/1913 289/1914 283/1907
f 283/1907 289/1914 284/1908
f 289/1914 290/1915 284/1908
f 284/1908 290/1915 285/1909
f 290/1915 291/1916 285/1909
f 285/1909 291/1916 286/1910
f 291/1916 292/1917 286/1910
f 286/1910 292/1917 287/1911
f 292/1917 293/1918 287/1911
f 287/1911 293/1918 288/1912
f 293/1918 294/1919 288/1912
f 288/1912 294/1919 259/1611
f 294/1919 258/1598 259/1611
f 272/1913 198/1920 289/1914
f 198/1920 197/1921 289/1914
f 289/1914 197/1921 290/1915
f 197/1921 202/1922 290/1915
f 290/1915 202/1922 291/1916
f 202/1922 203/1923 291/1916
f 291/1916 203/1923 292/1917
f 203/1923 204/1924 292/1917
f 292/1917 204/1924 293/1918
f 204/1924 205/1925 293/1918
f 293/1918 205/1925 294/1919
f 205/1925 206/1926 294/1919
f 294/1919 206/1926 258/1598
f 206/1926 207/1599 258/1598
f 64/1927 63/1928 196/1929
f 63/1928 66/1930 196/1929
f 196/1929 66/1930 195/1931
f 66/1930 67/1932 195/1931
f 195/1931 67/1932 194/1933
f 67/1932 68/1934 194/1933
f 194/1933 68/1934 193/1935
f 68/1934 71/1936 193/1935
f 193/1935 71/1936 192/1937
f 71/1936 72/1938 192/1937
f 192/1937 72/1938 191/1939
f 72/1938 75/1940 191/1939
f 191/1939 75/1940 189/1941
f 75/1940 76/1942 189/1941
f 189/1941 76/1942 190/1943
f 76/1942 79/1944 190/1943
f 190/1943 79/1944 187/1945
f 79/1944 80/1946 187/1945
f 187/1945 80/1946 188/1947
f 80/1946 83/1948 188/1947
f 188/1947 83/1948 185/1949
f 83/1948 84/1950 185/1949
f 185/1949 84/1950 186/1951
f 84/1950 87/1952 186/1951
f 186/1131 210/1583 185/1132
f 210/1583 211/1953 185/1132
f 185/1132 211/1953 188/1133
f 211/1953 212/1954 188/1133
f 213/1955 190/1136 212/1954
f 190/1136 187/1135 212/1954
f 212/1954 187/1135 188/1133
f 214/1956 191/1139 213/1955
f 191/1139 189/1138 213/1955
f 213/1955 189/1138 190/1136
f 215/1957 193/1161 214/1956
f 193/1161 192/1160 214/1956
f 214/1956 192/1160 191/1139
f 216/1958 195/1163 215/1957
f 195/1163 194/1162 215/1957
f 215/1957 194/1162 193/1161
f 201/1959 64/1170 216/1958
f 64/1170 196/1166 216/1958
f 216/1958 196/1166 195/1163
f 210/1583 209/1588 211/1953
f 209/1588 217/1960 211/1953
f 211/1953 217/1960 212/1954
f 217/1960 218/1961 212/1954
f 212/1954 218/1961 213/1955
f 218/1961 219/1962 213/1955
f 213/1955 219/1962 214/1956
f 219/1962 220/1963 214/1956
f 214/1956 220/1963 215/1957
f 220/1963 221/1964 215/1957
f 215/1957 221/1964 216/1958
f 221/1964 222/1965 216/1958
f 216/1958 222/1965 201/1959
f 222/1965 200/1966 201/1959
f 209/1588 208/1593 217/1960
f 208/1593 223/1967 217/1960
f 217/1960 223/1967 218/1961
f 223/1967 224/1968 218/1961
f 218/1961 224/1968 219/1962
f 224/1968 225/1969 219/1962
f 219/1962 225/1969 220/1963
f 225/1969 226/1970 220/1963
f 220/1963 226/1970 221/1964
f 226/1970 227/1971 221/1964
f 221/1964 227/1971 222/1965
f 227/1971 228/1972 222/1965
f 222/1965 228/1972 200/1966
f 228/1972 199/1973 200/1966
f 208/1593 207/1594 223/1967
f 207/1594 206/1974 223/1967
f 223/1967 206/1974 224/1968
f 206/1974 205/1975 224/1968
f 224/1968 205/1975 225/1969
f 205/1975 204/1976 225/1969
f 225/1969 204/1976 226/1970
f 204/1976 203/1977 226/1970
f 226/1970 203/1977 227/1971
f 203/1977 202/1978 227/1971
f 227/1971 202/1978 228/1972
f 202/1978 197/1979 228/1972
f 228/1972 197/1979 199/1973
f 197/1979 198/1980 199/1973
f 1276/1981 1291/1982 1279/1983
f 1291/1982 1303/1984 1279/1983
f 1279/1983 1303/1984 1280/1985
f 1303/1984 1302/1986 1280/1985
f 1280/1985 1302/1986 1283/1987
f 1302/1986 1301/1988 1283/1987
f 1283/1987 1301/1988 1288/1989
f 1301/1988 1300/1990 1288/1989
f 1288/1989 1300/1990 1286/1991
f 1300/1990 1298/1992 1286/1991
f 1286/1991 1298/1992 1287/1993
f 1298/1992 1299/1994 1287/1993
f 1282/1995 1297/1996 1289/1997
f 1297/1996 1296/1998 1289/1997
f 1289/1997 1296/1998 1285/1999
f 1296/1998 1295/2000 1285/1999
f 1285/1999 1295/2000 1284/2001
f 1295/2000 1294/2002 1284/2001
f 1284/2001 1294/2002 1281/2003
f 1294/2002 1293/2004 1281/2003
f 1281/2003 1293/2004 1278/2005
f 1293/2004 1292/2006 1278/2005
f 1278/2005 1292/2006 1277/2007
f 1292/2006 1290/600 1277/2007
f 1304/2008 1305/2009 1339/1996
f 1305/2009 1328/2010 1339/1996
f 1306/2011 1307/2012 1309/2013
f 1307/2012 1308/1993 1309/2013
f 487/2014 488/2015 490/1994
f 488/2015 489/2016 490/1994
f 792/2017 791/2018 745/1124
f 791/2018 750/2019 745/1124
f 955/2020 956/2021 954/2022
f 955/2020 954/2022 953/2023
f 954/2022 952/2024 953/2023
f 953/2023 952/2024 951/2025
f 952/2024 950/2026 951/2025
f 951/2025 950/2026 949/2027
f 950/2026 923/2028 949/2027
f 949/2027 923/2028 910/2029
f 276/2030 326/1981 325/2031
f 276/2030 325/2031 274/2032
f 325/2031 324/2033 274/2032
f 274/2032 324/2033 273/2034
f 324/2033 323/2035 273/2034
f 273/2034 323/2035 272/2036
f 323/2035 257/2037 272/2036
f 272/2036 257/2037 198/2038
f 986/2030 1054/1981 987/2039
f 1054/1981 1053/2040 987/2039
f 987/2039 1053/2040 988/2041
f 1053/2040 1052/2042 988/2041
f 988/2041 1052/2042 989/2043
f 1052/2042 1051/2044 989/2043
f 989/2043 1051/2044 955/2045
f 1051/2044 956/2046 955/2045
f 198/2047 257/2048 199/2049
f 257/2048 256/2050 199/2049
f 199/2049 256/2050 200/2051
f 256/2050 255/2052 200/2051
f 200/2051 255/2052 201/2053
f 255/2052 254/2054 201/2053
f 201/2053 254/2054 64/2055
f 254/2054 50/2056 64/2055
f 1325/2013 1324/1993 1326/2057
f 1324/1993 1335/2058 1326/2057
f 1326/2057 1335/2058 1327/2059
f 1335/2058 1337/2060 1327/2059
f 1327/2059 1337/2060 1331/2061
f 1337/2060 1336/2062 1331/2061
f 1331/2061 1336/2062 1330/2063
f 1336/2062 1334/2064 1330/2063
f 1330/2063 1334/2064 1332/2065
f 1334/2064 1333/2066 1332/2065
f 1332/2065 1333/2066 1329/2067
f 1333/2066 1338/2056 1329/2067
f 1311/2068 1310/1981 1323/2069
f 1310/1981 1321/1983 1323/2069
f 1323/2069 1321/1983 1322/2070
f 1321/1983 1319/1985 1322/2070
f 1322/2070 1319/1985 1320/2071
f 1319/1985 1317/1987 1320/2071
f 1320/2071 1317/1987 1318/2072
f 1317/1987 1315/1989 1318/2072
f 1318/2072 1315/1989 1316/2073
f 1315/1989 1312/1991 1316/2073
f 1316/2073 1312/1991 1314/2013
f 1312/1991 1313/1993 1314/2013
f 620/2074 618/2075 638/2076
f 606/2077 605/2078 640/2079
f 605/2078 603/2080 640/2079
f 640/2079 603/2080 593/2068
f 603/2080 602/2081 593/2068
f 593/2068 602/2081 604/2082
f 604/2082 601/2083 593/2068
f 601/2083 600/2084 593/2068
f 593/2068 600/2084 597/2085
f 606/2077 640/2079 607/2086
f 640/2079 639/2087 607/2086
f 607/2086 639/2087 608/2088
f 617/2089 614/2090 629/2091
f 617/2089 629/2091 616/2092
f 638/2076 618/2075 629/2091
f 618/2075 619/2093 629/2091
f 629/2091 619/2093 616/2092
f 613/2094 630/2095 612/2096
f 630/2095 615/2097 612/2096
f 613/2094 610/2098 630/2095
f 610/2098 611/2099 630/2095
f 630/2095 611/2099 639/2087
f 611/2099 609/2100 639/2087
f 639/2087 609/2100 608/2088
f 596/2101 595/2102 627/2103
f 623/2104 637/2105 626/2106
f 637/2105 596/2101 626/2106
f 626/2106 596/2101 625/2107
f 596/2101 627/2103 625/2107
f 623/2104 624/2108 637/2105
f 624/2108 622/2109 637/2105
f 637/2105 622/2109 638/2076
f 622/2109 621/2110 638/2076
f 638/2076 621/2110 620/2074
f 641/1124 635/2111 636/2112
f 635/2111 633/2113 636/2112
f 636/2112 633/2113 634/2114
f 633/2113 631/2115 634/2114
f 634/2114 631/2115 632/2116
f 631/2115 628/2117 632/2116
f 632/2116 628/2117 630/2095
f 628/2117 629/2091 630/2095
f 630/2095 629/2091 615/2097
f 629/2091 614/2090 615/2097
