mtllib materials.mtl
o Defeatured_2F_85_PAD_OPEN_finger4step_Celeste

usemtl Celeste
v -0.05672890320420265 0.11236058175563812 0.003915729001164436
v -0.05657901614904404 0.11236058175563812 0.004177453927695751
v -0.05660080537199974 0.11236058175563812 0.004111281596124172
v -0.05678341165184975 0.11236058920621872 0.0038670373614877462
v -0.05690324679017067 0.11236058920621872 0.0037599934730678797
v -0.0571119599044323 0.11236060410737991 0.00365468836389482
v -0.05734081193804741 0.11236061155796051 0.003606989746913314
v -0.05698338523507118 0.11236059665679932 0.0037195603363215923
v -0.05757421627640724 0.11236061900854111 0.0036201481707394123
v -0.05738218128681183 0.11236061155796051 0.0036093220114707947
v -0.05799181014299393 0.1123606413602829 0.0038213636726140976
v -0.057796258479356766 0.1123606339097023 0.003693267237395048
v -0.058087751269340515 0.1123606488108635 0.003928766585886478
v -0.05814754590392113 0.1123606488108635 0.00399570818990469
v -0.05825285241007805 0.11236065626144409 0.0042044189758598804
v -0.058300551027059555 0.11236065626144409 0.004433273803442717
v -0.05821992829442024 0.1123606488108635 0.004139164462685585
v -0.05828738957643509 0.11236065626144409 0.0046666753478348255
v -0.058296628296375275 0.11236065626144409 0.0045028310269117355
v -0.058086175471544266 0.1123606488108635 0.00508427107706666
v -0.05821427330374718 0.1123606488108635 0.004888718482106924
v -0.05803166702389717 0.1123606413602829 0.005132962483912706
v -0.05791183188557625 0.1123606413602829 0.005240006372332573
v -0.05770311877131462 0.1123606264591217 0.00534531194716692
v -0.05747426673769951 0.11236061900854111 0.005393010564148426
v -0.057831693440675735 0.1123606339097023 0.005280439741909504
v -0.057240862399339676 0.11236060410737991 0.005379851907491684
v -0.05743289738893509 0.11236061900854111 0.005390678066760302
v -0.05682326853275299 0.11236058920621872 0.005178636405616999
v -0.05701882019639015 0.11236059665679932 0.005306732840836048
v -0.0567273311316967 0.11236058175563812 0.005071233492344618
v -0.05666753277182579 0.11236058175563812 0.0050042918883264065
v -0.056595150381326675 0.11236058175563812 0.004860835615545511
v -0.05656222626566887 0.11236057430505753 0.0047955806367099285
v -0.05652768909931183 0.11236057430505753 0.004333324730396271
v -0.05651452764868736 0.11236057430505753 0.00456672627478838
v -0.056953366845846176 0.11243129521608353 0.0038747303187847137
v -0.05792686343193054 0.11251285672187805 0.004781301598995924
v -0.05786170810461044 0.11243133991956711 0.0051252697594463825
v -0.056821297854185104 0.11251281201839447 0.004571868106722832
v -0.056756142526865005 0.11243128776550293 0.00491583626717329
v -0.057115983217954636 0.11251281946897507 0.005013646557927132
v -0.05749101936817169 0.11251284182071686 0.005084691569209099
v -0.05799376592040062 0.11251286417245865 0.004428131505846977
v -0.058058928698301315 0.1124313473701477 0.004084163345396519
v -0.05769908055663109 0.11251284927129745 0.003986353520303965
v -0.05732404813170433 0.11251283437013626 0.0039153085090219975
v -0.05688820406794548 0.11251281201839447 0.004218698479235172
v -0.05763033777475357 0.11259884387254715 0.004349230322986841
v -0.057255301624536514 0.11259882897138596 0.004278185311704874
v -0.05755975469946861 0.11259883642196655 0.004721814766526222
v -0.057184722274541855 0.11259882152080536 0.004650769755244255
v -0.056425031274557114 0.11197057366371155 0.004313874524086714
v -0.05641033500432968 0.11197057366371155 0.00457451306283474
v -0.05658119544386864 0.11197058111429214 0.005063140299171209
v -0.05646360293030739 0.11197057366371155 0.004830073565244675
v -0.056755103170871735 0.11197058856487274 0.005257829558104277
v -0.056973475962877274 0.11197059601545334 0.005400874186307192
v -0.057482071220874786 0.11197061836719513 0.00549721997231245
v -0.0572214312851429 0.11197060346603394 0.005482526030391455
v -0.057970695197582245 0.11197064071893692 0.005326361395418644
v -0.05773762986063957 0.11197063326835632 0.005443955305963755
v -0.05816538631916046 0.11197064816951752 0.0051524522714316845
v -0.0583084300160408 0.11197065562009811 0.004934079945087433
v -0.05840477719902992 0.11197066307067871 0.004425487015396357
v -0.05839008465409279 0.11197065562009811 0.0046861255541443825
v -0.05823391675949097 0.11197065562009811 0.003936859779059887
v -0.058351512998342514 0.11197065562009811 0.004169926512986422
v -0.05806000903248787 0.11197064071893692 0.003742170287296176
v -0.05784163624048233 0.11197063326835632 0.0035991256590932608
v -0.057333044707775116 0.11197061091661453 0.003502779873088002
v -0.057593680918216705 0.11197062581777573 0.0035174740478396416
v -0.05684441700577736 0.11197058856487274 0.0036736386828124523
v -0.05707748234272003 0.11197060346603394 0.0035560447722673416
v -0.05664972588419914 0.11197058111429214 0.003847547573968768
v -0.0565066821873188 0.11197057366371155 0.004065920133143663
v -0.05839015170931816 0.11042065918445587 0.0046861255541443825
v -0.05830850079655647 0.11042065918445587 0.004934079945087433
v -0.05816545709967613 0.11042065173387527 0.0051524522714316845
v -0.057970765978097916 0.11042063683271408 0.005326361395418644
v -0.05773770064115524 0.11042062938213348 0.005443955305963755
v -0.05748213827610016 0.11042062193155289 0.00549721997231245
v -0.05722150206565857 0.1104206070303917 0.005482526030391455
v -0.056973546743392944 0.1104205921292305 0.005400874186307192
v -0.056755173951387405 0.1104205846786499 0.005257829558104277
v -0.05658126622438431 0.1104205772280693 0.005063140299171209
v -0.05646366998553276 0.11042056977748871 0.004830073565244675
v -0.05641040578484535 0.11042056977748871 0.00457451306283474
v -0.0564076267182827 0.11042056977748871 0.0044999998062849045
v -0.056425102055072784 0.11042056977748871 0.004313874524086714
v -0.05650675296783447 0.1104205772280693 0.004065920133143663
v -0.05664979666471481 0.1104205846786499 0.003847547573968768
v -0.05684448778629303 0.1104205921292305 0.0036736386828124523
v -0.0570775531232357 0.1104205995798111 0.0035560447722673416
v -0.05733311176300049 0.11042061448097229 0.003502779873088002
v -0.057593751698732376 0.11042062193155289 0.0035174740478396416
v -0.057841707020998 0.11042063683271408 0.0035991256590932608
v -0.05806007981300354 0.11042064428329468 0.003742170287296176
v -0.05823398754000664 0.11042065173387527 0.003936859779059887
v -0.058351580053567886 0.11042065918445587 0.004169926512986422
v -0.05840484797954559 0.11042065918445587 0.004425487015396357
v -0.05697859823703766 0.1104205995798111 0.002462912118062377
v -0.057630665600299835 0.11042062193155289 0.002490030601620674
v -0.04570762440562248 0.1104200929403305 0.008100000210106373
v -0.0549447126686573 0.11042050272226334 -0.00042902681161649525
v -0.054907627403736115 0.11042050272226334 8.085701297963835e-14
v -0.05635577067732811 0.11042056977748871 0.0022679499816149473
v -0.0549175962805748 0.11042050272226334 0.00022304049343802035
v -0.05748213827610016 0.11042062193155289 -0.003502779873088002
v -0.05773770064115524 0.11042062938213348 -0.0035560447722673416
v -0.058459483087062836 0.11042065918445587 -0.0022679499816149473
v -0.05513967573642731 0.11042051017284393 -0.0010518566705286503
v -0.056755173951387405 0.1104205846786499 -0.003742170287296176
v -0.0554891936480999 0.11042053252458572 -0.0016030041733756661
v -0.05783665180206299 0.11042063683271408 -0.002462912118062377
v -0.05718458443880081 0.1104206070303917 -0.002490030601620674
v -0.05654771998524666 0.1104205772280693 -0.0023474579211324453
v -0.05722150206565857 0.1104206070303917 -0.0035174740478396416
v -0.055060166865587234 0.11042051017284393 0.0008599079446867108
v -0.05536271631717682 0.11042052507400513 0.0014381740475073457
v -0.057970765978097916 0.11042063683271408 -0.0036736386828124523
v -0.05901062861084938 0.11042068898677826 -0.0019184310222044587
v -0.056973546743392944 0.1104205921292305 -0.0035991256590932608
v -0.055804621428251266 0.11042053997516632 0.0019184310222044587
v -0.05596945062279701 0.11042054742574692 -0.0020449096336960793
v -0.06270762532949448 0.11042085289955139 -0.007300000172108412
v -0.05975508317351341 0.11042071878910065 -0.0008599079446867108
v -0.05830850079655647 0.11042065918445587 -0.004065920133143663
v -0.05945253744721413 0.11042070388793945 -0.0014381740475073457
v -0.05826753377914429 0.11042065173387527 0.0023474579211324453
v -0.04490762576460838 0.11042005568742752 0.007300000172108412
v -0.04490762576460838 0.11042005568742752 -0.007300000172108412
v -0.05641040578484535 0.11042056977748871 -0.004425487015396357
v -0.056425102055072784 0.11042056977748871 -0.0046861255541443825
v -0.0564076267182827 0.11042056977748871 -0.0044999998062849045
v -0.05816545709967613 0.11042065173387527 -0.003847547573968768
v -0.058845799416303635 0.11042068153619766 0.0020449096336960793
v -0.05932605639100075 0.11042070388793945 0.0016030041733756661
v -0.05650675296783447 0.1104205772280693 -0.004934079945087433
v -0.04570762440562248 0.1104200929403305 -0.008100000210106373
v -0.06190762668848038 0.11042081564664841 -0.008100000210106373
v -0.05733311176300049 0.11042061448097229 -0.00549721997231245
v -0.05989765748381615 0.11042072623968124 -0.00022304049343802035
v -0.057593751698732376 0.11042062193155289 -0.005482526030391455
v -0.05967557802796364 0.11042071878910065 0.0010518566705286503
v -0.06270762532949448 0.11042085289955139 0.007300000172108412
v -0.05664979666471481 0.1104205846786499 -0.0051524522714316845
v -0.0570775531232357 0.1104205995798111 -0.005443955305963755
v -0.05806007981300354 0.11042064428329468 -0.005257829558104277
v -0.057841707020998 0.11042063683271408 -0.005400874186307192
v -0.06190762668848038 0.11042081564664841 0.008100000210106373
v -0.059870537370443344 0.11042072623968124 0.00042902681161649525
v -0.05684448778629303 0.1104205921292305 -0.005326361395418644
v -0.058351580053567886 0.11042065918445587 -0.004830073565244675
v -0.05823398754000664 0.11042065173387527 -0.005063140299171209
v -0.05658126622438431 0.1104205772280693 -0.003936859779059887
v -0.05646366998553276 0.11042056977748871 -0.004169926512986422
v -0.05840484797954559 0.11042065918445587 -0.00457451306283474
v -0.05839015170931816 0.11042065918445587 -0.004313874524086714
v -0.04490791633725166 0.10392005741596222 0.007300000172108412
v -0.04490791633725166 0.10392005741596222 -0.007300000172108412
v -0.06657814979553223 0.10375125706195831 0.008100000210106373
v -0.06503666192293167 0.10453659296035767 0.008100000210106373
v -0.06548398733139038 0.10519984364509583 0.007300000172108412
v -0.06373094767332077 0.10567152500152588 0.008100000210106373
v -0.06432544440031052 0.10620685666799545 0.007300000172108412
v -0.06273858994245529 0.10708862543106079 0.008100000210106373
v -0.06344493478536606 0.10746423900127411 0.007300000172108412
v -0.0621185377240181 0.10870371013879776 0.008100000210106373
v -0.06289476901292801 0.10889727622270584 0.007300000172108412
v -0.06685172766447067 0.10450302064418793 0.007300000172108412
v -0.0621185377240181 0.10870371013879776 -0.008100000210106373
v -0.06289476901292801 0.10889727622270584 -0.007300000172108412
v -0.06273858994245529 0.10708862543106079 -0.008100000210106373
v -0.06344493478536606 0.10746423900127411 -0.007300000172108412
v -0.06373094767332077 0.10567152500152588 -0.008100000210106373
v -0.06432544440031052 0.10620685666799545 -0.007300000172108412
v -0.06503666192293167 0.10453659296035767 -0.008100000210106373
v -0.06548398733139038 0.10519984364509583 -0.007300000172108412
v -0.06657814979553223 0.10375125706195831 -0.008100000210106373
v -0.06685172766447067 0.10450302064418793 -0.007300000172108412
v -0.05839008465409279 0.11197065562009811 -0.004313874524086714
v -0.0583084300160408 0.11197065562009811 -0.004065920133143663
v -0.05816538631916046 0.11197064816951752 -0.003847547573968768
v -0.057970695197582245 0.11197064071893692 -0.0036736386828124523
v -0.05773762986063957 0.11197063326835632 -0.0035560447722673416
v -0.057482071220874786 0.11197061836719513 -0.003502779873088002
v -0.0572214312851429 0.11197060346603394 -0.0035174740478396416
v -0.056973475962877274 0.11197059601545334 -0.0035991256590932608
v -0.056755103170871735 0.11197058856487274 -0.003742170287296176
v -0.05658119544386864 0.11197058111429214 -0.003936859779059887
v -0.05646360293030739 0.11197057366371155 -0.004169926512986422
v -0.056425031274557114 0.11197057366371155 -0.0046861255541443825
v -0.05641033500432968 0.11197057366371155 -0.004425487015396357
v -0.0565066821873188 0.11197057366371155 -0.004934079945087433
v -0.05664972588419914 0.11197058111429214 -0.0051524522714316845
v -0.05684441700577736 0.11197058856487274 -0.005326361395418644
v -0.05707748234272003 0.11197060346603394 -0.005443955305963755
v -0.057333044707775116 0.11197061091661453 -0.00549721997231245
v -0.057593680918216705 0.11197062581777573 -0.005482526030391455
v -0.05784163624048233 0.11197063326835632 -0.005400874186307192
v -0.05806000903248787 0.11197064071893692 -0.005257829558104277
v -0.05823391675949097 0.11197065562009811 -0.005063140299171209
v -0.058351512998342514 0.11197065562009811 -0.004830073565244675
v -0.05840477719902992 0.11197066307067871 -0.00457451306283474
v -0.05652768909931183 0.11236057430505753 -0.0046666753478348255
v -0.05651452764868736 0.11236057430505753 -0.004433273803442717
v -0.05656222626566887 0.11236057430505753 -0.0042044189758598804
v -0.056595150381326675 0.11236058175563812 -0.004139164462685585
v -0.0567273311316967 0.11236058175563812 -0.003928766585886478
v -0.05666753277182579 0.11236058175563812 -0.00399570818990469
v -0.05682326853275299 0.11236058920621872 -0.0038213636726140976
v -0.05701882019639015 0.11236059665679932 -0.003693267237395048
v -0.057240862399339676 0.11236060410737991 -0.0036201481707394123
v -0.05743289738893509 0.11236061900854111 -0.0036093220114707947
v -0.05747426673769951 0.11236061900854111 -0.003606989746913314
v -0.05770311877131462 0.1123606264591217 -0.00365468836389482
v -0.057831693440675735 0.1123606339097023 -0.0037195603363215923
v -0.05803166702389717 0.1123606413602829 -0.0038670373614877462
v -0.05791183188557625 0.1123606413602829 -0.0037599934730678797
v -0.058086175471544266 0.1123606488108635 -0.003915729001164436
v -0.05821427330374718 0.1123606488108635 -0.004111281596124172
v -0.05828738957643509 0.11236065626144409 -0.004333324730396271
v -0.058296628296375275 0.11236065626144409 -0.004497168585658073
v -0.058300551027059555 0.11236065626144409 -0.00456672627478838
v -0.05825285241007805 0.11236065626144409 -0.0047955806367099285
v -0.05821992829442024 0.1123606488108635 -0.004860835615545511
v -0.058087751269340515 0.1123606488108635 -0.005071233492344618
v -0.05814754590392113 0.1123606488108635 -0.0050042918883264065
v -0.05799181014299393 0.1123606413602829 -0.005178636405616999
v -0.057796258479356766 0.1123606339097023 -0.005306732840836048
v -0.05757421627640724 0.11236061900854111 -0.005379851907491684
v -0.05738218128681183 0.11236061155796051 -0.005390678066760302
v -0.05734081193804741 0.11236061155796051 -0.005393010564148426
v -0.0571119599044323 0.11236060410737991 -0.00534531194716692
v -0.05698338523507118 0.11236059665679932 -0.005280439741909504
v -0.05678341165184975 0.11236058920621872 -0.005132962483912706
v -0.05690324679017067 0.11236058920621872 -0.005240006372332573
v -0.05672890320420265 0.11236058175563812 -0.00508427107706666
v -0.05660080537199974 0.11236058175563812 -0.004888718482106924
v -0.05657901614904404 0.11236058175563812 -0.004822546150535345
v -0.056953366845846176 0.11243129521608353 -0.0051252697594463825
v -0.05792686343193054 0.11251285672187805 -0.004218698479235172
v -0.05786170810461044 0.11243133991956711 -0.0038747303187847137
v -0.056821297854185104 0.11251281201839447 -0.004428131505846977
v -0.056756142526865005 0.11243128776550293 -0.004084163345396519
v -0.057115983217954636 0.11251281946897507 -0.003986353520303965
v -0.05749101936817169 0.11251284182071686 -0.0039153085090219975
v -0.05799376592040062 0.11251286417245865 -0.004571868106722832
v -0.058058928698301315 0.1124313473701477 -0.00491583626717329
v -0.05769908055663109 0.11251284927129745 -0.005013646557927132
v -0.05732404813170433 0.11251283437013626 -0.005084691569209099
v -0.05688820406794548 0.11251281201839447 -0.004781301598995924
v -0.05763033777475357 0.11259884387254715 -0.004650769755244255
v -0.057255301624536514 0.11259882897138596 -0.004721814766526222
v -0.05755975469946861 0.11259883642196655 -0.004278185311704874
v -0.057184722274541855 0.11259882152080536 -0.004349230322986841
v -0.057630497962236404 0.11422062665224075 0.002490030601620674
v -0.05697843059897423 0.11422059684991837 0.002462912118062377
v -0.05635559931397438 0.11422056704759598 0.0022679499816149473
v -0.055804453790187836 0.11422054469585419 0.0019184310222044587
v -0.05536254495382309 0.1142205223441124 0.0014381740475073457
v -0.055059999227523804 0.1142205074429512 0.0008599079446867108
v -0.05494454503059387 0.1142205074429512 -0.00042902681161649525
v -0.05491742491722107 0.1142205074429512 0.00022304049343802035
v -0.05513950437307358 0.1142205148935318 -0.0010518566705286503
v -0.05548902601003647 0.114220529794693 -0.0016030041733756661
v -0.05596928298473358 0.11422055214643478 -0.0020449096336960793
v -0.05654754862189293 0.11422057449817657 -0.0023474579211324453
v -0.05718441680073738 0.11422060430049896 -0.002490030601620674
v -0.05783648416399956 0.11422063410282135 -0.002462912118062377
v -0.058459311723709106 0.11422066390514374 -0.0022679499816149473
v -0.05901046097278595 0.11422068625688553 -0.0019184310222044587
v -0.0594523660838604 0.11422070860862732 -0.0014381740475073457
v -0.05975491553544998 0.11422072350978851 -0.0008599079446867108
v -0.05989748612046242 0.11422072350978851 -0.00022304049343802035
v -0.05987036973237991 0.11422072350978851 0.00042902681161649525
v -0.05967540666460991 0.11422071605920792 0.0010518566705286503
v -0.05932588875293732 0.11422070115804672 0.0016030041733756661
v -0.058845631778240204 0.11422067880630493 0.0020449096336960793
v -0.05826736241579056 0.11422065645456314 0.0023474579211324453
v -0.05716656520962715 0.11442060768604279 -0.0026892332825809717
v -0.056478746235370636 0.1144205704331398 -0.0025352544616907835
v -0.05585421994328499 0.11442054808139801 -0.0022085022646933794
v -0.05533554032444954 0.11442052572965622 -0.0017312444979324937
v -0.05495806038379669 0.11442050337791443 -0.0011360051576048136
v -0.054747503250837326 0.11442049592733383 -0.00046334892977029085
v -0.05471821501851082 0.11442049592733383 0.00024088373174890876
v -0.054872192442417145 0.11442050337791443 0.0009287005523219705
v -0.055198945105075836 0.11442051827907562 0.0015532280085608363
v -0.05567620322108269 0.11442054063081741 0.002071905415505171
v -0.05627144128084183 0.1144205629825592 0.002449386054649949
v -0.0569440983235836 0.11442059278488159 0.002659945050254464
v -0.05764833092689514 0.11442062258720398 0.0026892332825809717
v -0.05833614617586136 0.11442065984010696 0.0025352544616907835
v -0.058960676193237305 0.11442068219184875 0.0022085022646933794
v -0.059479352086782455 0.11442070454359055 0.0017312444979324937
v -0.0598568320274353 0.11442072689533234 0.0011360051576048136
v -0.06006739288568497 0.11442073434591293 0.00046334892977029085
v -0.060096681118011475 0.11442073434591293 -0.00024088373174890876
v -0.05994269996881485 0.11442072689533234 -0.0009287005523219705
v -0.05961595103144646 0.11442071199417114 -0.0015532280085608363
v -0.059138692915439606 0.11442068964242935 -0.002071905415505171
v -0.05854345113039017 0.11442066729068756 -0.002449386054649949
v -0.05787079781293869 0.11442063748836517 -0.002659945050254464
v -0.05654582008719444 0.1142650842666626 -0.002352166222408414
v -0.055966395884752274 0.11426505446434021 -0.002049011178314686
v -0.05548517405986786 0.11426503211259842 -0.0016062194481492043
v -0.055134955793619156 0.11426501721143723 -0.001053966348990798
v -0.05493960157036781 0.11426500976085663 -0.0004298873245716095
v -0.05491242930293083 0.11426500976085663 0.00022348786296788603
v -0.05505528673529625 0.11426501721143723 0.0008616326958872378
v -0.05535844340920448 0.11426502466201782 0.0014410587027668953
v -0.055801235139369965 0.11426504701375961 0.0019222790142521262
v -0.05635348707437515 0.1142650693655014 0.0022724990267306566
v -0.056977566331624985 0.11426509916782379 0.002467852085828781
v -0.05763094127178192 0.11426512897014618 0.0024950250517576933
v -0.058269087225198746 0.11426515877246857 0.002352166222408414
v -0.058848511427640915 0.11426518112421036 0.002049011178314686
v -0.05932973325252533 0.11426520347595215 0.0016062194481492043
v -0.05967995151877403 0.11426521837711334 0.001053966348990798
v -0.059875305742025375 0.11426523327827454 0.0004298873245716095
v -0.05990247800946236 0.11426523327827454 -0.00022348786296788603
v -0.05975962057709694 0.11426522582769394 -0.0008616326958872378
v -0.059456463903188705 0.11426521092653275 -0.0014410587027668953
v -0.059013672173023224 0.11426518857479095 -0.0019222790142521262
v -0.058461420238018036 0.11426516622304916 -0.0022724990267306566
v -0.057837340980768204 0.11426513642072678 -0.002467852085828781
v -0.05718396604061127 0.11426510661840439 -0.0024950250517576933
v -0.056540731340646744 0.11430735141038895 -0.002366055501624942
v -0.05595788359642029 0.11430732905864716 -0.002061110455542803
v -0.055473823100328445 0.11430730670690536 -0.0016157039208337665
v -0.0551215335726738 0.11430729180574417 -0.001060189912095666
v -0.05492502823472023 0.11430728435516357 -0.0004324257606640458
v -0.054897695779800415 0.11430727690458298 0.00022480753250420094
v -0.055041395127773285 0.11430728435516357 0.0008667205693200231
v -0.05534634366631508 0.11430729925632477 0.0014495679643005133
v -0.05579174682497978 0.11430732160806656 0.001933629740960896
v -0.05634726211428642 0.11430734395980835 0.0022859179880470037
v -0.056975025683641434 0.11430737376213074 0.0024824244901537895
v -0.05763226002454758 0.11430740356445312 0.002509757876396179
v -0.058274172246456146 0.11430743336677551 0.002366055501624942
v -0.0588570199906826 0.1143074557185173 0.002061110455542803
v -0.059341080486774445 0.1143074780702591 0.0016157039208337665
v -0.05969337001442909 0.11430749297142029 0.001060189912095666
v -0.05988987535238266 0.11430750042200089 0.0004324257606640458
v -0.05991721153259277 0.11430750787258148 -0.00022480753250420094
v -0.059773508459329605 0.11430750042200089 -0.0008667205693200231
v -0.05946856364607811 0.11430748552083969 -0.0014495679643005133
v -0.05902315676212311 0.1143074631690979 -0.001933629740960896
v -0.05846764147281647 0.11430744081735611 -0.0022859179880470037
v -0.057839877903461456 0.11430741101503372 -0.0024824244901537895
v -0.05718264356255531 0.11430738121271133 -0.002509757876396179
v -0.05653253570199013 0.11434527486562729 -0.0023884291294962168
v -0.05594417452812195 0.1143452450633049 -0.0020806004758924246
v -0.055455535650253296 0.11434522271156311 -0.0016309821512550116
v -0.05509991571307182 0.11434520781040192 -0.0010702151339501143
v -0.05490155145525932 0.11434520035982132 -0.00043651481973938644
v -0.054873961955308914 0.11434520035982132 0.00022693331993650645
v -0.05501902103424072 0.11434520781040192 0.0008749163243919611
v -0.05532684922218323 0.11434522271156311 0.0014632752863690257
v -0.05577646940946579 0.1143452376127243 0.0019519143970683217
v -0.05633723363280296 0.11434526741504669 0.0023075337521731853
v -0.05697093531489372 0.11434529721736908 0.0025058984756469727
v -0.0576343834400177 0.11434532701969147 0.002533490303903818
v -0.05828236788511276 0.11434534937143326 0.0023884291294962168
v -0.05887072533369064 0.11434537917375565 0.0020806004758924246
v -0.059359364211559296 0.11434540152549744 0.0016309821512550116
v -0.05971498414874077 0.11434541642665863 0.0010702151339501143
v -0.05991334840655327 0.11434542387723923 0.00043651481973938644
v -0.059940941631793976 0.11434542387723923 -0.00022693331993650645
v -0.05979587882757187 0.11434541642665863 -0.0008749163243919611
v -0.059488050639629364 0.11434540897607803 -0.0014632752863690257
v -0.0590384341776371 0.11434538662433624 -0.0019519143970683217
v -0.05847766622900963 0.11434536427259445 -0.0023075337521731853
v -0.05784396454691887 0.11434533447027206 -0.0025058984756469727
v -0.05718051642179489 0.11434530466794968 -0.002533490303903818
v -0.056521639227867126 0.11437693983316422 -0.0024181650951504707
v -0.05592595785856247 0.11437691748142242 -0.002106504049152136
v -0.05543123185634613 0.11437689512968063 -0.0016512878937646747
v -0.055071186274290085 0.11437688022851944 -0.001083539449609816
v -0.054870352149009705 0.11437686532735825 -0.00044194943620823324
v -0.05484241619706154 0.11437686532735825 0.00022975864703767002
v -0.0549892857670784 0.11437687277793884 0.0008858090732246637
v -0.05530094355344772 0.11437688767910004 0.0014814931200817227
v -0.055756162852048874 0.11437691003084183 0.001976215746253729
v -0.056323908269405365 0.11437693238258362 0.0023362624924629927
v -0.05696550011634827 0.114376962184906 0.0025370970834046602
v -0.057637207210063934 0.1143769919872284 0.002565032569691539
v -0.05829325690865517 0.11437702178955078 0.0024181650951504707
v -0.05888894200325012 0.11437704414129257 0.002106504049152136
v -0.05938366428017616 0.11437706649303436 0.0016512878937646747
v -0.05974370986223221 0.11437708884477615 0.001083539449609816
v -0.05994454771280289 0.11437709629535675 0.00044194943620823324
v -0.059972479939460754 0.11437709629535675 -0.00022975864703767002
v -0.05982561409473419 0.11437708884477615 -0.0008858090732246637
v -0.05951395258307457 0.11437707394361496 -0.0014814931200817227
v -0.05905873700976372 0.11437705904245377 -0.001976215746253729
v -0.05849098786711693 0.11437702924013138 -0.0023362624924629927
v -0.057849399745464325 0.11437699943780899 -0.0025370970834046602
v -0.05717768892645836 0.1143769696354866 -0.002565032569691539
v -0.05650859698653221 0.11440076678991318 -0.002453772583976388
v -0.05590413883328438 0.11440074443817139 -0.0021375222131609917
v -0.055402133613824844 0.1144007220864296 -0.0016756030963733792
v -0.05503678321838379 0.1144006997346878 -0.001099494518712163
v -0.05483299121260643 0.11440069228410721 -0.0004484571109060198
v -0.05480464547872543 0.11440069228410721 0.00023314183636102825
v -0.0549536757171154 0.1144006997346878 0.000898852595128119
v -0.05526992678642273 0.114400714635849 0.0015033079544082284
v -0.055731844156980515 0.11440073698759079 0.002005315385758877
v -0.05630795285105705 0.11440075933933258 0.002370663918554783
v -0.056958992034196854 0.11440078914165497 0.0025744556915014982
v -0.05764058977365494 0.11440081894397736 0.0026028023567050695
v -0.05830629914999008 0.11440084874629974 0.002453772583976388
v -0.058910757303237915 0.11440087854862213 0.0021375222131609917
v -0.05941276252269745 0.11440090090036392 0.0016756030963733792
v -0.059778112918138504 0.11440091580152512 0.001099494518712163
v -0.05998190492391586 0.11440092325210571 0.0004484571109060198
v -0.06001025065779686 0.11440092325210571 -0.00023314183636102825
v -0.05986122041940689 0.11440091580152512 -0.000898852595128119
v -0.059544969350099564 0.11440090835094452 -0.0015033079544082284
v -0.05908305197954178 0.11440088599920273 -0.002005315385758877
v -0.05850694328546524 0.11440085619688034 -0.002370663918554783
v -0.05785590410232544 0.11440082639455795 -0.0025744556915014982
v -0.057174306362867355 0.11440079659223557 -0.0026028023567050695
v -0.056494053453207016 0.11441555619239807 -0.0024934657849371433
v -0.05587982013821602 0.11441553384065628 -0.002172099659219384
v -0.05536969378590584 0.11441551148891449 -0.0017027083085849881
v -0.05499843508005142 0.1144154965877533 -0.0011172803351655602
v -0.054791346192359924 0.1144154816865921 -0.0004557115607894957
v -0.05476254224777222 0.1144154816865921 0.00023691324167884886
v -0.05491398274898529 0.1144154891371727 0.0009133927524089813
v -0.055235348641872406 0.11441550403833389 0.0015276260673999786
v -0.055704738944768906 0.11441552639007568 0.0020377542823553085
v -0.056290168315172195 0.11441554874181747 0.0024090127553790808
v -0.05695173516869545 0.11441557854413986 0.0026161011774092913
v -0.05764435976743698 0.11441560834646225 0.0026449065189808607
v -0.05832083895802498 0.11441563814878464 0.0024934657849371433
v -0.058935072273015976 0.11441566795110703 0.002172099659219384
v -0.059445202350616455 0.11441569030284882 0.0017027083085849881
v -0.05981646105647087 0.11441570520401001 0.0011172803351655602
v -0.06002354994416237 0.1144157201051712 0.0004557115607894957
v -0.060052353888750076 0.1144157201051712 -0.00023691324167884886
v -0.059900913387537 0.1144157126545906 -0.0009133927524089813
v -0.05957954749464989 0.11441569775342941 -0.0015276260673999786
v -0.05911015719175339 0.11441567540168762 -0.0020377542823553085
v -0.0585247278213501 0.11441565304994583 -0.0024090127553790808
v -0.057863157242536545 0.11441562324762344 -0.0026161011774092913
v -0.05717053264379501 0.11441559344530106 -0.0026449065189808607
v -0.053174395114183426 0.11442042887210846 0.00037916883593425155
v -0.053416769951581955 0.11442043632268906 0.0014618434943258762
v -0.0539311021566391 0.11442045867443085 0.002444895915687084
v -0.05468234047293663 0.11442049592733383 0.003261332865804434
v -0.058869291096925735 0.11442068219184875 0.003990678116679192
v -0.059852343052625656 0.11442072689533234 0.0034763463772833347
v -0.055619291961193085 0.11442053318023682 0.003855515271425247
v -0.05667810142040253 0.114420585334301 0.004186950623989105
v -0.057786617428064346 0.11442063003778458 0.004233052022755146
v -0.06066878139972687 0.11442076414823532 0.002725107129663229
v -0.05919560417532921 0.11442069709300995 -0.003855515271425247
v -0.05813679099082947 0.11442064493894577 -0.004186950623989105
v -0.06139812618494034 0.11442079395055771 -0.0014618434943258762
v -0.060883793979883194 0.11442077159881592 -0.002444895915687084
v -0.06013255566358566 0.11442073434591293 -0.003261332865804434
v -0.05702827870845795 0.11442060023546219 -0.004233052022755146
v -0.061262961477041245 0.11442078649997711 0.0017881562234833837
v -0.0615943968296051 0.1144208014011383 0.0007293455419130623
v -0.06164050102233887 0.1144208014011383 -0.00037916883593425155
v -0.05594560503959656 0.11442054808139801 -0.003990678116679192
v -0.05496254935860634 0.11442050337791443 -0.0034763463772833347
v -0.054146114736795425 0.11442046612501144 -0.002725107129663229
v -0.05355193093419075 0.11442044377326965 -0.0017881562234833837
v -0.05322049558162689 0.11442042887210846 -0.0007293455419130623
v -0.057786405086517334 0.11917062848806381 0.004233052022755146
v -0.056677889078855515 0.11917058378458023 0.004186950623989105
v -0.05561907961964607 0.11917053163051605 0.003855515271425247
v -0.05468212813138962 0.11917049437761307 0.003261332865804434
v -0.05393088981509209 0.11917045712471008 0.002444895915687084
v -0.05341655761003494 0.11917043477296829 0.0014618434943258762
v -0.053174182772636414 0.1191704273223877 0.00037916883593425155
v -0.05322028324007988 0.1191704273223877 -0.0007293455419130623
v -0.05355171859264374 0.11917044222354889 -0.0017881562234833837
v -0.05414590239524841 0.11917047202587128 -0.002725107129663229
v -0.054962337017059326 0.11917050927877426 -0.0034763463772833347
v -0.055945392698049545 0.11917054653167725 -0.003990678116679192
v -0.057028066366910934 0.11917059868574142 -0.004233052022755146
v -0.058136578649282455 0.1191706508398056 -0.004186950623989105
v -0.059195391833782196 0.11917069554328918 -0.003855515271425247
v -0.06013234332203865 0.11917074024677277 -0.003261332865804434
v -0.06088358163833618 0.11917077004909515 -0.002444895915687084
v -0.061397913843393326 0.11917079240083694 -0.0014618434943258762
v -0.061640284955501556 0.11917080730199814 -0.00037916883593425155
v -0.06159418448805809 0.11917079985141754 0.0007293455419130623
v -0.06126274913549423 0.11917078495025635 0.0017881562234833837
v -0.060668569058179855 0.11917076259851456 0.002725107129663229
v -0.059852130711078644 0.11917072534561157 0.0034763463772833347
v -0.05886907875537872 0.11917068064212799 0.003990678116679192
v -0.05776408687233925 0.11942063271999359 0.003984048962593079
v -0.056720782071352005 0.11942058801651001 0.003940659575164318
v -0.05572425201535225 0.11942054331302643 0.003628720063716173
v -0.05484241619706154 0.11942049860954285 0.0030694897286593914
v -0.05413536727428436 0.11942046880722046 0.002301078522577882
v -0.053651291877031326 0.11942044645547867 0.0013758527347818017
v -0.05342317372560501 0.11942043900489807 0.00035686479532159865
v -0.0534665621817112 0.11942043900489807 -0.0006864428869448602
v -0.053778503090143204 0.11942045390605927 -0.0016829705564305186
v -0.05433773249387741 0.11942047625780106 -0.0025648067239671946
v -0.05510614439845085 0.11942051351070404 -0.003271855413913727
v -0.056031372398138046 0.11942055076360703 -0.003755932440981269
v -0.05705035850405693 0.1194206029176712 -0.003984048962593079
v -0.05809366703033447 0.11942064762115479 -0.003940659575164318
v -0.05909019336104393 0.11942069232463837 -0.003628720063716173
v -0.05997202917933464 0.11942072957754135 -0.0030694897286593914
v -0.060679078102111816 0.11942075937986374 -0.002301078522577882
v -0.06116315722465515 0.11942078173160553 -0.0013758527347818017
v -0.06139127165079117 0.11942079663276672 -0.00035686479532159865
v -0.06134788319468498 0.11942078918218613 0.0006864428869448602
v -0.061035942286252975 0.11942077428102493 0.0016829705564305186
v -0.06047671288251877 0.11942075192928314 0.0025648067239671946
v -0.05970830097794533 0.11942071467638016 0.003271855413913727
v -0.05878307670354843 0.11942067742347717 0.003755932440981269
v -0.05670967698097229 0.11941206455230713 0.004004404414445162
v -0.05569702759385109 0.11941201984882355 0.0036874189972877502
v -0.05480092763900757 0.11941198259592056 0.003119142260402441
v -0.054082442075014114 0.11941194534301758 0.002338301157578826
v -0.05359053611755371 0.11941192299127579 0.0013981087831780314
v -0.05335872620344162 0.11941191554069519 0.0003626375109888613
v -0.053402818739414215 0.11941191554069519 -0.0006975469295866787
v -0.05371980369091034 0.11941193044185638 -0.0017101946286857128
v -0.05428808182477951 0.11941196024417877 -0.0026062955148518085
v -0.05506892129778862 0.11941199004650116 -0.00332478154450655
v -0.056009113788604736 0.11941203474998474 -0.003816689131781459
v -0.05704458802938461 0.11941207945346832 -0.004048496019095182
v -0.05810477212071419 0.1194121316075325 -0.004004404414445162
v -0.05911741778254509 0.11941217631101608 -0.0036874189972877502
v -0.06001351773738861 0.11941221356391907 -0.003119142260402441
v -0.06073200702667236 0.11941224336624146 -0.002338301157578826
v -0.06122391298413277 0.11941226571798325 -0.0013981087831780314
v -0.06145571917295456 0.11941228061914444 -0.0003626375109888613
v -0.061411626636981964 0.11941227316856384 0.0006975469295866787
v -0.06109464168548584 0.11941225826740265 0.0017101946286857128
v -0.06052636727690697 0.11941223591566086 0.0026062955148518085
v -0.05974552407860756 0.11941219866275787 0.00332478154450655
v -0.05880533158779144 0.11941216140985489 0.003816689131781459
v -0.057769861072301865 0.11941210925579071 0.004048496019095182
v -0.05669933184981346 0.11938709020614624 0.004063805099576712
v -0.05567166209220886 0.11938704550266266 0.00374211766757071
v -0.05476226657629013 0.11938700079917908 0.0031654112972319126
v -0.05403312295675278 0.11938697099685669 0.002372987335547805
v -0.05353391915559769 0.1193869486451149 0.001418848056346178
v -0.053298674523830414 0.1193869411945343 0.00036801680107600987
v -0.05334341898560524 0.1193869411945343 -0.0007078942144289613
v -0.05366510897874832 0.1193869560956955 -0.0017355633899569511
v -0.054241813719272614 0.11938697844743729 -0.00264495681039989
v -0.05503423884510994 0.11938701570034027 -0.0033741008955985308
v -0.0559883750975132 0.11938706040382385 -0.003873305395245552
v -0.057039208710193634 0.11938710510730743 -0.004108550492674112
v -0.058115117251873016 0.11938714981079102 -0.004063805099576712
v -0.059142787009477615 0.1193872019648552 -0.00374211766757071
v -0.06005218252539635 0.11938723921775818 -0.0031654112972319126
v -0.0607813261449337 0.11938726902008057 -0.002372987335547805
v -0.06128052994608879 0.11938729137182236 -0.001418848056346178
v -0.061515774577856064 0.11938730627298355 -0.00036801680107600987
v -0.06147103011608124 0.11938730627298355 0.0007078942144289613
v -0.061149343848228455 0.11938729137182236 0.0017355633899569511
v -0.060572635382413864 0.11938726156949997 0.00264495681039989
v -0.05978021025657654 0.11938722431659698 0.0033741008955985308
v -0.05882607400417328 0.119387187063694 0.003873305395245552
v -0.057775240391492844 0.11938713490962982 0.004108550492674112
v -0.05669044703245163 0.11934735625982285 0.004114813636988401
v -0.055649880319833755 0.11934731155633926 0.0037890884559601545
v -0.054729070514440536 0.11934727430343628 0.0032051431480795145
v -0.05399077385663986 0.1193472370505333 0.002402772894129157
v -0.05348530411720276 0.1193472146987915 0.0014366573886945844
v -0.053247105330228806 0.11934720724821091 0.0003726361319422722
v -0.0532924123108387 0.11934720724821091 -0.000716779672075063
v -0.053618136793375015 0.1193472221493721 -0.0017573480727151036
v -0.05420208349823952 0.11934725195169449 -0.002678156131878495
v -0.05500445514917374 0.11934728175401688 -0.0034164523240178823
v -0.05597056820988655 0.11934732645750046 -0.003921922761946917
v -0.05703458935022354 0.11934737861156464 -0.0041601210832595825
v -0.058124005794525146 0.11934742331504822 -0.004114813636988401
v -0.05916457623243332 0.1193474680185318 -0.0037890884559601545
v -0.06008538231253624 0.11934751272201538 -0.0032051431480795145
v -0.060823678970336914 0.11934754252433777 -0.002402772894129157
v -0.06132914870977402 0.11934756487607956 -0.0014366573886945844
v -0.06156734749674797 0.11934757977724075 -0.0003726361319422722
v -0.06152204051613808 0.11934757977724075 0.000716779672075063
v -0.06119631603360176 0.11934756487607956 0.0017573480727151036
v -0.06061236932873726 0.11934753507375717 0.002678156131878495
v -0.05980999767780304 0.11934749782085419 0.0034164523240178823
v -0.058843884617090225 0.1193474531173706 0.003921922761946917
v -0.057779863476753235 0.11934740841388702 0.0041601210832595825
v -0.056683629751205444 0.11929558217525482 0.004153953865170479
v -0.05563316494226456 0.11929553747177124 0.00382513040676713
v -0.054703596979379654 0.11929549276828766 0.003235630691051483
v -0.05395827814936638 0.11929546296596527 0.0024256280157715082
v -0.05344799906015396 0.11929544061422348 0.001450322917662561
v -0.05320753529667854 0.11929542571306229 0.00037618065834976733
v -0.05325327441096306 0.11929542571306229 -0.0007235977100208402
v -0.053582098335027695 0.11929544061422348 -0.0017740640323609114
v -0.0541715994477272 0.11929547041654587 -0.002703630831092596
v -0.05498160049319267 0.11929550766944885 -0.003448949661105871
v -0.05595690757036209 0.11929555237293243 -0.0039592282846570015
v -0.057031046599149704 0.11929559707641602 -0.00419969204813242
v -0.05813082680106163 0.1192956492304802 -0.004153953865170479
v -0.05918129161000252 0.11929569393396378 -0.00382513040676713
v -0.06011085957288742 0.11929573863744736 -0.003235630691051483
v -0.060856178402900696 0.11929576843976974 -0.0024256280157715082
v -0.06136645749211311 0.11929579079151154 -0.001450322917662561
v -0.06160692125558853 0.11929580569267273 -0.00037618065834976733
v -0.061561182141304016 0.11929579824209213 0.0007235977100208402
v -0.06123235821723938 0.11929578334093094 0.0017740640323609114
v -0.06064286082983017 0.11929576098918915 0.002703630831092596
v -0.0598328560590744 0.11929572373628616 0.003448949661105871
v -0.05885755270719528 0.11929567903280258 0.0039592282846570015
v -0.05778340995311737 0.119295634329319 0.00419969204813242
v -0.05667934939265251 0.11923528462648392 0.004178558476269245
v -0.055622659623622894 0.11923523992300034 0.0038477873895317316
v -0.054687585681676865 0.11923519521951675 0.0032547959126532078
v -0.05393785238265991 0.11923516541719437 0.002439995529130101
v -0.05342455208301544 0.11923514306545258 0.0014589134370908141
v -0.05318266525864601 0.11923512816429138 0.00037840884760953486
v -0.053228672593832016 0.11923513561487198 -0.0007278836565092206
v -0.05355944484472275 0.11923515051603317 -0.0017845721449702978
v -0.054152436554431915 0.11923517286777496 -0.002719644922763109
v -0.054967235773801804 0.11923521012067795 -0.0034693784546107054
v -0.05594831705093384 0.11923525482416153 -0.0039826794527471066
v -0.05702882260084152 0.11923529952764511 -0.004224567674100399
v -0.05813511461019516 0.11923535168170929 -0.004178558476269245
v -0.05919180437922478 0.11923539638519287 -0.0038477873895317316
v -0.06012687832117081 0.11923544108867645 -0.0032547959126532078
v -0.06087661162018776 0.11923547834157944 -0.002439995529130101
v -0.06138991191983223 0.11923550069332123 -0.0014589134370908141
v -0.06163179874420166 0.11923550814390182 -0.00037840884760953486
v -0.061585791409015656 0.11923550814390182 0.0007278836565092206
v -0.061255019158124924 0.11923549324274063 0.0017845721449702978
v -0.060662027448415756 0.11923546344041824 0.002719644922763109
v -0.05984722822904587 0.11923542618751526 0.0034693784546107054
v -0.058866143226623535 0.11923538893461227 0.0039826794527471066
v -0.05778564140200615 0.1192353367805481 0.004224567674100399
v -0.045707836747169495 0.10571173578500748 0.008100000210106373
v -0.04570791870355606 0.1039200946688652 0.008100000210106373
v -0.045862436294555664 0.1026621013879776 0.008100000210106373
v -0.04508620873093605 0.10246853530406952 0.007300000172108412
v -0.04631669819355011 0.10147886723279953 0.008100000210106373
v -0.04561035707592964 0.10110326111316681 0.007300000172108412
v -0.04704371839761734 0.10044067353010178 0.008100000210106373
v -0.04644922912120819 0.0999053418636322 0.007300000172108412
v -0.04800030589103699 0.09960919618606567 0.008100000210106373
v -0.047552984207868576 0.09894594550132751 0.007300000172108412
v -0.049129631370306015 0.09903384000062943 0.008100000210106373
v -0.04885604977607727 0.09828207641839981 0.007300000172108412
v -0.045687396079301834 0.10218937695026398 0.008100000210106373
v -0.04631328582763672 0.10089718550443649 0.008100000210106373
v -0.047252289950847626 0.09981101751327515 0.008100000210106373
v -0.045521341264247894 0.10503154247999191 0.008100000210106373
v -0.04541727900505066 0.10359952598810196 0.008100000210106373
v -0.048440415412187576 0.09900489449501038 0.008100000210106373
v -0.0497967004776001 0.0985337495803833 0.008100000210106373
v -0.050813257694244385 0.0984211415052414 0.008100000210106373
v -0.055823344737291336 0.10145282745361328 0.008100000210106373
v -0.05629449337720871 0.1028091087937355 0.008100000210106373
v -0.06389392167329788 0.0998731404542923 0.008100000210106373
v -0.06707840412855148 0.10262615978717804 0.008100000210106373
v -0.0657862201333046 0.10200027376413345 0.008100000210106373
v -0.0634227767586708 0.09851685911417007 0.008100000210106373
v -0.06470005214214325 0.10106126964092255 0.008100000210106373
v -0.05456354469060898 0.10802962630987167 0.008100000210106373
v -0.05612843483686447 0.10565127432346344 0.008100000210106373
v -0.055502548813819885 0.10694345831871033 0.008100000210106373
v -0.056398551911115646 0.10424111783504486 0.008100000210106373
v -0.06890401244163513 0.10290482640266418 0.008100000210106373
v -0.06848855316638947 0.10289628058671951 0.008100000210106373
v -0.06331871449947357 0.09708484262228012 0.008100000210106373
v -0.06358883529901505 0.09567469358444214 0.008100000210106373
v -0.055017221719026566 0.10026469826698303 0.008100000210106373
v -0.05337541922926903 0.10883575677871704 0.008100000210106373
v -0.06421472132205963 0.09438250213861465 0.008100000210106373
v -0.06515372544527054 0.0932963415980339 0.008100000210106373
v -0.052019134163856506 0.10930690169334412 0.008100000210106373
v -0.05058712139725685 0.10941096395254135 0.008100000210106373
v -0.06534744054079056 0.09313186258077621 0.008100000210106373
v -0.052638862282037735 0.09869980812072754 0.008100000210106373
v -0.05393105372786522 0.09932569414377213 0.008100000210106373
v -0.04679861292243004 0.10757595300674438 0.008100000210106373
v -0.04599248990416527 0.10638782382011414 0.008100000210106373
v -0.04917696863412857 0.10914084315299988 0.008100000210106373
v -0.047884780913591385 0.10851495712995529 0.008100000210106373
v -0.05122871324419975 0.09842968732118607 0.008100000210106373
v -0.05629449337720871 0.1028091087937355 0.009100000374019146
v -0.055823344737291336 0.10145282745361328 0.009100000374019146
v -0.055017221719026566 0.10026469826698303 0.009100000374019146
v -0.05393105372786522 0.09932569414377213 0.009100000374019146
v -0.052638862282037735 0.09869980812072754 0.009100000374019146
v -0.0497967004776001 0.0985337495803833 0.009100000374019146
v -0.0509079173207283 0.09842032194137573 0.009100000374019146
v -0.05122871324419975 0.09842968732118607 0.009100000374019146
v -0.048440415412187576 0.09900489449501038 0.009100000374019146
v -0.047252289950847626 0.09981101751327515 0.009100000374019146
v -0.04631328582763672 0.10089718550443649 0.009100000374019146
v -0.045687396079301834 0.10218937695026398 0.009100000374019146
v -0.04541727900505066 0.10359952598810196 0.009100000374019146
v -0.04599248990416527 0.10638782382011414 0.009100000374019146
v -0.045521341264247894 0.10503154247999191 0.009100000374019146
v -0.04679861292243004 0.10757595300674438 0.009100000374019146
v -0.047884780913591385 0.10851495712995529 0.009100000374019146
v -0.04917696863412857 0.10914084315299988 0.009100000374019146
v -0.05058712139725685 0.10941096395254135 0.009100000374019146
v -0.052019134163856506 0.10930690169334412 0.009100000374019146
v -0.05337541922926903 0.10883575677871704 0.009100000374019146
v -0.05456354469060898 0.10802962630987167 0.009100000374019146
v -0.055502548813819885 0.10694345831871033 0.009100000374019146
v -0.05612843483686447 0.10565127432346344 0.009100000374019146
v -0.056398551911115646 0.10424111783504486 0.009100000374019146
v -0.04856282100081444 0.10478664934635162 0.009100000374019146
v -0.04886694997549057 0.10536408424377441 0.009100000374019146
v -0.053253013640642166 0.1030540019273758 0.009100000374019146
v -0.052948884665966034 0.1024765595793724 0.009100000374019146
v -0.04844384267926216 0.10349803417921066 0.009100000374019146
v -0.04841850697994232 0.10415017604827881 0.009100000374019146
v -0.049310166388750076 0.10584313422441483 0.009100000374019146
v -0.05337199196219444 0.10434260964393616 0.009100000374019146
v -0.05339732766151428 0.10369047522544861 0.009100000374019146
v -0.05250566825270653 0.10199751704931259 0.009100000374019146
v -0.0506780669093132 0.10143091529607773 0.009100000374019146
v -0.05004159361124039 0.10157522559165955 0.009100000374019146
v -0.0494641549885273 0.10187935829162598 0.009100000374019146
v -0.048985108733177185 0.10232257097959518 0.009100000374019146
v -0.04863709956407547 0.10287467390298843 0.009100000374019146
v -0.049862269312143326 0.10619114339351654 0.009100000374019146
v -0.050485629588365555 0.10638440400362015 0.009100000374019146
v -0.0511377677321434 0.10640973597764969 0.009100000374019146
v -0.05177424103021622 0.10626541823148727 0.009100000374019146
v -0.052351679652929306 0.10596129298210144 0.009100000374019146
v -0.05283072590827942 0.10551807284355164 0.009100000374019146
v -0.053178735077381134 0.10496597737073898 0.009100000374019146
v -0.05195356532931328 0.10164950788021088 0.009100000374019146
v -0.05133020505309105 0.10145624727010727 0.009100000374019146
v -0.0509079173207283 0.1014203205704689 0.009100000374019146
v -0.04886694997549057 0.10536408424377441 0.013299999758601189
v -0.049310166388750076 0.10584313422441483 0.013299999758601189
v -0.049862269312143326 0.10619114339351654 0.013299999758601189
v -0.050485629588365555 0.10638440400362015 0.013299999758601189
v -0.0511377677321434 0.10640973597764969 0.013299999758601189
v -0.05177424103021622 0.10626541823148727 0.013299999758601189
v -0.052351679652929306 0.10596129298210144 0.013299999758601189
v -0.05283072590827942 0.10551807284355164 0.013299999758601189
v -0.053178735077381134 0.10496597737073898 0.013299999758601189
v -0.05337199196219444 0.10434260964393616 0.013299999758601189
v -0.05339732766151428 0.10369047522544861 0.013299999758601189
v -0.053253013640642166 0.1030540019273758 0.013299999758601189
v -0.052948884665966034 0.1024765595793724 0.013299999758601189
v -0.05250566825270653 0.10199751704931259 0.013299999758601189
v -0.05195356532931328 0.10164950788021088 0.013299999758601189
v -0.0506780669093132 0.10143091529607773 0.013299999758601189
v -0.05133020505309105 0.10145624727010727 0.013299999758601189
v -0.05004159361124039 0.10157522559165955 0.013299999758601189
v -0.0494641549885273 0.10187935829162598 0.013299999758601189
v -0.048985108733177185 0.10232257097959518 0.013299999758601189
v -0.04863709956407547 0.10287467390298843 0.013299999758601189
v -0.04844384267926216 0.10349803417921066 0.013299999758601189
v -0.04841850697994232 0.10415017604827881 0.013299999758601189
v -0.04856282100081444 0.10478664934635162 0.013299999758601189
v -0.05278560891747475 0.10259206593036652 0.013500000350177288
v -0.053065408021211624 0.10312330722808838 0.013500000350177288
v -0.05319817736744881 0.10370886325836182 0.013500000350177288
v -0.05317486822605133 0.1043088287115097 0.013500000350177288
v -0.05299707129597664 0.10488232225179672 0.013500000350177288
v -0.05267690122127533 0.10539025813341141 0.013500000350177288
v -0.052236177027225494 0.10579801350831985 0.013500000350177288
v -0.05170493572950363 0.10607781261205673 0.013500000350177288
v -0.051119379699230194 0.10621058195829391 0.013500000350177288
v -0.05051941052079201 0.10618727654218674 0.013500000350177288
v -0.04994592070579529 0.10600947588682175 0.013500000350177288
v -0.0494379848241806 0.10568930953741074 0.013500000350177288
v -0.04903022572398186 0.1052485853433609 0.013500000350177288
v -0.04875042662024498 0.10471734404563904 0.013500000350177288
v -0.0486176572740078 0.1041317880153656 0.013500000350177288
v -0.04864096641540527 0.10353181511163712 0.013500000350177288
v -0.048818763345479965 0.1029583290219307 0.013500000350177288
v -0.049138933420181274 0.10245039314031601 0.013500000350177288
v -0.04957965761423111 0.10204263031482697 0.013500000350177288
v -0.05011089891195297 0.10176283866167068 0.013500000350177288
v -0.05069645494222641 0.1016300693154335 0.013500000350177288
v -0.0509079173207283 0.10162032395601273 0.013500000350177288
v -0.0512964241206646 0.10165337473154068 0.013500000350177288
v -0.051869913935661316 0.10183116793632507 0.013500000350177288
v -0.052377849817276 0.10215134173631668 0.013500000350177288
v -0.0509079173207283 0.10392032563686371 0.013500000350177288
v -0.045707836747169495 0.10571173578500748 -0.008100000210106373
v -0.04570791870355606 0.1039200946688652 -0.008100000210106373
v -0.04885604977607727 0.09828207641839981 -0.007300000172108412
v -0.047552984207868576 0.09894594550132751 -0.007300000172108412
v -0.04644922912120819 0.0999053418636322 -0.007300000172108412
v -0.04561035707592964 0.10110326111316681 -0.007300000172108412
v -0.04508620873093605 0.10246853530406952 -0.007300000172108412
v -0.049129631370306015 0.09903384000062943 -0.008100000210106373
v -0.04800030589103699 0.09960919618606567 -0.008100000210106373
v -0.04704371839761734 0.10044067353010178 -0.008100000210106373
v -0.04631669819355011 0.10147886723279953 -0.008100000210106373
v -0.045862436294555664 0.1026621013879776 -0.008100000210106373
v -0.047252289950847626 0.09981101751327515 -0.008100000210106373
v -0.04631328582763672 0.10089718550443649 -0.008100000210106373
v -0.045687396079301834 0.10218937695026398 -0.008100000210106373
v -0.04541727900505066 0.10359952598810196 -0.008100000210106373
v -0.045521341264247894 0.10503154247999191 -0.008100000210106373
v -0.050813257694244385 0.0984211415052414 -0.008100000210106373
v -0.0497967004776001 0.0985337495803833 -0.008100000210106373
v -0.048440415412187576 0.09900489449501038 -0.008100000210106373
v -0.0634227767586708 0.09851685911417007 -0.008100000210106373
v -0.06389392167329788 0.0998731404542923 -0.008100000210106373
v -0.05629449337720871 0.1028091087937355 -0.008100000210106373
v -0.0657862201333046 0.10200027376413345 -0.008100000210106373
v -0.055823344737291336 0.10145282745361328 -0.008100000210106373
v -0.055017221719026566 0.10026469826698303 -0.008100000210106373
v -0.06358883529901505 0.09567469358444214 -0.008100000210106373
v -0.056398551911115646 0.10424111783504486 -0.008100000210106373
v -0.06707840412855148 0.10262615978717804 -0.008100000210106373
v -0.05456354469060898 0.10802962630987167 -0.008100000210106373
v -0.06421472132205963 0.09438250213861465 -0.008100000210106373
v -0.06534744054079056 0.09313186258077621 -0.008100000210106373
v -0.06515372544527054 0.0932963415980339 -0.008100000210106373
v -0.06331871449947357 0.09708484262228012 -0.008100000210106373
v -0.06848855316638947 0.10289628058671951 -0.008100000210106373
v -0.05337541922926903 0.10883575677871704 -0.008100000210106373
v -0.06470005214214325 0.10106126964092255 -0.008100000210106373
v -0.055502548813819885 0.10694345831871033 -0.008100000210106373
v -0.05612843483686447 0.10565127432346344 -0.008100000210106373
v -0.05058712139725685 0.10941096395254135 -0.008100000210106373
v -0.04917696863412857 0.10914084315299988 -0.008100000210106373
v -0.052019134163856506 0.10930690169334412 -0.008100000210106373
v -0.05393105372786522 0.09932569414377213 -0.008100000210106373
v -0.04679861292243004 0.10757595300674438 -0.008100000210106373
v -0.047884780913591385 0.10851495712995529 -0.008100000210106373
v -0.04599248990416527 0.10638782382011414 -0.008100000210106373
v -0.06890401244163513 0.10290482640266418 -0.008100000210106373
v -0.052638862282037735 0.09869980812072754 -0.008100000210106373
v -0.05122871324419975 0.09842968732118607 -0.008100000210106373
v -0.05629449337720871 0.1028091087937355 -0.009100000374019146
v -0.055823344737291336 0.10145282745361328 -0.009100000374019146
v -0.055017221719026566 0.10026469826698303 -0.009100000374019146
v -0.05393105372786522 0.09932569414377213 -0.009100000374019146
v -0.052638862282037735 0.09869980812072754 -0.009100000374019146
v -0.05122871324419975 0.09842968732118607 -0.009100000374019146
v -0.0497967004776001 0.0985337495803833 -0.009100000374019146
v -0.048440415412187576 0.09900489449501038 -0.009100000374019146
v -0.047252289950847626 0.09981101751327515 -0.009100000374019146
v -0.04631328582763672 0.10089718550443649 -0.009100000374019146
v -0.045687396079301834 0.10218937695026398 -0.009100000374019146
v -0.04541727900505066 0.10359952598810196 -0.009100000374019146
v -0.045521341264247894 0.10503154247999191 -0.009100000374019146
v -0.04599248990416527 0.10638782382011414 -0.009100000374019146
v -0.04679861292243004 0.10757595300674438 -0.009100000374019146
v -0.047884780913591385 0.10851495712995529 -0.009100000374019146
v -0.04917696863412857 0.10914084315299988 -0.009100000374019146
v -0.05058712139725685 0.10941096395254135 -0.009100000374019146
v -0.0509079173207283 0.10942032188177109 -0.009100000374019146
v -0.052019134163856506 0.10930690169334412 -0.009100000374019146
v -0.05337541922926903 0.10883575677871704 -0.009100000374019146
v -0.05456354469060898 0.10802962630987167 -0.009100000374019146
v -0.055502548813819885 0.10694345831871033 -0.009100000374019146
v -0.05612843483686447 0.10565127432346344 -0.009100000374019146
v -0.056398551911115646 0.10424111783504486 -0.009100000374019146
v -0.04856282100081444 0.10478664934635162 -0.009100000374019146
v -0.04841850697994232 0.10415017604827881 -0.009100000374019146
v -0.053253013640642166 0.1030540019273758 -0.009100000374019146
v -0.05339732766151428 0.10369047522544861 -0.009100000374019146
v -0.04886694997549057 0.10536408424377441 -0.009100000374019146
v -0.04844384267926216 0.10349803417921066 -0.009100000374019146
v -0.04863709956407547 0.10287467390298843 -0.009100000374019146
v -0.052948884665966034 0.1024765595793724 -0.009100000374019146
v -0.05337199196219444 0.10434260964393616 -0.009100000374019146
v -0.053178735077381134 0.10496597737073898 -0.009100000374019146
v -0.0511377677321434 0.10640973597764969 -0.009100000374019146
v -0.0509079173207283 0.10642032325267792 -0.009100000374019146
v -0.050485629588365555 0.10638440400362015 -0.009100000374019146
v -0.049862269312143326 0.10619114339351654 -0.009100000374019146
v -0.049310166388750076 0.10584313422441483 -0.009100000374019146
v -0.048985108733177185 0.10232257097959518 -0.009100000374019146
v -0.0494641549885273 0.10187935829162598 -0.009100000374019146
v -0.05004159361124039 0.10157522559165955 -0.009100000374019146
v -0.0506780669093132 0.10143091529607773 -0.009100000374019146
v -0.05133020505309105 0.10145624727010727 -0.009100000374019146
v -0.05195356532931328 0.10164950788021088 -0.009100000374019146
v -0.05250566825270653 0.10199751704931259 -0.009100000374019146
v -0.05283072590827942 0.10551807284355164 -0.009100000374019146
v -0.052351679652929306 0.10596129298210144 -0.009100000374019146
v -0.05177424103021622 0.10626541823148727 -0.009100000374019146
v -0.04886694997549057 0.10536408424377441 -0.013299999758601189
v -0.049310166388750076 0.10584313422441483 -0.013299999758601189
v -0.049862269312143326 0.10619114339351654 -0.013299999758601189
v -0.050485629588365555 0.10638440400362015 -0.013299999758601189
v -0.0511377677321434 0.10640973597764969 -0.013299999758601189
v -0.05177424103021622 0.10626541823148727 -0.013299999758601189
v -0.052351679652929306 0.10596129298210144 -0.013299999758601189
v -0.05283072590827942 0.10551807284355164 -0.013299999758601189
v -0.053178735077381134 0.10496597737073898 -0.013299999758601189
v -0.05337199196219444 0.10434260964393616 -0.013299999758601189
v -0.05339732766151428 0.10369047522544861 -0.013299999758601189
v -0.053253013640642166 0.1030540019273758 -0.013299999758601189
v -0.052948884665966034 0.1024765595793724 -0.013299999758601189
v -0.05250566825270653 0.10199751704931259 -0.013299999758601189
v -0.05195356532931328 0.10164950788021088 -0.013299999758601189
v -0.05133020505309105 0.10145624727010727 -0.013299999758601189
v -0.0506780669093132 0.10143091529607773 -0.013299999758601189
v -0.05004159361124039 0.10157522559165955 -0.013299999758601189
v -0.0494641549885273 0.10187935829162598 -0.013299999758601189
v -0.048985108733177185 0.10232257097959518 -0.013299999758601189
v -0.04863709956407547 0.10287467390298843 -0.013299999758601189
v -0.04844384267926216 0.10349803417921066 -0.013299999758601189
v -0.04841850697994232 0.10415017604827881 -0.013299999758601189
v -0.04856282100081444 0.10478664934635162 -0.013299999758601189
v -0.04903022572398186 0.1052485853433609 -0.013500000350177288
v -0.0494379848241806 0.10568930953741074 -0.013500000350177288
v -0.04994592070579529 0.10600947588682175 -0.013500000350177288
v -0.05051941052079201 0.10618727654218674 -0.013500000350177288
v -0.051119379699230194 0.10621058195829391 -0.013500000350177288
v -0.05170493572950363 0.10607781261205673 -0.013500000350177288
v -0.052236177027225494 0.10579801350831985 -0.013500000350177288
v -0.05267690122127533 0.10539025813341141 -0.013500000350177288
v -0.05299707129597664 0.10488232225179672 -0.013500000350177288
v -0.05317486822605133 0.1043088287115097 -0.013500000350177288
v -0.053207919001579285 0.10392032563686371 -0.013500000350177288
v -0.05319817736744881 0.10370886325836182 -0.013500000350177288
v -0.053065408021211624 0.10312330722808838 -0.013500000350177288
v -0.05278560891747475 0.10259206593036652 -0.013500000350177288
v -0.052377849817276 0.10215134173631668 -0.013500000350177288
v -0.051869913935661316 0.10183116793632507 -0.013500000350177288
v -0.0512964241206646 0.10165337473154068 -0.013500000350177288
v -0.05069645494222641 0.1016300693154335 -0.013500000350177288
v -0.05011089891195297 0.10176283866167068 -0.013500000350177288
v -0.04957965761423111 0.10204263031482697 -0.013500000350177288
v -0.049138933420181274 0.10245039314031601 -0.013500000350177288
v -0.048818763345479965 0.1029583290219307 -0.013500000350177288
v -0.04864096641540527 0.10353181511163712 -0.013500000350177288
v -0.0486176572740078 0.1041317880153656 -0.013500000350177288
v -0.04875042662024498 0.10471734404563904 -0.013500000350177288
v -0.0509079173207283 0.10392032563686371 -0.013500000350177288
v -0.06675748527050018 0.09176739305257797 0.007300000172108412
v -0.06703107059001923 0.09251916408538818 0.008100000210106373
v -0.06634185463190079 0.09249021112918854 0.008100000210106373
v -0.07291865348815918 0.0937500149011612 0.008100000210106373
v -0.07372478395700455 0.09493814408779144 0.008100000210106373
v -0.07344585657119751 0.09505131840705872 0.008100000210106373
v -0.07387455552816391 0.09622932225465775 0.008100000210106373
v -0.06769813597202301 0.09201906621456146 0.008100000210106373
v -0.06825215369462967 0.09223558008670807 0.008100000210106373
v -0.06950561702251434 0.0922524705529213 0.008100000210106373
v -0.06913015246391296 0.09191500395536423 0.008100000210106373
v -0.07054030150175095 0.0921851247549057 0.008100000210106373
v -0.07071862369775772 0.09256883710622787 0.008100000210106373
v -0.07182066887617111 0.0931663066148758 0.008100000210106373
v -0.07419592887163162 0.09629442542791367 0.008100000210106373
v -0.07400888204574585 0.09747568517923355 0.008100000210106373
v -0.07183249294757843 0.09281101077795029 0.008100000210106373
v -0.07274770736694336 0.09401014447212219 0.008100000210106373
v -0.07429999113082886 0.09772644191980362 0.008100000210106373
v -0.07402987033128738 0.0991365909576416 0.008100000210106373
v -0.07384102791547775 0.09871798008680344 0.008100000210106373
v -0.07338075339794159 0.09988400340080261 0.008100000210106373
v -0.0734039843082428 0.10042877495288849 0.008100000210106373
v -0.07246498018503189 0.10151494294404984 0.008100000210106373
v -0.07265480607748032 0.10090599209070206 0.008100000210106373
v -0.07127685099840164 0.1023210734128952 0.008100000210106373
v -0.07170537859201431 0.10172455757856369 0.008100000210106373
v -0.0705876424908638 0.10229212045669556 0.008100000210106373
v -0.06992056965827942 0.10279221832752228 0.008100000210106373
v -0.07086122035980225 0.10304389148950577 0.007300000172108412
v -0.06816642731428146 0.09144018590450287 0.007300000172108412
v -0.06961274147033691 0.09145966917276382 0.007300000172108412
v -0.07101235538721085 0.09182471036911011 0.007300000172108412
v -0.07228394597768784 0.09251409769058228 0.007300000172108412
v -0.0733536034822464 0.09348776191473007 0.007300000172108412
v -0.0741591677069664 0.09468911588191986 0.007300000172108412
v -0.07465381920337677 0.09604834765195847 0.007300000172108412
v -0.07480880618095398 0.0974864587187767 0.007300000172108412
v -0.07461513578891754 0.09891987591981888 0.007300000172108412
v -0.07408405095338821 0.10026528686285019 0.007300000172108412
v -0.07324641942977905 0.10144451260566711 0.007300000172108412
v -0.07215091586112976 0.10238900780677795 0.007300000172108412
v -0.07086122035980225 0.10304389148950577 -0.007300000172108412
v -0.07215091586112976 0.10238900780677795 -0.007300000172108412
v -0.07324641942977905 0.10144451260566711 -0.007300000172108412
v -0.07408405095338821 0.10026528686285019 -0.007300000172108412
v -0.07461513578891754 0.09891987591981888 -0.007300000172108412
v -0.07480880618095398 0.0974864587187767 -0.007300000172108412
v -0.07465381920337677 0.09604834765195847 -0.007300000172108412
v -0.0741591677069664 0.09468911588191986 -0.007300000172108412
v -0.0733536034822464 0.09348776191473007 -0.007300000172108412
v -0.07228394597768784 0.09251409769058228 -0.007300000172108412
v -0.07101235538721085 0.09182471036911011 -0.007300000172108412
v -0.06961274147033691 0.09145966917276382 -0.007300000172108412
v -0.06816642731428146 0.09144018590450287 -0.007300000172108412
v -0.06675748527050018 0.09176739305257797 -0.007300000172108412
v -0.06703107059001923 0.09251916408538818 -0.008100000210106373
v -0.0705876424908638 0.10229212045669556 -0.008100000210106373
v -0.07170537859201431 0.10172455757856369 -0.008100000210106373
v -0.07265480607748032 0.10090599209070206 -0.008100000210106373
v -0.07338075339794159 0.09988400340080261 -0.008100000210106373
v -0.07384102791547775 0.09871798008680344 -0.008100000210106373
v -0.07400888204574585 0.09747568517923355 -0.008100000210106373
v -0.07387455552816391 0.09622932225465775 -0.008100000210106373
v -0.07344585657119751 0.09505131840705872 -0.008100000210106373
v -0.07274770736694336 0.09401014447212219 -0.008100000210106373
v -0.07182066887617111 0.0931663066148758 -0.008100000210106373
v -0.07071862369775772 0.09256883710622787 -0.008100000210106373
v -0.06950561702251434 0.0922524705529213 -0.008100000210106373
v -0.06825215369462967 0.09223558008670807 -0.008100000210106373
v -0.07402987033128738 0.0991365909576416 -0.008100000210106373
v -0.07429999113082886 0.09772644191980362 -0.008100000210106373
v -0.07372478395700455 0.09493814408779144 -0.008100000210106373
v -0.07291865348815918 0.0937500149011612 -0.008100000210106373
v -0.07246498018503189 0.10151494294404984 -0.008100000210106373
v -0.0734039843082428 0.10042877495288849 -0.008100000210106373
v -0.07419592887163162 0.09629442542791367 -0.008100000210106373
v -0.07183249294757843 0.09281101077795029 -0.008100000210106373
v -0.06769813597202301 0.09201906621456146 -0.008100000210106373
v -0.06634185463190079 0.09249021112918854 -0.008100000210106373
v -0.07054030150175095 0.0921851247549057 -0.008100000210106373
v -0.06913015246391296 0.09191500395536423 -0.008100000210106373
v -0.06992056965827942 0.10279221832752228 -0.008100000210106373
v -0.07127685099840164 0.1023210734128952 -0.008100000210106373
v -0.07419592887163162 0.09629442542791367 0.009100000374019146
v -0.07372478395700455 0.09493814408779144 0.009100000374019146
v -0.07291865348815918 0.0937500149011612 0.009100000374019146
v -0.07183249294757843 0.09281101077795029 0.009100000374019146
v -0.07054030150175095 0.0921851247549057 0.009100000374019146
v -0.06880935281515121 0.0919056385755539 0.009100000374019146
v -0.06769813597202301 0.09201906621456146 0.009100000374019146
v -0.06515372544527054 0.0932963415980339 0.009100000374019146
v -0.06634185463190079 0.09249021112918854 0.009100000374019146
v -0.06421472132205963 0.09438250213861465 0.009100000374019146
v -0.06358883529901505 0.09567469358444214 0.009100000374019146
v -0.06331871449947357 0.09708484262228012 0.009100000374019146
v -0.0634227767586708 0.09851685911417007 0.009100000374019146
v -0.06389392167329788 0.0998731404542923 0.009100000374019146
v -0.06470005214214325 0.10106126964092255 0.009100000374019146
v -0.0657862201333046 0.10200027376413345 0.009100000374019146
v -0.06707840412855148 0.10262615978717804 0.009100000374019146
v -0.06992056965827942 0.10279221832752228 0.009100000374019146
v -0.06848855316638947 0.10289628058671951 0.009100000374019146
v -0.07127685099840164 0.1023210734128952 0.009100000374019146
v -0.07246498018503189 0.10151494294404984 0.009100000374019146
v -0.0734039843082428 0.10042877495288849 0.009100000374019146
v -0.07402987033128738 0.0991365909576416 0.009100000374019146
v -0.07429999113082886 0.09772644191980362 0.009100000374019146
v -0.06913015246391296 0.09191500395536423 0.009100000374019146
v -0.07419592887163162 0.09629442542791367 -0.009100000374019146
v -0.07372478395700455 0.09493814408779144 -0.009100000374019146
v -0.07291865348815918 0.0937500149011612 -0.009100000374019146
v -0.07183249294757843 0.09281101077795029 -0.009100000374019146
v -0.07054030150175095 0.0921851247549057 -0.009100000374019146
v -0.06913015246391296 0.09191500395536423 -0.009100000374019146
v -0.06769813597202301 0.09201906621456146 -0.009100000374019146
v -0.06634185463190079 0.09249021112918854 -0.009100000374019146
v -0.06515372544527054 0.0932963415980339 -0.009100000374019146
v -0.06421472132205963 0.09438250213861465 -0.009100000374019146
v -0.06358883529901505 0.09567469358444214 -0.009100000374019146
v -0.06331871449947357 0.09708484262228012 -0.009100000374019146
v -0.0634227767586708 0.09851685911417007 -0.009100000374019146
v -0.06389392167329788 0.0998731404542923 -0.009100000374019146
v -0.06470005214214325 0.10106126964092255 -0.009100000374019146
v -0.0657862201333046 0.10200027376413345 -0.009100000374019146
v -0.06707840412855148 0.10262615978717804 -0.009100000374019146
v -0.06848855316638947 0.10289628058671951 -0.009100000374019146
v -0.06992056965827942 0.10279221832752228 -0.009100000374019146
v -0.07127685099840164 0.1023210734128952 -0.009100000374019146
v -0.07246498018503189 0.10151494294404984 -0.009100000374019146
v -0.0734039843082428 0.10042877495288849 -0.009100000374019146
v -0.07402987033128738 0.0991365909576416 -0.009100000374019146
v -0.07429999113082886 0.09772644191980362 -0.009100000374019146
v -0.06650281697511673 0.09836995601654053 -0.009100000374019146
v -0.06633182615041733 0.09774012118577957 -0.009100000374019146
v -0.06649651378393173 0.09645654261112213 -0.009100000374019146
v -0.06682096421718597 0.09589027613401413 -0.009100000374019146
v -0.0711158886551857 0.09644132852554321 -0.009100000374019146
v -0.0712868794798851 0.09707116335630417 -0.009100000374019146
v -0.0711221918463707 0.09835473448038101 -0.009100000374019146
v -0.07079774141311646 0.09892100095748901 -0.009100000374019146
v -0.06786026060581207 0.09971848130226135 -0.009100000374019146
v -0.06849120557308197 0.09988531470298767 -0.009100000374019146
v -0.06683099269866943 0.09893406927585602 -0.009100000374019146
v -0.06632968038320541 0.09708749502897263 -0.009100000374019146
v -0.06847487390041351 0.09492811560630798 -0.009100000374019146
v -0.06912750005722046 0.09492596983909607 -0.009100000374019146
v -0.06975845247507095 0.09509280323982239 -0.009100000374019146
v -0.07032471895217896 0.09541725367307663 -0.009100000374019146
v -0.070787712931633 0.09587721526622772 -0.009100000374019146
v -0.07128902524709702 0.09772378951311111 -0.009100000374019146
v -0.06729399412870407 0.09939403086900711 -0.009100000374019146
v -0.06728092581033707 0.09542728215456009 -0.009100000374019146
v -0.06784503906965256 0.09509910643100739 -0.009100000374019146
v -0.07033777981996536 0.09938400238752365 -0.009100000374019146
v -0.06977366656064987 0.09971217811107635 -0.009100000374019146
v -0.06914383172988892 0.09988316893577576 -0.009100000374019146
v -0.06880935281515121 0.09990563988685608 -0.009100000374019146
v -0.06683099269866943 0.09893406927585602 -0.013299999758601189
v -0.06650281697511673 0.09836995601654053 -0.013299999758601189
v -0.06633182615041733 0.09774012118577957 -0.013299999758601189
v -0.06632968038320541 0.09708749502897263 -0.013299999758601189
v -0.06649651378393173 0.09645654261112213 -0.013299999758601189
v -0.06682096421718597 0.09589027613401413 -0.013299999758601189
v -0.06728092581033707 0.09542728215456009 -0.013299999758601189
v -0.06784503906965256 0.09509910643100739 -0.013299999758601189
v -0.06847487390041351 0.09492811560630798 -0.013299999758601189
v -0.06912750005722046 0.09492596983909607 -0.013299999758601189
v -0.06975845247507095 0.09509280323982239 -0.013299999758601189
v -0.07032471895217896 0.09541725367307663 -0.013299999758601189
v -0.070787712931633 0.09587721526622772 -0.013299999758601189
v -0.0711158886551857 0.09644132852554321 -0.013299999758601189
v -0.0712868794798851 0.09707116335630417 -0.013299999758601189
v -0.07128902524709702 0.09772378951311111 -0.013299999758601189
v -0.0711221918463707 0.09835473448038101 -0.013299999758601189
v -0.07079774141311646 0.09892100095748901 -0.013299999758601189
v -0.07033777981996536 0.09938400238752365 -0.013299999758601189
v -0.06977366656064987 0.09971217811107635 -0.013299999758601189
v -0.06849120557308197 0.09988531470298767 -0.013299999758601189
v -0.06914383172988892 0.09988316893577576 -0.013299999758601189
v -0.06786026060581207 0.09971848130226135 -0.013299999758601189
v -0.06729399412870407 0.09939403086900711 -0.013299999758601189
v -0.07062944769859314 0.09599948674440384 -0.013500000350177288
v -0.07020348310470581 0.09557632356882095 -0.013500000350177288
v -0.0696825236082077 0.0952778309583664 -0.013500000350177288
v -0.06910204887390137 0.09512434154748917 -0.013500000350177288
v -0.06850163638591766 0.09512632340192795 -0.013500000350177288
v -0.0679221898317337 0.0952836275100708 -0.013500000350177288
v -0.06740319728851318 0.09558554738759995 -0.013500000350177288
v -0.0669800415635109 0.09601151198148727 -0.013500000350177288
v -0.06668154150247574 0.09653247147798538 -0.013500000350177288
v -0.06652805209159851 0.09711294621229172 -0.013500000350177288
v -0.06653003394603729 0.09771335870027542 -0.013500000350177288
v -0.06668733805418015 0.09829280525445938 -0.013500000350177288
v -0.06698926538228989 0.0988117977976799 -0.013500000350177288
v -0.06741522252559662 0.09923495352268219 -0.013500000350177288
v -0.06793618202209473 0.09953345358371735 -0.013500000350177288
v -0.06851665675640106 0.09968694299459457 -0.013500000350177288
v -0.06911706924438477 0.09968496114015579 -0.013500000350177288
v -0.06969652324914932 0.09952765703201294 -0.013500000350177288
v -0.07021550834178925 0.0992257297039032 -0.013500000350177288
v -0.07063867151737213 0.09879977256059647 -0.013500000350177288
v -0.07093716412782669 0.09827881306409836 -0.013500000350177288
v -0.07109065353870392 0.09769833832979202 -0.013500000350177288
v -0.07108867168426514 0.09709792584180832 -0.013500000350177288
v -0.07093136757612228 0.09651847183704376 -0.013500000350177288
v -0.06880935281515121 0.09740564227104187 -0.013500000350177288
v -0.06633182615041733 0.09774012118577957 0.009100000374019146
v -0.066309355199337 0.09740564227104187 0.009100000374019146
v -0.06632968038320541 0.09708749502897263 0.009100000374019146
v -0.0711221918463707 0.09835473448038101 0.009100000374019146
v -0.07128902524709702 0.09772378951311111 0.009100000374019146
v -0.0711158886551857 0.09644132852554321 0.009100000374019146
v -0.070787712931633 0.09587721526622772 0.009100000374019146
v -0.06650281697511673 0.09836995601654053 0.009100000374019146
v -0.06786026060581207 0.09971848130226135 0.009100000374019146
v -0.06849120557308197 0.09988531470298767 0.009100000374019146
v -0.06914383172988892 0.09988316893577576 0.009100000374019146
v -0.06977366656064987 0.09971217811107635 0.009100000374019146
v -0.0712868794798851 0.09707116335630417 0.009100000374019146
v -0.07032471895217896 0.09541725367307663 0.009100000374019146
v -0.06728092581033707 0.09542728215456009 0.009100000374019146
v -0.06682096421718597 0.09589027613401413 0.009100000374019146
v -0.06649651378393173 0.09645654261112213 0.009100000374019146
v -0.06683099269866943 0.09893406927585602 0.009100000374019146
v -0.06729399412870407 0.09939403086900711 0.009100000374019146
v -0.07033777981996536 0.09938400238752365 0.009100000374019146
v -0.07079774141311646 0.09892100095748901 0.009100000374019146
v -0.06975845247507095 0.09509280323982239 0.009100000374019146
v -0.06912750005722046 0.09492596983909607 0.009100000374019146
v -0.06847487390041351 0.09492811560630798 0.009100000374019146
v -0.06784503906965256 0.09509910643100739 0.009100000374019146
v -0.06683099269866943 0.09893406927585602 0.013299999758601189
v -0.06650281697511673 0.09836995601654053 0.013299999758601189
v -0.06633182615041733 0.09774012118577957 0.013299999758601189
v -0.06632968038320541 0.09708749502897263 0.013299999758601189
v -0.06649651378393173 0.09645654261112213 0.013299999758601189
v -0.06682096421718597 0.09589027613401413 0.013299999758601189
v -0.06728092581033707 0.09542728215456009 0.013299999758601189
v -0.06784503906965256 0.09509910643100739 0.013299999758601189
v -0.06847487390041351 0.09492811560630798 0.013299999758601189
v -0.06912750005722046 0.09492596983909607 0.013299999758601189
v -0.06975845247507095 0.09509280323982239 0.013299999758601189
v -0.07032471895217896 0.09541725367307663 0.013299999758601189
v -0.070787712931633 0.09587721526622772 0.013299999758601189
v -0.0711158886551857 0.09644132852554321 0.013299999758601189
v -0.0712868794798851 0.09707116335630417 0.013299999758601189
v -0.07128902524709702 0.09772378951311111 0.013299999758601189
v -0.0711221918463707 0.09835473448038101 0.013299999758601189
v -0.07079774141311646 0.09892100095748901 0.013299999758601189
v -0.07033777981996536 0.09938400238752365 0.013299999758601189
v -0.06977366656064987 0.09971217811107635 0.013299999758601189
v -0.06914383172988892 0.09988316893577576 0.013299999758601189
v -0.06849120557308197 0.09988531470298767 0.013299999758601189
v -0.06786026060581207 0.09971848130226135 0.013299999758601189
v -0.06729399412870407 0.09939403086900711 0.013299999758601189
v -0.06698926538228989 0.0988117977976799 0.013500000350177288
v -0.06668733805418015 0.09829280525445938 0.013500000350177288
v -0.06653003394603729 0.09771335870027542 0.013500000350177288
v -0.06652805209159851 0.09711294621229172 0.013500000350177288
v -0.06668154150247574 0.09653247147798538 0.013500000350177288
v -0.0669800415635109 0.09601151198148727 0.013500000350177288
v -0.06740319728851318 0.09558554738759995 0.013500000350177288
v -0.0679221898317337 0.0952836275100708 0.013500000350177288
v -0.06850163638591766 0.09512632340192795 0.013500000350177288
v -0.06910204887390137 0.09512434154748917 0.013500000350177288
v -0.0696825236082077 0.0952778309583664 0.013500000350177288
v -0.07020348310470581 0.09557632356882095 0.013500000350177288
v -0.07062944769859314 0.09599948674440384 0.013500000350177288
v -0.07093136757612228 0.09651847183704376 0.013500000350177288
v -0.07108867168426514 0.09709792584180832 0.013500000350177288
v -0.07109065353870392 0.09769833832979202 0.013500000350177288
v -0.07093716412782669 0.09827881306409836 0.013500000350177288
v -0.07063867151737213 0.09879977256059647 0.013500000350177288
v -0.07021550834178925 0.0992257297039032 0.013500000350177288
v -0.06969652324914932 0.09952765703201294 0.013500000350177288
v -0.06911706924438477 0.09968496114015579 0.013500000350177288
v -0.06851665675640106 0.09968694299459457 0.013500000350177288
v -0.06793618202209473 0.09953345358371735 0.013500000350177288
v -0.06741522252559662 0.09923495352268219 0.013500000350177288
v -0.06880935281515121 0.09740564227104187 0.013500000350177288
v -0.06685172766447067 0.10450302064418793 0.003599999938160181
v -0.06685172766447067 0.10450302064418793 -0.003599999938160181
v -0.06558006256818771 0.10496580600738525 -0.003599999938160181
v -0.06558006256818771 0.10496580600738525 0.003599999938160181
v -0.06548398733139038 0.10519984364509583 -0.003599999938160181
v -0.06530614197254181 0.10532429814338684 0.003599999938160181
v -0.06530614197254181 0.10532429814338684 -0.003599999938160181
v -0.06548398733139038 0.10519984364509583 0.003599999938160181
v -0.0654122605919838 0.10498682409524918 -0.003599999938160181
v -0.06532906740903854 0.10496892780065536 -0.003599999938160181
v -0.06549734622240067 0.10498577356338501 -0.003599999938160181
v -0.06525195389986038 0.10493295639753342 -0.003599999938160181
v -0.06518477201461792 0.10488073527812958 -0.003599999938160181
v -0.06513088941574097 0.10481487214565277 -0.003599999938160181
v -0.0650930255651474 0.10473866760730743 -0.003599999938160181
v -0.0654122605919838 0.10498682409524918 0.003599999938160181
v -0.06525195389986038 0.10493295639753342 0.003599999938160181
v -0.06532906740903854 0.10496892780065536 0.003599999938160181
v -0.0650930255651474 0.10473866760730743 0.003599999938160181
v -0.06513088941574097 0.10481487214565277 0.003599999938160181
v -0.06518477201461792 0.10488073527812958 0.003599999938160181
v -0.06549734622240067 0.10498577356338501 0.003599999938160181
v -0.06147632747888565 0.09368930757045746 0.003599999938160181
v -0.061119236052036285 0.093819260597229 0.003599999938160181
v -0.06147632747888565 0.09368930757045746 -0.003599999938160181
v -0.061119236052036285 0.093819260597229 -0.003599999938160181
v -0.06124918907880783 0.09417635202407837 0.003599999938160181
v -0.06124918907880783 0.09417635202407837 -0.003599999938160181
v -0.061400122940540314 0.09372717887163162 -0.003599999938160181
v -0.061400122940540314 0.09372717887163162 0.003599999938160181
v -0.06133425980806351 0.09378106147050858 -0.003599999938160181
v -0.06133425980806351 0.09378106147050858 0.003599999938160181
v -0.06128203496336937 0.09384824335575104 -0.003599999938160181
v -0.06128203496336937 0.09384824335575104 0.003599999938160181
v -0.06124607101082802 0.0939253568649292 -0.003599999938160181
v -0.06124607101082802 0.0939253568649292 0.003599999938160181
v -0.06122816726565361 0.09400855004787445 -0.003599999938160181
v -0.06122816726565361 0.09400855004787445 0.003599999938160181
v -0.06122922524809837 0.09409363567829132 -0.003599999938160181
v -0.06122922524809837 0.09409363567829132 0.003599999938160181
v -0.05641515552997589 0.11942057311534882 0.0021390384063124657
v -0.05876364931464195 0.11942067742347717 0.0019286756869405508
v -0.05505872890353203 0.11942051351070404 0.0002103627339238301
v -0.05605079606175423 0.11942055821418762 -0.0019286756869405508
v -0.05839929357171059 0.11942066252231598 -0.0021390384063124657
v -0.05975572019815445 0.11942072212696075 -0.0002103627339238301
v -0.055737052112817764 0.11692053824663162 0.0011747005628421903
v -0.05505884066224098 0.11692050844430923 0.0002103627339238301
v -0.056415267288684845 0.11692056804895401 0.0021390384063124657
v -0.057589516043663025 0.11692062020301819 0.00203385716304183
v -0.058763761073350906 0.11692067235708237 0.0019286756869405508
v -0.059259798377752304 0.11692069470882416 0.000859156483784318
v -0.0597558319568634 0.11692071706056595 -0.0002103627339238301
v -0.05907761678099632 0.11692068725824356 -0.0011747005628421903
v -0.05839940533041954 0.11692065745592117 -0.0021390384063124657
v -0.05722515657544136 0.116920605301857 -0.00203385716304183
v -0.05605090782046318 0.11692055314779282 -0.0019286756869405508
v -0.05555487424135208 0.11692053079605103 -0.000859156483784318
v -0.05826649069786072 0.11692065000534058 -0.001852461602538824
v -0.05775776505470276 0.11692062765359879 -0.0020117065869271755
v -0.05871666967868805 0.11692067235708237 -0.0015669744461774826
v -0.05810970813035965 0.11692065000534058 0.0019174035405740142
v -0.058582037687301636 0.11692066490650177 0.0016702822176739573
v -0.058974310755729675 0.11692068725824356 0.001309333834797144
v -0.059419043362140656 0.11692070215940475 0.0003504290943965316
v -0.05944119393825531 0.11692070960998535 -0.0001821794721763581
v -0.05932473763823509 0.11692070215940475 -0.0007023728103376925
v -0.05670496076345444 0.1169205829501152 -0.0019174035405740142
v -0.05623263493180275 0.11692056059837341 -0.0016702822176739573
v -0.05584036186337471 0.11692054569721222 -0.001309333834797144
v -0.05539562925696373 0.11692052334547043 -0.0003504290943965316
v -0.055373478680849075 0.11692052334547043 0.0001821794721763581
v -0.055489931255578995 0.11692053079605103 0.0007023728103376925
v -0.056098002940416336 0.11692055314779282 0.0015669744461774826
v -0.05654817819595337 0.1169205754995346 0.001852461602538824
v -0.05705690756440163 0.1169205978512764 0.0020117065869271755
v -0.05740738660097122 0.11574166268110275 8.085603042141953e-14
vt 0.0013663081917911768 -0.0057210540398955345
vt 1.0212146043777466 -0.1390548199415207
vt 3.1415927410125732 1.1709383462843448e-17
vt 2.135939598083496 -4.700803311332661e-15
vt 0.2617993950843811 -0.00019999999494757503
vt 0.017000000923871994 -0.016200000420212746
vt 5.4507975578308105 8.563369116099963e-25
vt 7.0685834884643555 -2.4619776138930588e-23
vt 4.974188327789307 -2.692793607711792
vt 10.471975326538086 -2.6020852139652106e-18
vt 4.450589656829834 -2.4484830734639897e-14
vt 8.901179313659668 -2.6020852139652106e-18
vt -0.0037984505761414766 -0.0029345822986215353
vt 6.02138614654541 0.0010000000474974513
vt 9.948376655578613 0.00019999999494757503
vt 6.544984817504883 0.00019999999494757503
vt 1.3089969158172607 -3.977893367794034e-17
vt -0.01330680400133133 0.009537818841636181
vt 1.7016960382461548 -0.001178949256427586
vt 2.9002408113987244e-15 1.5707963705062866
vt 1.3089969158172607 -0.03200000151991844
vt 0.5235987901687622 -2.9171931743621826
vt 0.013482525944709778 -0.0037861254531890154
vt -0.0033487274777144194 -0.00910278595983982
vt 0.015399999916553497 2.876660205867891e-28
vt 1.0821040868759155 -8.988429065507937e-25
vt 4.698963165283203 -7.421586633025043e-25
vt -2.094395160675049 -0.022600000724196434
vt 5.497786998748779 -0.03674999997019768
vt 0.005786280147731304 -0.0018293334869667888
vt -0.004745698533952236 -0.016431504860520363
vt 9.162978172302246 -0.004399999976158142
vt -0.004425529390573502 -0.0169394388794899
vt -2.508618877072877e-07 0.002357898512855172
vt 7.592182159423828 -2.6020852139652106e-18
vt 0.2617993950843811 0.5235987901687622
vt 0.004696401301771402 0.0030391139443963766
vt 4.450589656829834 -2.9171931743621826
vt 0.5235987901687622 0.0010000000474974513
vt 0.01242548692971468 -0.0026027800049632788
vt 1.877838134765625 -0.4822666049003601
vt 0.005738780368119478 -0.0015361334662884474
vt 6.2831854820251465 0.01720000058412552
vt 0.00456407992169261 0.0001341486640740186
vt 6.544984817504883 -2.168404344971009e-18
vt 0.021151423454284668 0.0012973751872777939
vt 8.377580642700195 -2.6020852139652106e-18
vt 4.974188327789307 -1.5707963705062866
vt -0.00014690446550957859 -0.003080040914937854
vt 6.02138614654541 -2.692793607711792
vt 1.832595705986023 -2.168404344971009e-18
vt 3.9269907474517822 -0.0369499996304512
vt 0.885753870010376 -0.0003918117145076394
vt 0.006251212675124407 -0.005767954047769308
vt 4.974188327789307 0.003800000064074993
vt -0.0098967170342803 -0.024333661422133446
vt 0.7853981852531433 0.5235987901687622
vt 3.5342917442321777 -0.001178949256427586
vt -0.015433935448527336 0.011430111713707447
vt 0.0007999999797903001 0.006500000134110451
vt -0.006126176565885544 -0.02016838639974594
vt 1.6851812601089478 -0.3431549668312073
vt 2.1316282072803006e-14 -3.455323670174884e-17
vt 0.7853981852531433 -1.5707963705062866
vt 0.00044242662261240184 -0.007926831021904945
vt -0.00014904493582434952 -0.0029225617181509733
vt 3.7323195934295654 0.0007999999797903001
vt 0.001820090808905661 -0.0014061540132388473
vt -0.0007767377537675202 -0.002909051952883601
vt 1.3089969158172607 -0.00039000000106170774
vt 6.02138614654541 0.5235987901687622
vt 1.0471975803375244 -0.03200000151991844
vt 0.005061350762844086 -0.0036469886545091867
vt 0.017251336947083473 0.00310856313444674
vt -0.008671547286212444 -0.02101719379425049
vt 0.000756705878302455 -0.0020657270215451717
vt 6.544984817504883 1.0471975803375244
vt 2.879793167114258 1.2519288615098459e-18
vt 2.094395160675049 -2.692793607711792
vt 6.544984817504883 0.005350000225007534
vt 0.020259764045476913 0.0029903333634138107
vt 0.001730946940369904 -0.005220519378781319
vt 2.094395160675049 -3.977893367794034e-17
vt 6.806784152984619 0.01720000058412552
vt 3.665191411972046 -3.1415927410125732
vt 2.24399471282959 7.673627122167893e-34
vt 1.3089969158172607 -1.8055593228630336e-35
vt 3.665191411972046 -0.03674999997019768
vt 10.210176467895508 -2.6020852139652106e-18
vt -1.5707963705062866 0.0010000000474974513
vt 1.3089969158172607 1.2519288615098459e-18
vt -0.011281526647508144 -0.027397315949201584
vt 2.5481808185577393 2.5037616827764433e-24
vt 3.1415927410125732 7.970792094055767e-34
vt 5.497786998748779 -0.004399999976158142
vt -0.0007999999797903001 1.493222974579275e-25
vt 0.7853981852531433 -2.4484830734639897e-14
vt 2.356194496154785 -1.8055593228630336e-35
vt 0.00041721260640770197 -0.0034082161728292704
vt 0.013359908014535904 -0.010447457432746887
vt 6.02138614654541 -2.4484830734639897e-14
vt 0.2617993950843811 -2.24399471282959
vt 4.484153747558594 8.563369116099963e-25
vt 2.356194496154785 1.2519288615098459e-18
vt -0.2617993950843811 0.0010000000474974513
vt 5.759586334228516 -0.00019999999494757503
vt 3.9269907474517822 0.01720000058412552
vt 0.0 -0.0007999999797903001
vt -0.006514682434499264 -0.017901435494422913
vt 2.879793167114258 -1.8055593228630336e-35
vt 2.094395160675049 -0.00019999999494757503
vt 11.61124324798584 -2.6020852139652106e-18
vt 7.330382823944092 -0.004399999976158142
vt 1.7864749431610107 -0.0003911152307409793
vt -0.0005722055793739855 -0.003348519094288349
vt 2.024068593978882 0.3435957729816437
vt 1.8151423931121826 2.5037616827764433e-24
vt 3.4033920764923096 -1.5707963705062866
vt 6.2831854820251465 -3.1415927410125732
vt 1.5707963705062866 -3.977893367794034e-17
vt 4.71238899230957 -0.03674999997019768
vt 3.1415927410125732 0.003800000064074993
vt 0.011673638597130775 -0.013163140043616295
vt 1.2268961668014526 0.4534843862056732
vt 7.330382823944092 0.018200000748038292
vt 0.005031676962971687 0.0013123370008543134
vt 0.5235987901687622 -1.5707963705062866
vt 0.000517727923579514 0.0010059610940515995
vt 10.995573997497559 0.00019999999494757503
vt -6.437801403080812e-08 0.0024999999441206455
vt 3.665191411972046 -0.03200000151991844
vt 8.377580642700195 0.00019999999494757503
vt 4.974188327789307 0.2617993950843811
vt 6.02138614654541 0.003800000064074993
vt 1.1780972480773926 -0.001178949256427586
vt -0.022816864773631096 0.00898218248039484
vt 0.021007109433412552 0.001933850347995758
vt 0.006304957903921604 -0.0013520756037905812
vt 5.497786998748779 -3.1415927410125732
vt 5.235987663269043 0.01720000058412552
vt 0.006866291631013155 -0.005462332163006067
vt 6.2831854820251465 -2.692793607711792
vt 2.6179938316345215 -0.03674999997019768
vt -0.009970995597541332 -0.022421685978770256
vt 0.0024999999441206455 6.447684277671189e-17
vt 5.759586334228516 -0.03674999997019768
vt 4.71238899230957 -3.977893367794034e-17
vt 0.017064260318875313 -0.0008552833460271358
vt 6.02138614654541 1.3089969158172607
vt 0.01459481567144394 0.006863945163786411
vt -0.0010633189231157303 -0.00413212226703763
vt 5.759586334228516 -3.977893367794034e-17
vt -0.002500105882063508 0.0023577860556542873
vt -0.002286079339683056 0.0007508936105296016
vt 4.188790321350098 -3.977893367794034e-17
vt 0.5235987901687622 -2.692793607711792
vt -0.01487830001860857 0.001920049893669784
vt 5.235987663269043 -0.03674999997019768
vt 1.0471975803375244 1.0471975803375244
vt 0.5235987901687622 0.2617993950843811
vt 1.0821040868759155 0.0007999999797903001
vt 5.497786998748779 -0.03200000151991844
vt 10.995573997497559 -0.004399999976158142
vt 8.377580642700195 0.005350000225007534
vt 2.879793167114258 1.3089969158172607
vt 0.001131165074184537 0.0065000359900295734
vt 5.235987663269043 -0.04075000062584877
vt 3.97398042678833 0.0007999999797903001
vt 0.00167106615845114 -0.0019004924688488245
vt -0.0014061540132388473 -0.001820090808905661
vt 4.450589656829834 0.2617993950843811
vt -0.012680917046964169 0.008245629258453846
vt 8.901179313659668 0.00019999999494757503
vt 0.005622639320790768 -0.006920160260051489
vt 5.497786998748779 6.071532165918825e-18
vt 5.235987663269043 -2.692793607711792
vt 0.01803385652601719 -0.00975535437464714
vt 0.7853981852531433 -4.336808689942018e-19
vt 1.5707963705062866 1.3089969158172607
vt 6.2831854820251465 -3.977893367794034e-17
vt 0.5235987901687622 -0.03674999997019768
vt 0.0007999999797903001 -0.016200000420212746
vt 0.0012016218388453126 -0.004437480121850967
vt 0.023577440530061722 0.0035350252874195576
vt -0.0044999998062849045 0.004266741685569286
vt 0.011936860159039497 -0.011773638427257538
vt 4.450589656829834 -0.00019999999494757503
vt 3.4033920764923096 1.0471975803375244
vt 0.0032402495853602886 -0.005765306763350964
vt 4.698963165283203 0.015399999916553497
vt 6.806784152984619 -2.6020852139652106e-18
vt 5.759586334228516 -2.692793607711792
vt 5.497786998748779 -0.00019999999494757503
vt 2.356194496154785 -2.0195953845977783
vt 0.01159912534058094 -0.0031659200321882963
vt 4.843288898468018 -0.001178949256427586
vt 1.5707963705062866 -9.840371595890964e-21
vt 6.2831854820251465 -0.03674999997019768
vt 6.632251262664795 0.0007999999797903001
vt 6.390590190887451 0.015399999916553497
vt 6.099152565002441 -0.00039160161395557225
vt 0.0015731070889160037 0.0008425177657045424
vt -0.02092457190155983 0.011109314858913422
vt 0.01775948517024517 -0.009645366109907627
vt -2.217095427000148e-20 -5.7092881103807095e-25
vt 0.007114449981600046 -0.0057815685868263245
vt 6.544984817504883 0.2617993950843811
vt 4.71238899230957 -0.0369499996304512
vt 0.593411922454834 0.015399999916553497
vt 5.497786998748779 0.0010000000474974513
vt 0.00975535437464714 -0.01803385652601719
vt 0.7853981852531433 0.7853981852531433
vt -0.0060281469486653805 -0.025210820138454437
vt -0.000790419231634587 -0.010877212509512901
vt -2.094395160675049 0.0010000000474974513
vt 7.0685834884643555 -0.0369499996304512
vt -0.7853981852531433 -0.026799999177455902
vt 4.71238899230957 -2.692793607711792
vt -0.0096668666228652 -0.021844249218702316
vt 10.73377513885498 -2.6020852139652106e-18
vt 1.3089969158172607 1.0471975803375244
vt -0.0012177835451439023 -0.0069755855947732925
vt 3.1415927410125732 -0.00019999999494757503
vt -3.7470027081099033e-16 -2.7755575615628914e-17
vt 4.526161193847656 0.01720000058412552
vt 0.01363281812518835 0.004774791654199362
vt 5.759586334228516 -3.1415927410125732
vt 0.012276959605515003 -0.005609969142824411
vt 4.940624237060547 0.0007999999797903001
vt 2.4683942794799805 7.673627122167893e-34
vt 0.0 0.2617993950843811
vt 3.1415927410125732 0.0010000000474974513
vt 0.2617993950843811 -4.336808689942018e-19
vt 1.9923213720321655 -0.3883714973926544
vt 8.377580642700195 6.071532165918825e-18
vt 0.0035037065390497446 -0.0038077817298471928
vt -0.001429365249350667 -0.002906902227550745
vt 0.012830073945224285 -0.004543955437839031
vt 1.0056531429290771 -1.7506439896160437e-15
vt -3.1415927410125732 -0.022600000724196434
vt 1.121997356414795 0.007199999876320362
vt 5.759586334228516 -2.0195953845977783
vt 1.0821040868759155 0.015399999916553497
vt -0.0229469183832407 0.0052564628422260284
vt -0.006331735290586948 -0.00711752288043499
vt 1.0471975803375244 -2.168404344971009e-18
vt 0.004055352415889502 0.0002933936193585396
vt 0.0026798241306096315 0.002587671158835292
vt -0.009069659747183323 -0.0253289807587862
vt 0.015006382949650288 0.00517682870849967
vt 1.0056531429290771 -1.7992731040299787e-15
vt 3.665191411972046 -4.336808689942018e-19
vt -0.007984613068401814 -0.016132451593875885
vt 2.879793167114258 -2.9171931743621826
vt 9.686577796936035 -0.00019999999494757503
vt 2.7925267219543457 9.540979117872439e-17
vt 5.497786998748779 -2.168404344971009e-18
vt 2.692793607711792 7.673627122167893e-34
vt -0.012220530770719051 -0.026311147958040237
vt 10.73377513885498 -0.00019999999494757503
vt 5.692458629608154 8.563369116099963e-25
vt 5.235987663269043 0.005350000225007534
vt 3.9269907474517822 -0.03200000151991844
vt 4.974188327789307 -2.24399471282959
vt 6.544984817504883 -0.004399999976158142
vt -0.0028950527776032686 -0.0013378537259995937
vt 0.011556045152246952 -0.012930073775351048
vt 4.096720218658447 -0.004399999976158142
vt 6.544984817504883 -0.03674999997019768
vt 0.006884194910526276 -0.005545520689338446
vt 4.188790321350098 0.00019999999494757503
vt 1.5707963705062866 -2.4683942794799805
vt -0.0051618218421936035 -0.022865723818540573
vt 0.0003207964764442295 -0.005490636453032494
vt 0.5235987901687622 -2.0195953845977783
vt 1.2637544870376587 -0.4822666049003601
vt 0.011847547255456448 -0.004357829689979553
vt -0.5235987901687622 -0.026799999177455902
vt 2.6179938316345215 1.3089969158172607
vt 0.00749438488855958 -0.0023459382355213165
vt 2.7925267219543457 -0.0007999999797903001
vt 4.188790321350098 -2.168404344971009e-18
vt -0.00415485305711627 -0.007914657704532146
vt 4.974188327789307 -0.00019999999494757503
vt 0.01889186166226864 -0.0014218863798305392
vt 0.011699999682605267 -0.013050000183284283
vt -0.2617993950843811 -0.022600000724196434
vt -0.021557064726948738 0.002405378734692931
vt 6.02138614654541 -0.03674999997019768
vt 3.665191411972046 1.0471975803375244
vt 11.519172668457031 -0.004399999976158142
vt 0.0020245497580617666 -0.0011740592308342457
vt 1.408119797706604 0.54367995262146
vt -0.0021390384063124657 -0.0009920684387907386
vt -0.006903187837451696 -0.015634486451745033
vt 5.497786998748779 -0.0369499996304512
vt 2.3038346767425537 2.5037616827764433e-24
vt 0.011640092357993126 -0.005752542056143284
vt 4.319689750671387 -0.001178949256427586
vt 0.012313874438405037 -0.01358252577483654
vt 0.0038871027063578367 -0.003752170130610466
vt 0.014453145675361156 0.00321727036498487
vt 5.497786998748779 -2.24399471282959
vt 1.456411361694336 -0.11438499391078949
vt -0.006580248475074768 -0.0255588311702013
vt 0.0019119204953312874 -0.009981208480894566
vt 5.182285308837891 0.0007999999797903001
vt 0.8377580642700195 0.0007999999797903001
vt -0.0016706399619579315 -0.0038077502977102995
vt 7.8539814949035645 0.003800000064074993
vt 9.686577796936035 -0.004399999976158142
vt 1.5707963705062866 -2.4619776138930588e-23
vt 7.8539814949035645 -0.00019999999494757503
vt 3.665191411972046 -2.168404344971009e-18
vt 3.665191411972046 6.071532165918825e-18
vt -0.022492654621601105 0.00407322496175766
vt -0.00651548383757472 -4.12465624322067e-07
vt 3.9269907474517822 0.018200000748038292
vt 8.639379501342773 6.071532165918825e-18
vt -0.003940659575164318 -0.0006864428869448602
vt 0.022771315649151802 0.004723154008388519
vt 2.094395160675049 0.5235987901687622
vt 0.014067379757761955 0.004090661182999611
vt -1.3089969158172607 -1.8055593228630336e-35
vt 4.71238899230957 -4.336808689942018e-19
vt 2.6179938316345215 1.2519288615098459e-18
vt 3.275848865509033 8.563369116099963e-25
vt 2.6179938316345215 -2.4484830734639897e-14
vt 5.759586334228516 -2.6020852139652106e-18
vt 0.006147151812911034 -0.00433594174683094
vt 6.544984817504883 -0.04075000062584877
vt 6.148929119110107 0.015399999916553497
vt 3.1415927410125732 -0.00039000000106170774
vt 0.0 -4.336808689942018e-19
vt 3.4033920764923096 -2.24399471282959
vt 6.2831854820251465 0.00019999999494757503
vt 2.120378017425537 -0.1390548199415207
vt 0.2617993950843811 1.3089969158172607
vt 0.013152452185750008 -0.011842170730233192
vt 2.356194496154785 0.5235987901687622
vt 2.3038346767425537 1.0130211548582857e-24
vt 3.1415927410125732 -2.692793607711792
vt 4.457302570343018 0.0007999999797903001
vt 0.0020346411038190126 -0.002893013646826148
vt 3.665191411972046 0.0010000000474974513
vt 9.948376655578613 -0.00019999999494757503
vt 1.5707963705062866 0.007199999876320362
vt 2.059488534927368 -0.0007999999797903001
vt 4.974188327789307 -0.00039000000106170774
vt 1.5707963705062866 0.7853981852531433
vt 2.6179938316345215 0.5235987901687622
vt -0.0014456936623901129 -0.00786409992724657
vt 5.759586334228516 1.5707963705062866
vt 0.005964296869933605 0.0024510743096470833
vt 0.00440729595720768 -0.003635716624557972
vt -0.00246750027872622 -0.004915428813546896
vt 4.450589656829834 0.7853981852531433
vt 3.9269907474517822 1.5707963705062866
vt 1.326450228691101 0.015399999916553497
vt 0.006441554520279169 0.0019323969027027488
vt 0.0044999998062849045 -0.013050000183284283
vt 0.0033544942270964384 -0.0037300195544958115
vt 0.0008731678826734424 -0.002127810614183545
vt -0.013012474402785301 -0.022176796570420265
vt 0.017795687541365623 0.0034126220270991325
vt 5.497786998748779 0.018200000748038292
vt 3.517509698867798 -0.0007999999797903001
vt 7.592182159423828 0.01720000058412552
vt 3.665191411972046 1.2519288615098459e-18
vt -0.00357871619053185 -0.010302004404366016
vt 6.02138614654541 0.01720000058412552
vt 2.094395160675049 -2.24399471282959
vt 0.7853981852531433 -1.8055593228630336e-35
vt 5.759586334228516 1.0471975803375244
vt 3.665191411972046 -1.8055593228630336e-35
vt 3.9269907474517822 1.3089969158172607
vt 0.01159912534058094 -0.012165919877588749
vt 3.9269907474517822 0.005350000225007534
vt 3.1415927410125732 -2.4619776138930588e-23
vt -0.005894951056689024 -0.02850853092968464
vt 4.974188327789307 1.2519288615098459e-18
vt 0.004915428813546896 -0.00246750027872622
vt 3.9269907474517822 1.0471975803375244
vt 6.544984817504883 -0.0369499996304512
vt 6.02138614654541 0.005350000225007534
vt 0.7853981852531433 -2.168404344971009e-18
vt 0.001111215678974986 0.005386576056480408
vt 4.24249267578125 8.563369116099963e-25
vt 2.879793167114258 -0.03674999997019768
vt 5.907268047332764 -7.421586633025043e-25
vt 7.8539814949035645 -0.0369499996304512
vt -0.010115309618413448 -0.02305816113948822
vt 0.016197936609387398 0.001489813788793981
vt -0.0006864428869448602 0.003940659575164318
vt 10.379905700683594 -0.004399999976158142
vt 2.6179938316345215 0.0010000000474974513
vt 3.517509698867798 8.563369116099963e-25
vt 0.2617993950843811 -1.5707963705062866
vt 0.01898280903697014 0.006558161694556475
vt 1.2276413440704346 0.11438499391078949
vt 0.018163807690143585 -0.009398264810442924
vt -0.00880494061857462 -0.01768997311592102
vt -0.005280801095068455 -0.024154337123036385
vt 5.759586334228516 6.071532165918825e-18
vt 1.3089969158172607 -0.03674999997019768
vt 1.5707963705062866 1.0471975803375244
vt 1.9139512777328491 -0.3431549668312073
vt 3.1415927410125732 1.3089969158172607
vt 2.879793167114258 -0.04075000062584877
vt 0.003628720063716173 0.0016829705564305186
vt 2.879793167114258 -3.1415927410125732
vt 6.632251262664795 0.015399999916553497
vt 2.356194496154785 0.2617993950843811
vt -0.001111215678974986 -0.005386576056480408
vt 5.497786998748779 -0.00039000000106170774
vt 5.235987663269043 1.0471975803375244
vt 5.497786998748779 0.003800000064074993
vt 2.094395160675049 -2.4484830734639897e-14
vt 0.0032280765008181334 -0.010362586006522179
vt 5.759586334228516 -2.4484830734639897e-14
vt 7.592182159423828 0.005350000225007534
vt 6.888394832611084 -0.0003916453861165792
vt 0.2617993950843811 0.0010000000474974513
vt 1.832595705986023 -2.4619776138930588e-23
vt 1.3089969158172607 0.2617993950843811
vt 3.9269907474517822 -2.4484830734639897e-14
vt -1.0471975803375244 0.0010000000474974513
vt -0.003599999938160181 -0.006000000052154064
vt 0.009646423161029816 -0.01784457080066204
vt 0.8975979089736938 0.007199999876320362
vt 2.879793167114258 -0.03200000151991844
vt -0.005136486608535051 -0.02351786196231842
vt 3.665191411972046 -3.977893367794034e-17
vt 4.450589656829834 -2.4619776138930588e-23
vt 4.450589656829834 1.3089969158172607
vt 5.497786998748779 1.3089969158172607
vt 5.759586334228516 0.0010000000474974513
vt 4.450589656829834 -3.977893367794034e-17
vt 9.948376655578613 -2.6020852139652106e-18
vt 1.0471975803375244 -4.336808689942018e-19
vt -4.450589656829834 -0.026799999177455902
vt 0.7853981852531433 0.0010000000474974513
vt 0.005161752924323082 -0.002156085567548871
vt 3.9269907474517822 0.0010000000474974513
vt 8.1157808303833 -0.0369499996304512
vt -0.008283666335046291 -0.019371366128325462
vt 0.007709398400038481 0.0028240648098289967
vt 0.010455090552568436 -0.00953817367553711
vt 2.135939598083496 -4.7494323198674776e-15
vt 0.2617993950843811 -2.168404344971009e-18
vt 0.01866201125085354 -0.004432475194334984
vt 3.1415927410125732 -2.4484830734639897e-14
vt 5.759586334228516 -1.5707963705062866
vt 0.014767950400710106 -0.009151856414973736
vt 1.0212146043777466 0.1390548199415207
vt 6.2831854820251465 -0.0369499996304512
vt -0.0035165944136679173 -0.026943640783429146
vt 0.011061825789511204 -0.006055090576410294
vt 1.832595705986023 -2.4683942794799805
vt 2.094395160675049 1.3089969158172607
vt 1.5707963705062866 0.2617993950843811
vt 1.0471975803375244 -0.03674999997019768
vt 1.832595705986023 -4.336808689942018e-19
vt 1.6851812601089478 0.3431549668312073
vt 6.2831854820251465 0.5235987901687622
vt 0.6278797388076782 0.0044999998062849045
vt -0.017580639570951462 0.0010240458650514483
vt 1.456411361694336 0.11438499391078949
vt 4.974188327789307 -3.977893367794034e-17
vt 4.71238899230957 0.01720000058412552
vt 5.497786998748779 -2.0195953845977783
vt 0.0014061540132388473 0.001820090808905661
vt 0.0010813726112246513 4.3479118176037446e-05
vt 1.0471975803375244 -1.7951958179473877
vt 3.0341877937316895 8.563369116099963e-25
vt 1.832595705986023 1.2519288615098459e-18
vt -0.002405378734692931 -0.021557064726948738
vt 0.2617993950843811 1.0471975803375244
vt 0.00035686479532159865 0.003984048962593079
vt -0.009356845170259476 -0.018067492172122
vt 0.0021107755601406097 0.000186083372682333
vt 1.0471975803375244 -2.0195953845977783
vt 2.059488534927368 1.0130211548582857e-24
vt 0.012686125934123993 -0.011617474257946014
vt 2.6179938316345215 -1.7951958179473877
vt 0.8377580642700195 -2.169926791739584e-24
vt 3.1415927410125732 -1.8055593228630336e-35
vt -0.013792132027447224 0.002859053434804082
vt 2.1231584548950195 -0.114452064037323
vt -0.007476679980754852 -0.015812283381819725
vt 6.02138614654541 -3.1415927410125732
vt 0.005490636453032494 0.0003207964764442295
vt 6.148929119110107 -7.421586633025043e-25
vt 2.356194496154785 -0.04075000062584877
vt 1.9923213720321655 0.3883714973926544
vt 0.003938350360840559 -0.003395496401935816
vt 2.6179938316345215 -2.0195953845977783
vt 6.544984817504883 0.018200000748038292
vt 2.356194496154785 -2.4484830734639897e-14
vt 2.6179938316345215 -2.9171931743621826
vt 7.592182159423828 6.071532165918825e-18
vt 0.22439947724342346 0.007199999876320362
vt 2.094395160675049 0.2617993950843811
vt -0.008672171272337437 -0.017104417085647583
vt 0.00235783401876688 0.002500060712918639
vt 3.9269907474517822 -1.8055593228630336e-35
vt 0.7853981852531433 1.3089969158172607
vt -0.006601852364838123 -0.005707372445613146
vt -0.0018293147440999746 -0.0013941333163529634
vt 4.71238899230957 -2.4619776138930588e-23
vt 3.010693073272705 -0.001178949256427586
vt 4.450589656829834 0.5235987901687622
vt 0.0033043515868484974 0.002914423355832696
vt 1.0471975803375244 0.0010000000474974513
vt 0.011556045152246952 -0.003930073697119951
vt 0.011517474427819252 -0.0034138744231313467
vt 1.5707963705062866 -0.03674999997019768
vt -0.013125898316502571 -0.02328801155090332
vt 2.6179938316345215 -0.00039000000106170774
vt 5.235987663269043 -0.004399999976158142
vt 3.4033920764923096 -0.03674999997019768
vt 0.01257451344281435 -0.013597220182418823
vt 2.2558388710021973 -0.0003918117145076394
vt 0.7853981852531433 -2.692793607711792
vt 6.2831854820251465 -2.24399471282959
vt 0.00556844612583518 -0.006528818514198065
vt 0.011517474427819252 -0.0124138742685318
vt 1.9146965742111206 -0.4534843862056732
vt -0.023392071947455406 0.006193886045366526
vt -0.005705848336219788 -0.008409712463617325
vt 9.42477798461914 -0.004399999976158142
vt 7.592182159423828 0.0010000000474974513
vt 0.001178949256427586 3.035936302353548e-08
vt 4.450589656829834 0.018200000748038292
vt 4.188790321350098 1.5023145717732691e-18
vt -4.974188327789307 -0.026799999177455902
vt 0.005676005035638809 -0.002979657147079706
vt 3.4033920764923096 -3.977893367794034e-17
vt -0.006182136479765177 -0.02124704420566559
vt 4.188790321350098 -3.1415927410125732
vt 6.2831854820251465 -2.4683942794799805
vt 3.665191411972046 -1.7951958179473877
vt 1.832595705986023 0.7853981852531433
vt 4.610163887264207e-05 0.0011085143778473139
vt 1.5707963705062866 -1.5707963705062866
vt 3.1415927410125732 -0.03200000151991844
vt 6.148929119110107 0.0007999999797903001
vt 0.021129513159394264 -0.003847904037684202
vt 3.0341877937316895 -0.0007999999797903001
vt 0.016931064426898956 -0.004152994602918625
vt 3.1415927410125732 -3.977893367794034e-17
vt 4.71238899230957 -2.4683942794799805
vt 0.3490658402442932 3.469446951953614e-17
vt 5.759586334228516 0.2617993950843811
vt 4.457302570343018 -7.421586633025043e-25
vt 0.010232049971818924 -0.0070481435395777225
vt 5.890486240386963 -0.001178949256427586
vt 3.9269907474517822 0.2617993950843811
vt 0.00665327301248908 -0.0053906068205833435
vt -0.004602761939167976 -0.027882644906640053
vt 4.457302570343018 0.015399999916553497
vt 4.71238899230957 -0.004399999976158142
vt 3.665191411972046 0.01720000058412552
vt 2.879793167114258 -0.0369499996304512
vt 0.0016829705564305186 -0.003628720063716173
vt 0.006958159152418375 0.0036405015271157026
vt 0.5235987901687622 -4.336808689942018e-19
vt 0.0013562847161665559 -0.0004711469227913767
vt -0.02036893554031849 0.0015992533881217241
vt 0.2617993950843811 -2.692793607711792
vt 0.01745608076453209 -0.00771153112873435
vt 2.879793167114258 -2.4484830734639897e-14
vt 5.235987663269043 -0.03200000151991844
vt -0.0016829705564305186 0.003628720063716173
vt 3.1415927410125732 0.2617993950843811
vt 0.003599999938160181 0.00624320562928915
vt -0.005552684888243675 -0.01999058946967125
vt 4.188790321350098 -2.692793607711792
vt 0.0004260981804691255 -0.0029696335550397635
vt 4.71238899230957 -2.9171931743621826
vt 0.01292902696877718 -0.005637087859213352
vt 0.0010950540890917182 -0.007924681529402733
vt 0.0 0.00019999999494757503
vt 0.0008671439136378467 -0.00691500399261713
vt 0.0 1.0471975803375244
vt 6.2831854820251465 -2.4619776138930588e-23
vt 4.71238899230957 -3.1415927410125732
vt 1.2276413440704346 -0.3431549668312073
vt -0.5235987901687622 0.0010000000474974513
vt 0.004594632424414158 0.0030231361743062735
vt -0.005490636453032494 -0.0003207964764442295
vt -3.665191411972046 -0.026799999177455902
vt 2.5481808185577393 -0.0007999999797903001
vt -0.006759572774171829 -0.020942915230989456
vt 0.01000996958464384 -0.008323040790855885
vt 2.094395160675049 -2.168404344971009e-18
vt 0.0 -0.015399999916553497
vt 4.71238899230957 0.00019999999494757503
vt 5.182285308837891 -7.421586633025043e-25
vt 0.004275360144674778 -0.00649779150262475
vt 1.5707963705062866 1.2519288615098459e-18
vt 0.011847547255456448 -0.013357829302549362
vt -2.356194496154785 -0.022600000724196434
vt -0.004109303466975689 0.003655628999695182
vt 6.2831854820251465 -1.5707963705062866
vt -0.010125897824764252 -0.02328801155090332
vt 1.5707963705062866 -2.9171931743621826
vt -0.006901727057993412 0.013015175238251686
vt 4.71238899230957 -0.03200000151991844
vt 1.8788586680397457e-14 -0.03200000151991844
vt -0.006726144813001156 -0.020191693678498268
vt -0.003599999938160181 0.00624320562928915
vt 0.00667794793844223 -0.0030971774831414223
vt 2.879793167114258 -2.168404344971009e-18
vt 9.162978172302246 -2.6020852139652106e-18
vt 0.5235987901687622 -3.1415927410125732
vt 3.665191411972046 0.005350000225007534
vt 4.450589656829834 1.0471975803375244
vt 0.013326361775398254 -0.01203685998916626
vt 2.879793167114258 1.0471975803375244
vt 4.450589656829834 -2.168404344971009e-18
vt -5.235987663269043 -0.026799999177455902
vt 0.005743698682636023 -0.007038248237222433
vt 1.3089969158172607 1.5707963705062866
vt 5.235987663269043 -3.1415927410125732
vt 6.806784152984619 6.071532165918825e-18
vt 1.832595705986023 -0.0369499996304512
vt 2.094395160675049 0.0010000000474974513
vt 6.2831854820251465 0.0010000000474974513
vt 6.2831854820251465 0.7853981852531433
vt -0.00473006023094058 -0.0051263608038425446
vt 7.592182159423828 -3.977893367794034e-17
vt 4.974188327789307 0.7853981852531433
vt 5.759586334228516 0.7853981852531433
vt -0.003599999938160181 0.005619999952614307
vt 0.001787519664503634 -0.0024206857196986675
vt 2.356194496154785 -0.00039000000106170774
vt 0.01823972351849079 -0.0013965513790026307
vt -1.3089969158172607 0.0010000000474974513
vt 0.015126056969165802 0.007143743336200714
vt 0.013656126335263252 0.005374759901314974
vt 0.005557384807616472 -0.002577469451352954
vt 0.004869879689067602 -0.0017915284261107445
vt 2.048187017440796 0.01720000058412552
vt 3.4033920764923096 0.005350000225007534
vt 4.71238899230957 0.7853981852531433
vt 1.832595705986023 -0.03674999997019768
vt 9.173810155971296e-08 0.001178949256427586
vt 9.162978172302246 0.00019999999494757503
vt 4.974188327789307 -1.7951958179473877
vt 8.1157808303833 -0.004399999976158142
vt 8.639379501342773 -0.004399999976158142
vt -0.004766844678670168 -0.009495879523456097
vt -3.665191411972046 -0.022600000724196434
vt 0.0 0.7853981852531433
vt 0.020584819838404655 -0.0005302259814925492
vt 5.235987663269043 -1.5707963705062866
vt 0.002357898512855172 6.071872604707096e-08
vt 0.0022890043910592794 -0.007425516843795776
vt 2.879793167114258 0.018200000748038292
vt 1.463440528190528e-16 -0.002357898512855172
vt 4.698963165283203 0.0007999999797903001
vt -1.5707963705062866 -0.022600000724196434
vt 7.330382823944092 6.071532165918825e-18
vt 6.2831854820251465 -3.455323670174884e-17
vt 5.759586334228516 0.003800000064074993
vt 0.009645366109907627 -0.01775948517024517
vt 1.832595705986023 0.01720000058412552
vt 1.7951958179473877 7.673627122167893e-34
vt 6.02138614654541 -2.9171931743621826
vt -0.02312195487320423 0.0047837356105446815
vt 6.2831854820251465 6.071532165918825e-18
vt 0.02325664460659027 -0.001955611165612936
vt -0.022010739892721176 0.01017031166702509
vt -0.007203609216958284 -0.02575208805501461
vt 7.330382823944092 0.00019999999494757503
vt 6.02138614654541 1.0471975803375244
vt 5.235987663269043 -4.181442333336388e-17
vt 6.2831854820251465 2.4484830734639897e-14
vt 0.020105773583054543 -0.0009734433842822909
vt 0.5235987901687622 0.7853981852531433
vt 8.1157808303833 -0.00019999999494757503
vt 1.326450228691101 -2.169926791739584e-24
vt 3.4033920764923096 6.071532165918825e-18
vt 0.593411922454834 -2.169926791739584e-24
vt 6.02138614654541 -1.7951958179473877
vt 2.094395160675049 0.018200000748038292
vt 5.235987663269043 0.7853981852531433
vt 0.015534570440649986 0.0027193038258701563
vt 0.00519952829927206 7.00438249623403e-05
vt 5.235987663269043 1.5707963705062866
vt 0.00040414658724330366 -0.007374961394816637
vt 8.1157808303833 6.071532165918825e-18
vt 4.71238899230957 0.0010000000474974513
vt 3.9269907474517822 -1.7951958179473877
vt 8.377580642700195 0.003800000064074993
vt 4.974188327789307 -3.1415927410125732
vt 0.2617993950843811 -0.03674999997019768
vt 4.974188327789307 -2.9171931743621826
vt 0.01784457080066204 -0.009646423161029816
vt 7.330382823944092 0.0010000000474974513
vt 0.01349722035229206 -0.012525486759841442
vt 6.2831854820251465 1.0471975803375244
vt -0.002075526863336563 -0.007693110965192318
vt 0.017927760258316994 -0.009628520347177982
vt 6.2831854820251465 0.005350000225007534
vt 0.013443955220282078 -0.0032699264120310545
vt -0.004915428813546896 0.00246750027872622
vt 0.004109303466975689 -0.003655628999695182
vt 0.0010787255596369505 -0.0029674838297069073
vt -0.0043571931309998035 -0.01869845576584339
vt 3.665191411972046 0.2617993950843811
vt 0.012065920047461987 -0.013500873930752277
vt 2.3038346767425537 -0.0007999999797903001
vt 3.796091079711914 -0.001178949256427586
vt 4.508949279785156 -3.977893367794034e-17
vt 3.1415927410125732 1.5707963705062866
vt 0.017000000923871994 -3.248232261080355e-39
vt 3.4033920764923096 0.7853981852531433
vt 3.4033920764923096 0.0010000000474974513
vt 6.468683553216559e-14 0.007199999876320362
vt 3.7591707706451416 -0.0007999999797903001
vt -0.003984048962593079 0.00035686479532159865
vt -5.759586334228516 -0.026799999177455902
vt 0.003599999938160181 -0.005619999952614307
vt 0.011502780020236969 -0.012674513272941113
vt 1.0471975803375244 1.3089969158172607
vt 0.012934080325067043 -0.0026991255581378937
vt 0.014154092408716679 0.006456185132265091
vt 6.2831854820251465 1.5707963705062866
vt -0.0002103627339238301 -0.0023484958801418543
vt 4.71238899230957 -2.168404344971009e-18
vt -4.188790321350098 -0.026799999177455902
vt -0.0022812995593994856 -0.0002926975139416754
vt 3.97398042678833 0.015399999916553497
vt 4.974188327789307 -2.4683942794799805
vt -0.006514682434499264 -0.01560143567621708
vt 4.974188327789307 1.5707963705062866
vt 1.5707963705062866 -0.00039000000106170774
vt 0.000877169833984226 -0.0038712136447429657
vt 3.665191411972046 -0.04075000062584877
vt 4.188790321350098 -0.00019999999494757503
vt -0.0015522614121437073 -0.00449806172400713
vt 2.094395160675049 -2.9171931743621826
vt 8.901179313659668 0.003800000064074993
vt 6.544984817504883 -2.4484830734639897e-14
vt 6.2831854820251465 -4.336808689942018e-19
vt 0.0006864428869448602 -0.003940659575164318
vt -0.012541326694190502 -0.020820511505007744
vt 4.450589656829834 0.00019999999494757503
vt 0.011502780020236969 -0.0036745129618793726
vt 7.0685834884643555 -0.004399999976158142
vt 0.2617993950843811 -1.8055593228630336e-35
vt 0.011500000022351742 -0.003599999938160181
vt 3.4033920764923096 -2.692793607711792
vt 4.188790321350098 0.2617993950843811
vt 5.759586334228516 -2.24399471282959
vt 0.014045385643839836 0.0036579931620508432
vt 0.0044999998062849045 -0.01343000028282404
vt 2.6179938316345215 -2.168404344971009e-18
vt 0.009398264810442924 -0.018163807690143585
vt 5.209136486053467 -0.0007999999797903001
vt 2.6179938316345215 6.071532165918825e-18
vt 7.592182159423828 0.018200000748038292
vt 1.5707963705062866 1.5707963705062866
vt 7.592182159423828 -0.00019999999494757503
vt 1.1492712497711182 0.3883714973926544
vt 2.879793167114258 -3.977893367794034e-17
vt 3.4033920764923096 -2.4619776138930588e-23
vt 2.6179938316345215 0.2617993950843811
vt 9.714016699340162e-17 -5.1120132432691534e-17
vt 0.018432162702083588 0.0035569362808018923
vt 3.4033920764923096 -3.1415927410125732
vt 1.0471975803375244 -2.4484830734639897e-14
vt -0.0037726934533566236 0.007130953948944807
vt 4.974188327789307 0.01720000058412552
vt 4.450589656829834 -1.5707963705062866
vt 5.759586334228516 0.005350000225007534
vt 3.4033920764923096 -2.168404344971009e-18
vt 0.0019286756869405508 -0.0013564274413511157
vt 2.094395160675049 -0.00039000000106170774
vt 1.5707963705062866 0.5651432275772095
vt 2.879793167114258 -2.0195953845977783
vt 5.93411922454834 1.7347233105406846e-17
vt 0.0002926975139416754 -0.0022812995593994856
vt 10.73377513885498 0.00019999999494757503
vt 0.5235987901687622 -2.24399471282959
vt -0.012986007146537304 0.0040471819229424
vt 6.806784152984619 0.003800000064074993
vt 3.665191411972046 -2.4683942794799805
vt 6.2831854820251465 -1.7951958179473877
vt 1.832595705986023 -1.5707963705062866
vt 2.356194496154785 0.0010000000474974513
vt 2.7925267219543457 -7.892991815694472e-17
vt 2.6179938316345215 0.018200000748038292
vt 0.0003029400249943137 -0.0018211258575320244
vt 6.02138614654541 -0.004399999976158142
vt 1.0471975803375244 -1.752700385434269e-18
vt 5.497786998748779 -0.04075000062584877
vt 10.995573997497559 -0.00019999999494757503
vt 1.2268961668014526 -0.4534843862056732
vt 4.450589656829834 0.005350000225007534
vt 5.497786998748779 -4.336808689942018e-19
vt 0.013400874100625515 -0.013034080155193806
vt 4.450589656829834 -3.1415927410125732
vt 0.005694895517081022 -0.0036115094553679228
vt -0.0007999999797903001 0.004266741685569286
vt 3.1415927410125732 -2.0195953845977783
vt -0.00015826876915525645 -0.0001222742721438408
vt 2.879793167114258 -0.00039000000106170774
vt 0.019707661122083664 0.0033383434638381004
vt 3.9269907474517822 6.071532165918825e-18
vt 11.257373809814453 -0.004399999976158142
vt 3.4033920764923096 -2.4683942794799805
vt 2.024068593978882 -0.3435957729816437
vt 4.974188327789307 0.5235987901687622
vt 2.6179938316345215 0.01720000058412552
vt 5.759586334228516 -0.0369499996304512
vt 1.5707963705062866 -1.5612507975068814e-17
vt 5.759586334228516 0.5235987901687622
vt 0.00380421313457191 -0.007854076102375984
vt 2.094395160675049 -2.4619776138930588e-23
vt 0.01374658290296793 -0.0013999753864482045
vt -2.879793167114258 -0.022600000724196434
vt 0.0017248874064534903 -0.00775369256734848
vt 3.1415927410125732 -1.727661835087442e-17
vt 4.71238899230957 0.2617993950843811
vt -0.007305101491510868 -0.028778648003935814
vt 5.235987663269043 -1.7951958179473877
vt 0.014552708715200424 -0.0025881039910018444
vt 0.009592554531991482 -0.018004879355430603
vt 2.356194496154785 -2.168404344971009e-18
vt -0.01251486036926508 0.005403466522693634
vt 6.02138614654541 1.5707963705062866
vt 1.6601313352584839 -0.04075000062584877
vt 0.0016977977938950062 -0.0005495317163877189
vt 0.012065920047461987 -0.004500874318182468
vt 3.665191411972046 -2.4619776138930588e-23
vt 1.877838134765625 0.4822666049003601
vt 3.1415927410125732 -3.1415927410125732
vt 0.593411922454834 -8.988429065507937e-25
vt 9.42477798461914 -0.00019999999494757503
vt 5.423946380615234 -7.421586633025043e-25
vt 4.188790321350098 0.5235987901687622
vt 0.0017782860668376088 0.004886481445282698
vt 4.450589656829834 -0.004399999976158142
vt -0.0017190974904224277 -0.005129008088260889
vt 0.016311582177877426 0.007253204472362995
vt 1.8151423931121826 1.0130211548582857e-24
vt 0.002501807641237974 -0.0016927366377785802
vt -0.005220519378781319 -0.001730946940369904
vt 0.593411922454834 0.0007999999797903001
vt 0.5235987901687622 0.5235987901687622
vt 0.004696991760283709 0.0004207254678476602
vt -0.0042477319948375225 -0.017512930557131767
vt 3.4033920764923096 0.01720000058412552
vt 1.0821040868759155 -2.169926791739584e-24
vt 0.0007999999797903001 -0.019050000235438347
vt 3.665191411972046 -2.24399471282959
vt 4.71238899230957 0.018200000748038292
vt 1.0471975803375244 -2.4683942794799805
vt -0.0022793218959122896 0.00030771971796639264
vt -4.188790321350098 -0.022600000724196434
vt 0.0013564274413511157 -0.0019286756869405508
vt 2.094395160675049 -1.8055593228630336e-35
vt 4.71238899230957 -1.7951958179473877
vt -0.000887166359461844 -0.002122012199833989
vt 3.9269907474517822 -1.5707963705062866
vt 0.01617260091006756 0.0008376747136935592
vt 0.005386576056480408 -0.001111215678974986
vt -0.0024999999441206455 1.9453361232990574e-07
vt -0.008492223918437958 -0.025633109733462334
vt 5.235987663269043 0.003800000064074993
vt -2.6179938316345215 -0.022600000724196434
vt -0.0030895753297954798 -0.003858147654682398
vt -0.0038340564351528883 -0.002424021251499653
vt 6.02138614654541 1.2519288615098459e-18
vt 3.665191411972046 -0.0369499996304512
vt 1.3089969158172607 -2.692793607711792
vt -0.008392373099923134 -0.01657317578792572
vt 10.210176467895508 0.00019999999494757503
vt 0.0019092701841145754 -0.004836805630475283
vt 3.9269907474517822 -0.00019999999494757503
vt 4.188790321350098 0.01720000058412552
vt 0.014961078763008118 0.0028971009887754917
vt 5.497786998748779 -2.4484830734639897e-14
vt 0.0022812995593994856 0.0002926975139416754
vt 0.015399999916553497 -0.019050000235438347
vt 3.4033920764923096 0.5235987901687622
vt 2.356194496154785 -2.692793607711792
vt 0.010152542032301426 -0.008959908038377762
vt 6.544984817504883 -2.4683942794799805
vt 0.0016932167345657945 -0.0013678838731721044
vt 2.094395160675049 0.7853981852531433
vt 0.009628520347177982 -0.017927760258316994
vt 0.013152452185750008 -0.0028421704191714525
vt 1.0471975803375244 0.00019999999494757503
vt 1.3089969158172607 -2.4484830734639897e-14
vt 2.879793167114258 -2.692793607711792
vt 0.012169926427304745 -0.0026560446713119745
vt -0.0028515274170786142 -0.0036562387831509113
vt 4.974188327789307 -0.03200000151991844
vt 6.02138614654541 -0.04075000062584877
vt 1.0471975803375244 -2.4619776138930588e-23
vt 1.7334728240966797 0.54367995262146
vt 2.0730092525482178 -0.2710760831832886
vt 0.3490658402442932 0.011699999682605267
vt 1.5707963705062866 -1.8055593228630336e-35
vt 0.006682438310235739 -0.000756836321670562
vt 2.5481808185577393 1.0130211548582857e-24
vt 0.013275436125695705 -4.3690732127288356e-05
vt 4.71238899230957 0.003800000064074993
vt 4.450589656829834 -0.04075000062584877
vt 0.014990030787885189 -0.007876959629356861
vt 1.2637544870376587 0.4822666049003601
vt 0.003655628999695182 0.004109303466975689
vt 2.6179938316345215 -2.24399471282959
vt 0.004416204988956451 -0.009556461125612259
vt 3.665191411972046 0.5235987901687622
vt 3.9269907474517822 -0.03674999997019768
vt -3.4033920764923096 -0.022600000724196434
vt 0.7853981852531433 0.00019999999494757503
vt -0.0016856620786711574 0.0007528713322244585
vt 0.0022793218959122896 -0.00030771971796639264
vt 7.8539814949035645 -2.6020852139652106e-18
vt 4.974188327789307 1.0471975803375244
vt 6.2831854820251465 -2.9171931743621826
vt -0.0013758527347818017 -0.003755932440981269
vt 4.188790321350098 -2.4619776138930588e-23
vt 1.0471975803375244 -2.24399471282959
vt -0.001432012184523046 0.0001040606657625176
vt 2.094395160675049 -0.04075000062584877
vt -0.0011051917681470513 0.0005993822705931962
vt 4.71238899230957 1.3089969158172607
vt -0.0024998164735734463 0.002358092926442623
vt 5.497786998748779 -1.5707963705062866
vt -0.00649779150262475 -0.004275360144674778
vt 8.1157808303833 0.003800000064074993
vt 0.0053906068205833435 -0.00665327301248908
vt -0.0028421625029295683 -0.00016605647397227585
vt 1.5707963705062866 -0.0007999999797903001
vt 2.6179938316345215 0.7853981852531433
vt -0.002301078522577882 -0.003271855413913727
vt 1.832595705986023 -0.00019999999494757503
vt 0.01672009564936161 0.0028287647292017937
vt 2.879793167114258 0.01720000058412552
vt -0.0041343518532812595 -0.0007919433992356062
vt -0.011735201813280582 -0.019632382318377495
vt -0.013015483506023884 -8.239510407292983e-07
vt 0.017676766961812973 -0.00962540227919817
vt 0.0027128548827022314 -0.0038573513738811016
vt 4.188790321350098 -0.0369499996304512
vt 0.016316914930939674 0.0002011996111832559
vt 5.759586334228516 -0.004399999976158142
vt 2.094395160675049 -3.1415927410125732
vt 4.450589656829834 -1.7951958179473877
vt 0.8377580642700195 0.015399999916553497
vt 8.901179313659668 0.005350000225007534
vt 5.182285308837891 0.015399999916553497
vt 1.3089969158172607 1.3089969158172607
vt 7.592182159423828 -0.04075000062584877
vt 3.1415927410125732 -0.03674999997019768
vt 0.5235987901687622 -1.8055593228630336e-35
vt 8.639379501342773 0.003800000064074993
vt 0.01207097340375185 -0.010562912560999393
vt 5.759586334228516 -0.00039000000106170774
vt -0.0021352616604417562 -0.02296721562743187
vt -0.019632382318377495 0.011735201813280582
vt 0.005014257039874792 -0.0001513385068392381
vt 1.326450228691101 0.0007999999797903001
vt 2.356194496154785 1.3089969158172607
vt 1.832595705986023 -1.7951958179473877
vt -0.00515839783474803 -0.018372582271695137
vt 3.9269907474517822 -0.00039000000106170774
vt 3.1415927410125732 0.01720000058412552
vt 3.665191411972046 0.018200000748038292
vt 0.013482525944709778 -0.012786125764250755
vt 1.456411361694336 -0.3431549668312073
vt 3.665191411972046 -0.00019999999494757503
vt 4.188790321350098 -0.04075000062584877
vt 0.01812593825161457 -0.009474466554820538
vt 3.4033920764923096 -0.03200000151991844
vt -0.006070761010050774 0.00968298688530922
vt -2.356194496154785 -0.026799999177455902
vt 6.544984817504883 0.7853981852531433
vt 4.71238899230957 -2.4484830734639897e-14
vt -0.023101726546883583 0.01301444973796606
vt 2.6179938316345215 -4.336808689942018e-19
vt 0.0017836660845205188 0.0015151739353314042
vt 2.120378017425537 0.1390548199415207
vt -0.003099601250141859 -0.006901938002556562
vt 7.330382823944092 -3.977893367794034e-17
vt 1.0471975803375244 0.5235987901687622
vt 0.593411922454834 0.0044999998062849045
vt 6.390590190887451 -7.421586633025043e-25
vt 0.002161146607249975 0.0021104132756590843
vt 0.012934080325067043 -0.011699125170707703
vt 3.1415927410125732 -0.0369499996304512
vt 6.806784152984619 0.0010000000474974513
vt 4.188790321350098 0.7853981852531433
vt 2.6179938316345215 -1.8055593228630336e-35
vt 3.1415927410125732 -1.7951958179473877
vt -0.004636991303414106 -0.019229697063565254
vt 0.2617993950843811 -0.022600000724196434
vt 0.5235987901687622 -0.03200000151991844
vt 0.001852461602538824 -0.000859156483784318
vt 1.3089969158172607 -2.9171931743621826
vt -1.0471975803375244 -1.8055593228630336e-35
vt 0.0003009623324032873 -0.0012207085965201259
vt -0.004257681779563427 -0.001836148090660572
vt 4.188790321350098 6.071532165918825e-18
vt 0.02039295993745327 0.0062880441546440125
vt 3.1415927410125732 0.005350000225007534
vt 0.2617993950843811 -0.03200000151991844
vt 10.210176467895508 -0.004399999976158142
vt 0.5235987901687622 -0.022600000724196434
vt 1.1175241470336914 -0.3435957729816437
vt 0.0 0.0
vt 0.0023484958801418543 0.0002103627339238301
vt 6.806784152984619 0.018200000748038292
vt -0.0010911932913586497 -0.003650440601631999
vt 0.39269909262657166 -0.001178949256427586
vt 3.9269907474517822 -2.0195953845977783
vt 0.0023955893702805042 -0.0032852874137461185
vt -0.003755932440981269 0.0013758527347818017
vt 0.01571161486208439 0.007276512682437897
vt 6.544984817504883 -2.692793607711792
vt 2.356194496154785 -2.4683942794799805
vt 6.02138614654541 -1.5707963705062866
vt 0.7853981852531433 -0.022600000724196434
vt 0.00284576672129333 -0.00357077457010746
vt 1.0471975803375244 1.5707963705062866
vt 0.00014945093425922096 -0.0024015961680561304
vt 8.901179313659668 -0.004399999976158142
vt 0.022317640483379364 -0.003041778691112995
vt 3.7323195934295654 -7.421586633025043e-25
vt -1.0471975803375244 -0.022600000724196434
vt 3.4033920764923096 0.00019999999494757503
vt -0.0025002509355545044 0.0023576326202601194
vt 4.450589656829834 -0.00039000000106170774
vt -0.008781632408499718 -0.018289942294359207
vt 2.0730092525482178 0.2710760831832886
vt 0.0027712087612599134 0.004369847010821104
vt -2.3972488245174793e-17 -0.001178949256427586
vt 1.3089969158172607 -2.4683942794799805
vt 1.5707963705062866 -2.2551406842059717e-17
vt 1.7251983705969602e-24 2.217095427000148e-20
vt 7.330382823944092 0.005350000225007534
vt 9.162978172302246 0.005350000225007534
vt 0.01739300787448883 0.0067552379332482815
vt 5.759586334228516 -0.03200000151991844
vt 0.13089969754219055 -0.001178949256427586
vt 0.2617993950843811 0.2617993950843811
vt 11.257373809814453 -0.00019999999494757503
vt 0.008466104045510292 0.0007583376718685031
vt 7.592182159423828 -0.004399999976158142
vt 0.000619731203187257 -0.010607095435261726
vt 7.8539814949035645 -0.04075000062584877
vt 4.71238899230957 6.071532165918825e-18
vt 4.05789041519165 -0.001178949256427586
vt 0.013326361775398254 -0.0030368599109351635
vt 2.094395160675049 0.01720000058412552
vt 6.2831854820251465 -2.0195953845977783
vt 4.974188327789307 -2.0195953845977783
vt 0.7853981852531433 -0.026799999177455902
vt -0.014245807193219662 0.010623985901474953
vt 11.780972480773926 -0.00019999999494757503
vt -3.9269907474517822 -0.026799999177455902
vt 0.018341215327382088 -0.0044231116771698
vt 1.832595705986023 -3.977893367794034e-17
vt 3.665191411972046 -2.0195953845977783
vt 0.004379421006888151 -0.005065779201686382
vt 0.0 0.0010000000474974513
vt -0.005386576056480408 0.001111215678974986
vt 7.592182159423828 -0.0369499996304512
vt 1.5707963705062866 -1.7951958179473877
vt 2.094395160675049 -4.336808689942018e-19
vt 0.014962912537157536 -0.008529026992619038
vt 0.011500000022351742 -0.012600000016391277
vt 5.235987663269043 -0.00039000000106170774
vt -1.7570240497589111 0.0010000000474974513
vt 6.806784152984619 0.00019999999494757503
vt -0.002865525893867016 0.0005935839144513011
vt -0.0036112156230956316 -0.005386576056480408
vt 0.673198401927948 -9.840371595890964e-21
vt 4.940624237060547 -7.421586633025043e-25
vt 0.3490658402442932 0.0007999999797903001
vt 0.0025444133207201958 -0.0012772722402587533
vt 6.544984817504883 0.01720000058412552
vt -0.7853981852531433 -1.8055593228630336e-35
vt 3.665191411972046 0.00019999999494757503
vt 3.665191411972046 -0.00039000000106170774
vt 5.497786998748779 -2.9171931743621826
vt -0.0019286756869405508 0.0013564274413511157
vt -0.001820090808905661 0.0014061540132388473
vt 0.0030694897286593914 0.0025648067239671946
vt 1.7334728240966797 -0.54367995262146
vt -0.00922364927828312 -0.021365202963352203
vt 6.2831854820251465 1.3089969158172607
vt 6.806784152984619 -0.00039000000106170774
vt -0.0017069242894649506 -0.0005317284376360476
vt 4.974188327789307 0.00019999999494757503
vt 0.003940659575164318 0.0006864428869448602
vt 0.002122012199833989 -0.000887166359461844
vt 0.011448143050074577 -0.010367950424551964
vt 0.004962397739291191 0.004566119518131018
vt -0.006303220055997372 -0.015611177310347557
vt 5.759586334228516 0.018200000748038292
vt 0.014544909819960594 -0.006661825813353062
vt 4.7258148193359375 8.563369116099963e-25
vt 6.806784152984619 -0.004399999976158142
vt -0.0032760556787252426 0.002958469558507204
vt 0.5235987901687622 -2.168404344971009e-18
vt 0.0017881562234833837 0.003855515271425247
vt 3.665191411972046 1.3089969158172607
vt 2.094395160675049 1.0471975803375244
vt 6.806784152984619 0.005350000225007534
vt 3.1415927410125732 -0.04075000062584877
vt 0.9162978529930115 -0.001178949256427586
vt -5.328057765960693 -0.022600000724196434
vt 1.0471975803375244 -1.5707963705062866
vt 4.450589656829834 -1.8055593228630336e-35
vt 6.2831854820251465 -0.00039000000106170774
vt -0.011699999682605267 0.004266741685569286
vt 5.105088233947754 -0.001178949256427586
vt 0.012686125934123993 -0.0026174739468842745
vt 0.0032380998600274324 -0.005112679675221443
vt 3.1415927410125732 -4.336808689942018e-19
vt 1.3089969158172607 0.7853981852531433
vt 5.665607452392578 -7.421586633025043e-25
vt 0.0024915230460464954 -0.0002266380179207772
vt -0.00035686479532159865 -0.003984048962593079
vt -0.002122012199833989 0.000887166359461844
vt 0.01563887670636177 -0.0035271074157208204
vt 4.928067684173584 -0.0003911152307409793
vt -0.00044649821938946843 -0.0017351193819195032
vt 0.006768306717276573 0.001307869446463883
vt 4.027346611022949 -0.0003918117145076394
vt 1.832595705986023 -1.8055593228630336e-35
vt 0.011742169968783855 -0.002947547473013401
vt 6.152285575866699 -0.001178949256427586
vt 1.832595705986023 0.5235987901687622
vt 0.3490658402442932 -3.642919299551295e-17
vt 3.4033920764923096 1.2519288615098459e-18
vt 4.188790321350098 0.018200000748038292
vt 3.4033920764923096 -2.0195953845977783
vt 1.832595705986023 -2.4484830734639897e-14
vt 6.544984817504883 0.5235987901687622
vt 4.215641498565674 0.0007999999797903001
vt 5.235987663269043 -4.336808689942018e-19
vt 0.593411922454834 0.011699999682605267
vt 10.73377513885498 -0.004399999976158142
vt 8.1157808303833 0.00019999999494757503
vt -5.497786998748779 -0.026799999177455902
vt 5.759586334228516 -2.168404344971009e-18
vt 3.9269907474517822 0.00019999999494757503
vt 0.0025648067239671946 -0.0030694897286593914
vt 0.0021379487589001656 -0.0004089791909791529
vt 5.759586334228516 0.00019999999494757503
vt 7.8539814949035645 0.005350000225007534
vt 2.6179938316345215 -2.692793607711792
vt 3.1415927410125732 -2.4683942794799805
vt 0.0030231361743062735 -0.004594632424414158
vt 1.346396803855896 -9.840371595890964e-21
vt 0.021685147657990456 0.005662157665938139
vt 6.632251262664795 1.040834002868023e-17
vt -0.0009703707764856517 -0.010667677037417889
vt 0.01317137572914362 0.0013883213978260756
vt 6.806784152984619 -2.4619776138930588e-23
vt 6.2831854820251465 0.018200000748038292
vt 5.497786998748779 1.2519288615098459e-18
vt 0.4487989544868469 -9.840371595890964e-21
vt 1.3089969158172607 -3.1415927410125732
vt 10.995573997497559 -2.6020852139652106e-18
vt 0.016621043905615807 -0.0003762368578463793
vt 0.01257451344281435 -0.004597220104187727
vt 0.7853981852531433 1.5707963705062866
vt 4.450589656829834 -0.03200000151991844
vt 2.356194496154785 -3.1415927410125732
vt 6.544984817504883 1.3089969158172607
vt -0.002222431357949972 -0.010773152112960815
vt 0.017799999564886093 -0.0007999999797903001
vt 1.832595705986023 1.3089969158172607
vt 0.017616363242268562 -0.0012032935628667474
vt 4.974188327789307 -0.04075000062584877
vt 11.653367042541504 -0.004399999976158142
vt -0.000557200750336051 -0.005170060787349939
vt 3.1415927410125732 -2.9171931743621826
vt 7.8539814949035645 0.00019999999494757503
vt 1.832595705986023 -2.24399471282959
vt 6.2831854820251465 -0.00019999999494757503
vt 1.9146965742111206 0.4534843862056732
vt 0.013443955220282078 -0.012269926257431507
vt 1.5707963705062866 0.018200000748038292
vt 6.544984817504883 -2.24399471282959
vt -0.5235987901687622 -0.022600000724196434
vt 0.01592307724058628 0.002686253981664777
vt 5.4507975578308105 -0.0007999999797903001
vt 0.0024999999441206455 -0.002357898512855172
vt 1.3845685720443726 0.0010000000474974513
vt 1.832595705986023 1.5707963705062866
vt 5.497786998748779 -3.977893367794034e-17
vt 5.235987663269043 -0.00019999999494757503
vt 0.016194511204957962 0.005982954055070877
vt -0.007946694269776344 -0.017797375097870827
vt -1.832595705986023 -0.026799999177455902
vt -0.0015930475201457739 0.0008198777795769274
vt 6.806784152984619 -0.04075000062584877
vt 2.356194496154785 0.00019999999494757503
vt 0.01769205927848816 0.0035163231659680605
vt -0.0036517945118248463 -0.018730906769633293
vt 5.235987663269043 0.018200000748038292
vt 3.665191411972046 -2.692793607711792
vt 0.0013758527347818017 0.003755932440981269
vt 0.001195319346152246 -0.006350887008011341
vt 11.519172668457031 -2.6020852139652106e-18
vt 0.0002103627339238301 0.0023484958801418543
vt 5.209136486053467 8.563369116099963e-25
vt 2.879793167114258 -1.5707963705062866
vt 1.3089969158172607 -4.336808689942018e-19
vt 1.5707963705062866 -0.00019999999494757503
vt 6.2831854820251465 -0.03200000151991844
vt -0.004594632424414158 -0.0030231361743062735
vt 4.71238899230957 0.5235987901687622
vt 3.1415927410125732 -2.24399471282959
vt -4.450589656829834 -0.022600000724196434
vt 0.00537724606692791 -0.0068673486821353436
vt 3.4033920764923096 -1.8055593228630336e-35
vt 0.0 -0.026799999177455902
vt 2.094395160675049 -0.03674999997019768
vt 0.023882532492280006 -0.0006634219316765666
vt 4.484153747558594 -0.0007999999797903001
vt -3.1415927410125732 -0.026799999177455902
vt 4.188790321350098 0.003800000064074993
vt 0.01242548692971468 -0.011602779850363731
vt 0.0 0.5235987901687622
vt -1.832595705986023 0.0010000000474974513
vt 1.3089969158172607 0.01720000058412552
vt 2.879793167114258 -4.336808689942018e-19
vt 0.011742169968783855 -0.011947548016905785
vt 0.013765587471425533 0.00418923469260335
vt 6.544984817504883 -2.9171931743621826
vt 0.0006962670013308525 -0.005153174977749586
vt 0.2617993950843811 -1.7951958179473877
vt 4.24249267578125 -0.0007999999797903001
vt 11.780972480773926 0.00019999999494757503
vt -5.235987663269043 -0.022600000724196434
vt 4.71238899230957 -0.00019999999494757503
vt 3.665191411972046 -2.9171931743621826
vt 3.4033920764923096 0.003800000064074993
vt 0.006528818514198065 -0.00556844612583518
vt 3.9269907474517822 1.2519288615098459e-18
vt 4.188790321350098 -1.7951958179473877
vt 0.2617993950843811 1.5707963705062866
vt 1.5707963705062866 -0.03200000151991844
vt -0.0034240533132106066 -0.006335671525448561
vt 0.008420002646744251 -0.00035017673508264124
vt 2.225294828414917 -0.001178949256427586
vt 10.471975326538086 0.00019999999494757503
vt 0.00735009741038084 -0.004022860433906317
vt 0.7853981852531433 -2.0195953845977783
vt -1.0471975803375244 -0.026799999177455902
vt 5.759586334228516 0.01720000058412552
vt 5.759586334228516 1.2519288615098459e-18
vt -0.019012652337551117 0.0011281064944341779
vt 0.013063140213489532 -0.0044263615272939205
vt -0.0041003720834851265 -0.002415594644844532
vt 0.3490658402442932 0.015399999916553497
vt 0.0 -0.022600000724196434
vt 5.235987663269043 0.5235987901687622
vt 7.65054178237915 0.018200000748038292
vt 2.879793167114258 0.5235987901687622
vt -0.006026644725352526 -0.002919075544923544
vt 2.094395160675049 -2.679127658165542e-17
vt 0.673198401927948 0.007199999876320362
vt 0.002301078522577882 0.003271855413913727
vt -0.0022312048822641373 0.006345613393932581
vt 8.1157808303833 -2.6020852139652106e-18
vt 5.497786998748779 -2.692793607711792
vt -2.879793167114258 -0.026799999177455902
vt -0.01009339839220047 -0.028203440830111504
vt 9.686577796936035 0.00019999999494757503
vt 2.879793167114258 6.071532165918825e-18
vt 0.2617993950843811 -0.026799999177455902
vt 0.016134537756443024 0.0026959956157952547
vt 6.544984817504883 -2.6020852139652106e-18
vt 1.1175241470336914 0.3435957729816437
vt 0.019084300845861435 0.0035316012799739838
vt 7.330382823944092 -0.0369499996304512
vt 0.0 -1.8055593228630336e-35
vt 4.974188327789307 -0.03674999997019768
vt 0.005545520689338446 -0.006884194910526276
vt 3.1415927410125732 0.5235987901687622
vt -0.003372492967173457 -0.0033577431458979845
vt 2.879793167114258 -0.00019999999494757503
vt 0.005716629792004824 -0.0020687421783804893
vt -0.02328801155090332 0.0076258983463048935
vt 5.907268047332764 0.0007999999797903001
vt 0.012313874438405037 -0.004582526162266731
vt -0.003588739549741149 -0.005052098073065281
vt 5.497786998748779 0.2617993950843811
vt 4.71238899230957 -0.04075000062584877
vt 7.592182159423828 0.00019999999494757503
vt 0.003599999938160181 0.005619999952614307
vt 5.497786998748779 0.005350000225007534
vt 1.2276413440704346 -0.11438499391078949
vt -0.005355079658329487 -0.022242361679673195
vt -0.007311701774597168 -0.020058926194906235
vt 0.7853981852531433 0.2617993950843811
vt 1.832595705986023 -0.04075000062584877
vt -0.0013941333163529634 0.0018293147440999746
vt 7.330382823944092 -0.04075000062584877
vt 0.015399999916553497 0.006500000134110451
vt 0.6278797388076782 0.011699999682605267
vt 2.879793167114258 0.0010000000474974513
vt 1.6855049133300781 -0.5513045787811279
vt 3.2699174880981445 0.0010000000474974513
vt -0.0034619111102074385 -0.004273777361959219
vt 0.0004397796292323619 -0.010937794111669064
vt 0.017550796270370483 0.0064541008323431015
vt 0.0032605761662125587 -0.005447157192975283
vt 3.2699174880981445 0.01720000058412552
vt 3.9269907474517822 -3.977893367794034e-17
vt 0.013938173651695251 -0.010144909843802452
vt 0.017218250781297684 0.003108493285253644
vt 6.2831854820251465 -0.004399999976158142
vt 0.005375205539166927 -0.0005436124047264457
vt 0.2617993950843811 -2.4683942794799805
vt 1.9634953737258911 -0.001178949256427586
vt 5.759586334228516 -4.336808689942018e-19
vt -0.0007678522379137576 -0.0034687977749854326
vt 9.686577796936035 -2.6020852139652106e-18
vt 3.9269907474517822 -4.336808689942018e-19
vt -0.00018851943605113775 -0.007759994827210903
vt 1.832595705986023 0.2617993950843811
vt 3.4033920764923096 0.2617993950843811
vt 0.011699999682605267 -0.01343000028282404
vt -0.0055849296040833 -0.024731773883104324
vt -0.0008731678826734424 0.002127810614183545
vt 0.014418430626392365 -0.00970300380140543
vt 4.188790321350098 -2.9171931743621826
vt 1.832595705986023 0.018200000748038292
vt 0.005622326862066984 -0.0010159402154386044
vt 0.012723040767014027 -0.010590030811727047
vt -2.094395160675049 -0.026799999177455902
vt 2.6179938316345215 -1.5707963705062866
vt 2.356194496154785 -0.00019999999494757503
vt 6.02138614654541 -0.00019999999494757503
vt 10.471975326538086 -0.004399999976158142
vt 5.235987663269043 -2.4619776138930588e-23
vt 1.3089969158172607 -0.00019999999494757503
vt -0.004106170032173395 -0.0006552604609169066
vt 2.6179938316345215 -0.03200000151991844
vt -0.5235987901687622 -1.8055593228630336e-35
vt 2.094395160675049 -0.0369499996304512
vt 5.692458629608154 -0.0007999999797903001
vt 3.9269907474517822 -2.692793607711792
vt 1.5707963705062866 -4.336808689942018e-19
vt 0.0017096716910600662 -0.003134319791570306
vt 0.0018717917846515775 -0.010833733715116978
vt 4.188790321350098 -0.004399999976158142
vt 7.66775369644165 0.0010000000474974513
vt 2.094395160675049 -1.7951958179473877
vt 7.0685834884643555 -2.6020852139652106e-18
vt 4.188790321350098 0.0010000000474974513
vt 5.665607452392578 0.0007999999797903001
vt 3.1415927410125732 0.00019999999494757503
vt 0.0007605761056765914 -0.010947157628834248
vt 2.356194496154785 -3.977893367794034e-17
vt 2.356194496154785 -0.03200000151991844
vt 4.215641498565674 0.015399999916553497
vt 0.00463650468736887 -0.002354320604354143
vt 8.377580642700195 -0.004399999976158142
vt -0.0003207964764442295 0.005490636453032494
vt 5.497786998748779 0.01720000058412552
vt 1.0184342861175537 0.114452064037323
vt -0.0057176630944013596 -0.01574394665658474
vt 0.003984048962593079 -0.00035686479532159865
vt 7.0685834884643555 0.018200000748038292
vt 0.0029980880208313465 -0.009042205289006233
vt 8.901179313659668 6.071532165918825e-18
vt 3.9269907474517822 -3.1415927410125732
vt 0.0013941333163529634 -0.0018293147440999746
vt 2.5363829135894775 -0.0003916453861165792
vt 0.657792329788208 -0.022600000724196434
vt 2.356194496154785 -2.9171931743621826
vt 0.011936860159039497 -0.0027736385818570852
vt 9.948376655578613 -0.004399999976158142
vt 2.356194496154785 -0.03674999997019768
vt 0.0035227437037974596 0.00031554410816170275
vt 2.879793167114258 0.00019999999494757503
vt 6.544984817504883 -2.0195953845977783
vt 4.188790321350098 -2.24399471282959
vt -0.011699999682605267 0.005619999952614307
vt -0.005044751334935427 -0.01967041939496994
vt 6.2831854820251465 -0.04075000062584877
vt 7.0685834884643555 0.00019999999494757503
vt 5.235987663269043 -2.4683942794799805
vt 6.02138614654541 -4.336808689942018e-19
vt 4.71238899230957 0.005350000225007534
vt 1.832595705986023 -0.03200000151991844
vt -0.0022393222898244858 -0.024399228394031525
vt 0.018004879355430603 -0.009592554531991482
vt 0.001131370896473527 3.581097018923174e-08
vt -0.2617993950843811 -0.026799999177455902
vt -0.002127810614183545 -0.0008731678826734424
vt 0.024048587307333946 0.0021787406876683235
vt 2.094395160675049 0.00019999999494757503
vt 0.005271897651255131 -0.00302764680236578
vt 3.1415927410125732 0.007199999876320362
vt -0.0024999999441206455 -1.1235733410330795e-07
vt -0.0030231361743062735 0.004594632424414158
vt 3.1415927410125732 0.018200000748038292
vt 0.00014365259266924113 -0.000641261984128505
vt 3.4033920764923096 -1.7951958179473877
vt 1.5707963705062866 -2.0195953845977783
vt -0.0017169477650895715 -0.0057816351763904095
vt 0.2617993950843811 0.7853981852531433
vt 6.544984817504883 -3.1415927410125732
vt 6.02138614654541 -2.6020852139652106e-18
vt 5.497786998748779 -2.4619776138930588e-23
vt 0.006887312512844801 -0.005294527858495712
vt 0.011673638597130775 -0.004163139965385199
vt 0.0132578294724226 -0.004252452403306961
vt -0.0044999998062849045 0.005619999952614307
vt -5.298543825915658e-08 0.001178949256427586
vt -1.5707963705062866 -0.026799999177455902
vt -2.6179938316345215 -0.026799999177455902
vt -0.012410799972712994 0.006835478823632002
vt 4.450589656829834 1.5707963705062866
vt 5.235987663269043 -2.9171931743621826
vt 4.450589656829834 -2.0195953845977783
vt 5.497786998748779 -2.6020852139652106e-18
vt -0.0046259998343884945 -0.006558373104780912
vt 7.0685834884643555 0.0010000000474974513
vt 0.2617993950843811 1.2519288615098459e-18
vt 5.497786998748779 1.5707963705062866
vt 4.188790321350098 -1.8055593228630336e-35
vt -1.5707963705062866 -1.8055593228630336e-35
vt 1.3089969158172607 -2.168404344971009e-18
vt 3.9269907474517822 0.7853981852531433
vt 0.003097047097980976 -0.0020702171605080366
vt 4.188790321350098 1.3089969158172607
vt 0.009474466554820538 -0.01812593825161457
vt 8.639379501342773 -0.00019999999494757503
vt 4.974188327789307 6.071532165918825e-18
vt 1.1492712497711182 -0.3883714973926544
vt 6.02138614654541 0.7853981852531433
vt -0.006515412125736475 -0.0011317833559587598
vt 4.974188327789307 0.018200000748038292
vt 0.002444895915687084 -0.0034763463772833347
vt 7.330382823944092 -2.6020852139652106e-18
vt 2.059488534927368 2.5037616827764433e-24
vt 0.5235987901687622 -1.7951958179473877
vt 0.7853981852531433 -2.24399471282959
vt 0.7853981852531433 1.0471975803375244
vt 1.346396803855896 0.007199999876320362
vt 4.188790321350098 1.5707963705062866
vt 3.4033920764923096 -4.336808689942018e-19
vt 1.2276413440704346 0.3431549668312073
vt 5.497786998748779 -2.4683942794799805
vt 1.5707963705062866 0.0007999999797903001
vt 0.02415264956653118 0.0007467285031452775
vt 0.01592307724058628 0.004986254032701254
vt 6.02138614654541 -2.24399471282959
vt 0.7853981852531433 -2.4683942794799805
vt 7.0685834884643555 6.071532165918825e-18
vt -0.009548706002533436 -0.024885762482881546
vt 4.967475414276123 8.563369116099963e-25
vt 4.974188327789307 0.0010000000474974513
vt 7.943316459655762 -0.04075000062584877
vt 2.6179938316345215 -0.04075000062584877
vt 0.005369057413190603 0.0028285549487918615
vt -0.0002926975139416754 0.0022812995593994856
vt 3.4906585216522217 0.015399999916553497
vt 0.004879623651504517 -0.0033885950688272715
vt 3.9269907474517822 -2.4619776138930588e-23
vt 10.210176467895508 -0.00019999999494757503
vt 5.423946380615234 0.015399999916553497
vt 5.759586334228516 -1.7951958179473877
vt 6.02138614654541 -3.977893367794034e-17
vt 5.497786998748779 1.0471975803375244
vt -1.0597087651831316e-07 0.002357898512855172
vt 6.02138614654541 -2.4619776138930588e-23
vt 0.0007999999797903001 -1.1274931552453593e-24
vt 1.5707963705062866 -1.3877791116536907e-17
vt 3.665191411972046 0.7853981852531433
vt 3.665191411972046 1.5707963705062866
vt 0.01058156881481409 -0.006496995687484741
vt -0.002626578090712428 -0.003398190252482891
vt 9.42477798461914 0.005350000225007534
vt 3.4033920764923096 -0.00019999999494757503
vt 0.01801222935318947 0.004024256486445665
vt 2.6179938316345215 -0.0369499996304512
vt 1.0471975803375244 -0.00019999999494757503
vt 0.0015079451259225607 -0.0028821639716625214
vt -0.021765632554888725 0.0030350303277373314
vt 0.003755932440981269 -0.0013758527347818017
vt 0.000887166359461844 0.002122012199833989
vt 0.003599999938160181 -0.006000000052154064
vt 7.0685834884643555 -0.04075000062584877
vt -0.003628720063716173 -0.0016829705564305186
vt 0.003011313732713461 -0.0042393384501338005
vt 6.390590190887451 0.0007999999797903001
vt -0.0057030897587537766 -0.021690260618925095
vt 0.7853981852531433 -2.4619776138930588e-23
vt 6.02138614654541 0.00019999999494757503
vt 6.2831854820251465 0.2617993950843811
vt -0.012846417725086212 -0.025018958374857903
vt 1.0471975803375244 -3.1415927410125732
vt 0.005689821671694517 -0.006972384173423052
vt -0.0007547861896455288 -0.007435542996972799
vt 4.450589656829834 0.0010000000474974513
vt -0.00271046906709671 -0.025755511596798897
vt -0.008048187009990215 -0.02082393504679203
vt 0.005355208646506071 -0.008470293134450912
vt -4.71238899230957 -0.026799999177455902
vt 0.00962540227919817 -0.017676766961812973
vt 11.257373809814453 0.00019999999494757503
vt 3.665191411972046 -1.5707963705062866
vt 4.974188327789307 -2.4619776138930588e-23
vt -0.016790220513939857 0.011901258490979671
vt 4.215641498565674 -7.421586633025043e-25
vt 3.4033920764923096 0.018200000748038292
vt -0.0030694897286593914 -0.0025648067239671946
vt -0.010089974850416183 -0.023710301145911217
vt 9.42477798461914 0.00019999999494757503
vt -4.71238899230957 -0.022600000724196434
vt 3.9269907474517822 -2.4683942794799805
vt 6.544984817504883 -1.5707963705062866
vt 4.71238899230957 1.5707963705062866
vt 8.1157808303833 0.005350000225007534
vt 0.019773228093981743 -0.004319050814956427
vt 0.013833923265337944 0.005948251578956842
vt 4.974188327789307 -4.336808689942018e-19
vt -0.002271057106554508 -0.0038097279611974955
vt 6.419617983900727e-14 -6.285603392716936e-34
vt 6.544984817504883 -0.00019999999494757503
vt -0.022496068850159645 0.0034915462601929903
vt 6.02138614654541 -2.4683942794799805
vt 0.0009717194479890168 0.003104275790974498
vt 4.974188327789307 -2.168404344971009e-18
vt 0.01349722035229206 -0.0035254869144409895
vt 0.0 1.3089969158172607
vt 0.2617993950843811 0.00019999999494757503
vt 0.006892997305840254 -8.418010838795453e-05
vt 3.9269907474517822 -2.24399471282959
vt 8.639379501342773 0.00019999999494757503
vt 2.094395160675049 -0.03200000151991844
vt 3.4033920764923096 -2.4484830734639897e-14
vt 0.005294527858495712 -0.006887312512844801
vt 7.0685834884643555 -0.00039000000106170774
vt 3.97398042678833 -7.421586633025043e-25
vt 1.3089969158172607 -1.7951958179473877
vt 1.3089969158172607 -2.0195953845977783
vt -0.020809046924114227 0.002203556941822171
vt 5.370181560516357 -0.004399999976158142
vt 0.013400874100625515 -0.004034080076962709
vt 4.450589656829834 6.071532165918825e-18
vt 3.9269907474517822 -2.168404344971009e-18
vt 2.6179938316345215 1.5707963705062866
vt 4.967475414276123 -0.0007999999797903001
vt 6.544984817504883 0.0010000000474974513
vt 5.497786998748779 0.7853981852531433
vt 2.356194496154785 -1.7951958179473877
vt 3.9269907474517822 -2.9171931743621826
vt -0.00035063960240222514 -6.0581547586480156e-05
vt 2.7925267219543457 2.1684045104071314e-17
vt -0.002639644080772996 -0.007364935707300901
vt 5.759586334228516 -2.9171931743621826
vt 2.356194496154785 -0.0369499996304512
vt 2.879793167114258 -1.7951958179473877
vt -0.0037937837187200785 0.0019525084644556046
vt -1.832595705986023 -1.8055593228630336e-35
vt 1.0471975803375244 0.7853981852531433
vt 3.665191411972046 -2.4484830734639897e-14
vt 4.71238899230957 -2.0195953845977783
vt 0.00246750027872622 0.004915428813546896
vt 3.4033920764923096 -0.00039000000106170774
vt 8.639379501342773 0.005350000225007534
vt -0.0050784023478627205 0.008265886455774307
vt 2.4870941638946533 -0.001178949256427586
vt 0.0038538833614438772 0.0046122209168970585
vt 0.00030771971796639264 0.0022793218959122896
vt 0.0013684578007087111 -0.005068426486104727
vt 6.02138614654541 0.018200000748038292
vt 4.71238899230957 1.0471975803375244
vt 8.901179313659668 -0.00019999999494757503
vt 6.544984817504883 6.071532165918825e-18
vt -0.0005842263344675303 0.0003008863714057952
vt -0.0051864213310182095 -0.016023745760321617
vt 1.5707963705062866 0.0010000000474974513
vt 2.7488934993743896 -0.001178949256427586
vt 3.4033920764923096 1.3089969158172607
vt 8.377580642700195 -0.00019999999494757503
vt 1.832595705986023 -2.9171931743621826
vt 4.974188327789307 -0.004399999976158142
vt 10.471975326538086 -0.00019999999494757503
vt -0.003590889275074005 -0.005704725161194801
vt 6.2831854820251465 0.003800000064074993
vt 0.8377580642700195 -8.988429065507937e-25
vt 4.940624237060547 0.015399999916553497
vt 3.235622716601938e-05 -0.004414072725921869
vt 1.832595705986023 -0.00039000000106170774
vt 1.832595705986023 -3.1415927410125732
vt 2.094395160675049 -2.4683942794799805
vt 3.9269907474517822 0.5235987901687622
vt 0.0007999999797903001 1.8971563337169395e-39
vt 5.235987663269043 -2.0195953845977783
vt 7.592182159423828 0.003800000064074993
vt 0.5235987901687622 1.3089969158172607
vt 6.02138614654541 0.2617993950843811
vt -0.000793066225014627 -0.007866249419748783
vt -0.0017782860668376088 -0.004886481445282698
vt 0.5235987901687622 1.0471975803375244
vt 4.450589656829834 -2.692793607711792
vt 0.00024237387697212398 -0.0010826747165992856
vt 4.974188327789307 -2.4484830734639897e-14
vt -0.00020373513689264655 -0.0031406222842633724
vt 2.356194496154785 1.5707963705062866
vt 4.450589656829834 -0.0369499996304512
vt 0.013441492803394794 0.0027984718326479197
vt 6.02138614654541 6.071532165918825e-18
vt 6.02138614654541 -2.168404344971009e-18
vt 0.004571402445435524 0.002478362061083317
vt 1.832595705986023 -2.692793607711792
vt 1.832595705986023 -2.0195953845977783
vt 0.7853981852531433 -3.1415927410125732
vt 1.6851812601089478 -0.11438499391078949
vt 1.0471975803375244 -0.00039000000106170774
vt 7.8539814949035645 6.071532165918825e-18
vt 0.003769703209400177 -0.0022807761561125517
vt -0.004259659443050623 -0.0012357308296486735
vt 4.450589656829834 -2.4683942794799805
vt 1.9139512777328491 -0.11438499391078949
vt 2.6179938316345215 -2.4683942794799805
vt -0.0044599431566894054 -0.003716210601851344
vt 1.5707963705062866 0.015399999916553497
vt 9.162978172302246 0.003800000064074993
vt 0.5235987901687622 -0.00019999999494757503
vt 0.0027389356400817633 -0.00391872925683856
vt 3.1415927410125732 -1.5707963705062866
vt -3.9269907474517822 -0.022600000724196434
vt -0.015399999916553497 2.874454127457491e-24
vt 4.450589656829834 0.003800000064074993
vt -1.3089969158172607 -0.022600000724196434
vt 0.004022860433906317 -0.00735009741038084
vt -0.004747469909489155 -0.018448958173394203
vt -0.01617048867046833 0.001294163055717945
vt 7.330382823944092 0.01720000058412552
vt 0.7853981852531433 -0.00019999999494757503
vt 0.01673920452594757 0.002665275940671563
vt -0.0196797214448452 0.0016282012220472097
vt 0.5235987901687622 -2.4484830734639897e-14
vt -5.625392913818359 -0.022600000724196434
vt 4.450589656829834 -0.03674999997019768
vt 0.01866201125085354 -0.00143247505184263
vt 3.4906585216522217 0.0007999999797903001
vt 4.71238899230957 1.2519288615098459e-18
vt 4.974188327789307 -0.0369499996304512
vt 2.9171931743621826 0.007199999876320362
vt 2.6179938316345215 0.00019999999494757503
vt 5.423946380615234 0.0007999999797903001
vt 0.002127810614183545 0.0008731678826734424
vt 4.974188327789307 1.3089969158172607
vt -0.01799609698355198 0.0010154970223084092
vt 0.012169926427304745 -0.011656044982373714
vt 0.0006491769454441965 -0.002017069375142455
vt 1.6855049133300781 0.5513045787811279
vt 5.759586334228516 -0.04075000062584877
vt 6.544984817504883 -2.4619776138930588e-23
vt 6.02138614654541 -0.0369499996304512
vt 3.9269907474517822 -0.04075000062584877
vt 7.330382823944092 -0.00019999999494757503
vt 4.450589656829834 1.2519288615098459e-18
vt 1.8151423931121826 -0.0007999999797903001
vt 4.450589656829834 0.01720000058412552
vt 6.544984817504883 0.003800000064074993
vt -0.010649033822119236 -0.018693380057811737
vt 2.6179938316345215 -2.4619776138930588e-23
vt 1.8347620311942592e-07 0.002357898512855172
vt 0.7853981852531433 -0.03200000151991844
vt -0.0015459589194506407 -0.006411468610167503
vt 7.330382823944092 0.003800000064074993
vt 0.4487989544868469 0.007199999876320362
vt 6.806784152984619 -0.0369499996304512
vt 2.6179938316345215 -3.977893367794034e-17
vt -0.003970269113779068 -0.019178709015250206
vt 0.003992168698459864 0.0030684019438922405
vt 0.01819002628326416 0.004597748629748821
vt 4.188790321350098 -0.03674999997019768
vt 0.017799999564886093 -0.015399999916553497
vt 0.0030671111308038235 -0.004482846241444349
vt -0.002060311147943139 -0.0030737381894141436
vt 0.5235987901687622 1.2519288615098459e-18
vt 2.879793167114258 0.2617993950843811
vt 0.2617993950843811 -2.9171931743621826
vt 5.497786998748779 0.00019999999494757503
vt 6.544984817504883 -1.7951958179473877
vt 0.005065201781690121 -0.0011763201327994466
vt 7.0685834884643555 0.003800000064074993
vt 1.5707963705062866 -2.4484830734639897e-14
vt 5.36688756942749 -0.001178949256427586
vt 2.6179938316345215 1.0471975803375244
vt 0.013551856391131878 -0.005832049995660782
vt 8.639379501342773 -2.6020852139652106e-18
vt 1.439896583557129 -0.001178949256427586
vt 1.3089969158172607 -1.5707963705062866
vt -0.00030771971796639264 -0.0022793218959122896
vt -0.003031265689060092 -0.020264875143766403
vt 4.188790321350098 -0.03200000151991844
vt 2.094395160675049 -1.5707963705062866
vt 1.5707963705062866 0.01720000058412552
vt -0.013116534799337387 -0.02360880933701992
vt 1.3089969158172607 0.5235987901687622
vt 4.188790321350098 -2.4683942794799805
vt 1.832595705986023 0.0010000000474974513
vt -0.7853981852531433 0.0010000000474974513
vt 2.356194496154785 -1.5707963705062866
vt 0.018080566078424454 0.005783273372799158
vt 1.0471975803375244 -2.9171931743621826
vt 1.121997356414795 -9.840371595890964e-21
vt 5.497786998748779 0.5235987901687622
vt 0.019528336822986603 -0.0012775721261277795
vt 0.0011313140857964754 0.0017916831420734525
vt 2.0195953845977783 7.673627122167893e-34
vt -0.0033845137804746628 0.00029166252352297306
vt 0.02070298045873642 0.002511286875233054
vt 0.006922285538166761 0.0006200525676831603
vt 0.0015438190894201398 0.0001382851041853428
vt 7.0685834884643555 0.01720000058412552
vt 3.4033920764923096 -0.0369499996304512
vt -0.015399999916553497 0.004266741685569286
vt 2.356194496154785 0.7853981852531433
vt 1.9139512777328491 0.11438499391078949
vt 9.162978172302246 -0.00019999999494757503
vt 0.7853981852531433 -0.03674999997019768
vt 0.3490658402442932 0.0044999998062849045
vt 7.0685834884643555 -3.977893367794034e-17
vt 6.806784152984619 -3.977893367794034e-17
vt 5.235987663269043 -3.977893367794034e-17
vt -0.018222233280539513 0.012005318887531757
vt 1.832595705986023 0.00019999999494757503
vt 5.235987663269043 1.3089969158172607
vt 1.5707963705062866 -2.692793607711792
vt 0.0046122209168970585 -0.0038538833614438772
vt 1.5707963705062866 -0.5651432275772095
vt 1.5707963705062866 0.5235987901687622
vt 11.257373809814453 -2.6020852139652106e-18
vt 0.7853981852531433 1.2519288615098459e-18
vt 0.02093283087015152 2.1875470338272862e-05
vt 2.356194496154785 -2.24399471282959
vt 0.016938352957367897 -0.00871749222278595
vt -0.0019783596508204937 -0.001528428285382688
vt 2.879793167114258 -2.4683942794799805
vt 9.46608415688388e-05 0.005499185528606176
vt 5.235987663269043 0.00019999999494757503
vt 1.3089969158172607 -2.24399471282959
vt 6.806784152984619 -0.00019999999494757503
vt 1.832595705986023 1.0471975803375244
vt -2.0574270820361562e-07 0.006500000134110451
vt -0.2617993950843811 -1.8055593228630336e-35
vt -0.02310151606798172 0.008306097239255905
vt 2.9171931743621826 7.673627122167893e-34
vt -0.008307131007313728 -5.258866622170899e-07
vt 0.005462332163006067 -0.006866291631013155
vt 0.0025302227586507797 -4.803081174031831e-05
vt 7.0685834884643555 0.005350000225007534
vt -0.003271855413913727 0.002301078522577882
vt 0.018213335424661636 0.005197716411203146
vt 0.009540330618619919 -0.018072061240673065
vt 4.188790321350098 -1.5707963705062866
vt 3.74680233001709 -0.0003916453861165792
vt 6.544984817504883 -0.00039000000106170774
vt -0.0038076743949204683 -0.00013429501268547028
vt 1.5707963705062866 -3.1415927410125732
vt 0.0068673486821353436 -0.00537724606692791
vt -0.004300971515476704 -0.016713837161660194
vt 0.006053419318050146 -0.001507950248196721
vt -0.00784294307231903 -0.019779127091169357
vt 4.71238899230957 -2.24399471282959
vt 2.094395160675049 1.5707963705062866
vt 1.3089969158172607 0.0010000000474974513
vt 1.068583369255066 0.2710760831832886
vt 4.000831604003906 8.563369116099963e-25
vt 0.006021208595484495 0.00423468416556716
vt 0.0022759384009987116 -0.0034587718546390533
vt 7.0685834884643555 -0.00019999999494757503
vt 5.677975654602051 -0.0003916453861165792
vt 2.356194496154785 1.0471975803375244
vt 0.010896995663642883 -0.010018430650234222
vt 5.235987663269043 -2.4484830734639897e-14
vt 1.0471975803375244 -2.692793607711792
vt 1.408119797706604 -0.54367995262146
vt 0.010037087835371494 -0.007670973427593708
vt -1.3089969158172607 -0.026799999177455902
vt 2.879793167114258 -2.4619776138930588e-23
vt 2.24399471282959 0.007199999876320362
vt 3.4906585216522217 -4.683753385137379e-17
vt 0.016391193494200706 0.0021131744142621756
vt 5.235987663269043 -0.0369499996304512
vt 0.8975979089736938 -9.840371595890964e-21
vt -0.003655628999695182 -0.004109303466975689
vt 6.544984817504883 -3.977893367794034e-17
vt 3.1415927410125732 1.0471975803375244
vt 3.665191411972046 0.003800000064074993
vt 1.5707963705062866 -2.24399471282959
vt 0.001095675164833665 -0.00028195008053444326
vt 2.356194496154785 -2.4619776138930588e-23
vt 6.02138614654541 -0.03200000151991844
vt 2.525923728942871 -0.00019999999494757503
vt -0.013015411794185638 -0.0011321947677060962
vt 2.879793167114258 1.5707963705062866
vt 0.5235987901687622 -0.026799999177455902
vt 1.6851812601089478 0.11438499391078949
vt 5.328057765960693 -2.6020852139652106e-18
vt 2.9543752670288086 0.003800000064074993
vt 0.9551274180412292 -0.022600000724196434
vt 0.003483416745439172 -0.0023634396493434906
vt 0.01484745740890503 -0.0072400919161736965
vt 1.3673566579818726 0.018200000748038292
vt 3.325625419616699 -0.00039160161395557225
vt 2.6179938316345215 -0.00019999999494757503
vt 1.3089969158172607 -2.4619776138930588e-23
vt -1.832595705986023 -0.022600000724196434
vt 4.71238899230957 -1.5707963705062866
vt 0.0132578294724226 -0.01325245201587677
vt 1.3845685720443726 0.01720000058412552
vt 2.879793167114258 -2.24399471282959
vt 5.235987663269043 -2.24399471282959
vt 1.3089969158172607 0.00019999999494757503
vt 0.0028960236813873053 0.004318917170166969
vt 0.7853981852531433 -2.9171931743621826
vt 4.7258148193359375 -0.0007999999797903001
vt 0.2617993950843811 -2.0195953845977783
vt 2.356194496154785 -4.336808689942018e-19
vt 6.02138614654541 -0.00039000000106170774
vt 3.7323195934295654 0.015399999916553497
vt 0.014103003777563572 -0.006181568838655949
vt 0.017800766974687576 0.006314515136182308
vt -0.008603835478425026 -0.018863433972001076
vt 0.013063140213489532 -0.013426361605525017
vt 5.235987663269043 0.0010000000474974513
vt 0.6544984579086304 -0.001178949256427586
vt 2.879793167114258 0.7853981852531433
vt 4.188790321350098 -0.00039000000106170774
vt -0.004224423784762621 -0.018112897872924805
vt 1.326450228691101 -8.988429065507937e-25
vt 2.356194496154785 0.01720000058412552
vt 0.7853981852531433 -1.7951958179473877
vt 0.02112608775496483 0.0006452362285926938
vt 2.048187017440796 0.0010000000474974513
vt -0.023101435974240303 0.00651444960385561
vt 4.000831604003906 -0.0007999999797903001
vt 4.581489086151123 -0.001178949256427586
vt 0.005981095600873232 -0.007178104482591152
vt 0.2617993950843811 -3.1415927410125732
vt 5.628686904907227 -0.001178949256427586
vt 0.003271855413913727 -0.002301078522577882
vt 4.188790321350098 0.005350000225007534
vt 6.02138614654541 -2.0195953845977783
vt 0.018072061240673065 -0.009540330618619919
vt 0.003783712163567543 -0.0008525249431841075
vt 2.692793607711792 0.007199999876320362
vt 5.397431373596191 -0.0003918117145076394
vt 3.9269907474517822 0.003800000064074993
vt 0.2617993950843811 -2.4484830734639897e-14
vt 2.6179938316345215 -3.1415927410125732
vt -4.974188327789307 -0.022600000724196434
vt 3.275848865509033 -0.0007999999797903001
vt -0.0022625599522143602 -0.010041790083050728
vt 0.0030025504529476166 0.00019909058755729347
vt 3.1415927410125732 0.7853981852531433
vt 5.93411922454834 -0.0007999999797903001
vt 5.235987663269043 6.071532165918825e-18
vt 4.974188327789307 0.005350000225007534
vt 5.759586334228516 -2.4619776138930588e-23
vt 0.008088567294180393 -0.001408987445756793
vt 5.235987663269043 -2.168404344971009e-18
vt -5.23218779591621e-24 4.9178326952849673e-20
vt 0.012830073945224285 -0.01354395505040884
vt 4.188790321350098 -2.4484830734639897e-14
vt 3.7591707706451416 8.563369116099963e-25
vt 0.00307341362349689 -0.006396253127604723
vt 0.22439947724342346 -9.840371595890964e-21
vt 1.9139512777328491 0.3431549668312073
vt 5.907268047332764 0.015399999916553497
vt -5.497786998748779 -0.022600000724196434
vt 1.0471975803375244 0.2617993950843811
vt -0.0025648067239671946 0.0030694897286593914
vt -0.007855748757719994 -0.02577742375433445
vt 9.237560272216797 0.003800000064074993
vt 4.450589656829834 -4.336808689942018e-19
vt -0.003599999938160181 -0.005619999952614307
vt -0.7853981852531433 -0.022600000724196434
vt 11.519172668457031 0.00019999999494757503
vt -0.00016212018090300262 -0.007699413225054741
vt 0.0027489615604281425 -0.006962519604712725
vt 2.4683942794799805 0.007199999876320362
vt 0.008223730139434338 0.0018410123884677887
vt 3.1415927410125732 -2.168404344971009e-18
vt 0.003845455124974251 0.0035003535449504852
vt 9.42477798461914 -2.6020852139652106e-18
vt 1.456411361694336 0.3431549668312073
vt 0.5235987901687622 0.00019999999494757503
vt 0.0018293147440999746 0.0013941333163529634
vt 0.5235987901687622 1.5707963705062866
vt 4.188790321350098 -2.0195953845977783
vt 0.0007999999797903001 1.4943689166184362e-29
vt -3.4033920764923096 -0.026799999177455902
vt 0.0003775370423682034 0.0021673250012099743
vt 6.2831854820251465 -2.168404344971009e-18
vt 0.016885073855519295 0.007075407076627016
vt 4.71238899230957 -0.00039000000106170774
vt 0.007038248237222433 -0.005743698682636023
vt 5.759586334228516 -2.4683942794799805
vt 0.009999999776482582 -0.008100000210106373
vt -0.00669081462547183 0.01129806600511074
vt 0.015399999916553497 -2.1704242474264165e-23
vt 4.188790321350098 1.0471975803375244
vt 0.004473935812711716 -0.0023100643884390593
vt 0.0057815685868263245 -0.007114449981600046
vt 1.5707963705062866 -3.4694440568214703e-18
vt 3.4033920764923096 -2.9171931743621826
vt 1.7951958179473877 0.007199999876320362
vt 0.006920160260051489 -0.005622639320790768
vt 2.356194496154785 0.018200000748038292
vt -1.2543094385364384e-07 0.001178949256427586
vt -0.0024999999441206455 -2.659803612914402e-07
vt -0.007396047934889793 -0.02079860121011734
vt 11.519172668457031 -0.00019999999494757503
vt -0.0012278094654902816 -0.003931795246899128
vt 0.01586303487420082 -0.006891653407365084
vt 5.497786998748779 -1.7951958179473877
vt -0.00341775082051754 -0.004422264639288187
vt 1.5707963705062866 -2.168404344971009e-18
vt 3.4033920764923096 -0.04075000062584877
vt 1.068583369255066 -0.2710760831832886
vt 4.450589656829834 -2.24399471282959
vt 6.2831854820251465 -2.6020852139652106e-18
vt 7.8539814949035645 -0.004399999976158142
vt 3.2724924087524414 -0.001178949256427586
vt 0.5235987901687622 -2.4683942794799805
vt 2.0195953845977783 0.007199999876320362
vt 1.5707963705062866 0.00019999999494757503
vt 5.665607452392578 0.015399999916553497
vt 0.005220519378781319 0.001730946940369904
vt 2.094395160675049 -2.0195953845977783
vt 5.759586334228516 1.3089969158172607
vt 7.168939113616943 -0.0003918117145076394
vt 0.006972384173423052 -0.005689821671694517
vt 1.0471975803375244 -1.8055593228630336e-35
vt 0.0021390384063124657 0.0009920684387907386
vt -0.001730946940369904 0.005220519378781319
vt 3.4033920764923096 1.5707963705062866
vt -0.008737114258110523 -0.028674587607383728
vt 4.188790321350098 -4.336808689942018e-19
vt 5.235987663269043 0.2617993950843811
f 106/1878 105/1879 264/1880
f 105/1879 112/1881 264/1880
f 264/1880 112/1881 266/1882
f 112/1881 114/1883 266/1882
f 266/1882 114/1883 267/1884
f 114/1883 125/1885 267/1884
f 267/1884 125/1885 268/1886
f 125/1885 117/1887 268/1886
f 268/1886 117/1887 269/1888
f 117/1887 116/1889 269/1888
f 269/1888 116/1889 270/1890
f 116/1889 115/1891 270/1890
f 270/1890 115/1891 271/1892
f 115/1891 111/1893 271/1892
f 271/1892 111/1893 272/1894
f 111/1893 122/1895 272/1894
f 272/1894 122/1895 273/1896
f 122/1895 129/1897 273/1896
f 273/1896 129/1897 274/1898
f 129/1897 127/1899 274/1898
f 274/1898 127/1899 275/1900
f 127/1899 143/1901 275/1900
f 275/1900 143/1901 276/1902
f 143/1901 152/1903 276/1902
f 276/1902 152/1903 277/1904
f 152/1903 145/1905 277/1904
f 277/1904 145/1905 278/1906
f 145/1905 138/1907 278/1906
f 278/1906 138/1907 279/1908
f 138/1907 137/1909 279/1908
f 279/1908 137/1909 280/1910
f 137/1909 130/1911 280/1910
f 280/1910 130/1911 281/1912
f 130/1911 103/1913 281/1912
f 281/1912 103/1913 258/1914
f 103/1913 102/1915 258/1914
f 258/1914 102/1915 259/1916
f 102/1915 107/1917 259/1916
f 259/1916 107/1917 260/1918
f 107/1917 124/1919 260/1918
f 260/1918 124/1919 261/1920
f 124/1919 120/1921 261/1920
f 261/1920 120/1921 262/1922
f 120/1921 119/1923 262/1922
f 262/1922 119/1923 263/1924
f 119/1923 108/1925 263/1924
f 263/1924 108/1925 265/1926
f 108/1925 106/1927 265/1926
f 265/1926 106/1927 264/1928
